<article dtd-version="1.0" article-type="research-article">
   <front>
      <journal-meta>
         <journal-id xmlns:xlink="http://www.w3.org/1999/xlink" journal-id-type="jstor">popularmusic</journal-id>
         <journal-id xmlns:xlink="http://www.w3.org/1999/xlink" journal-id-type="jstor">j100590</journal-id>
         <journal-title-group xmlns:xlink="http://www.w3.org/1999/xlink">
            <journal-title>Popular Music</journal-title>
         </journal-title-group>
         <publisher>
            <publisher-name>Cambridge University Press</publisher-name>
         </publisher>
         <issn xmlns:xlink="http://www.w3.org/1999/xlink" pub-type="ppub">02611430</issn>
         <issn xmlns:xlink="http://www.w3.org/1999/xlink" pub-type="epub">14740095</issn>
      </journal-meta>
      <article-meta>
         <article-id xmlns:xlink="http://www.w3.org/1999/xlink" pub-id-type="jstor">23359911</article-id>
         <title-group>
            <article-title>On the interaction of alliteration with rhythm and metre in popular music</article-title>
         </title-group>
         <contrib-group>
            <contrib>
               <string-name xmlns:xlink="http://www.w3.org/1999/xlink">
                  <given-names>KEITH</given-names>
                  <surname>SALLEY</surname>
               </string-name>
            </contrib>
         </contrib-group>
         <pub-date xmlns:xlink="http://www.w3.org/1999/xlink">
            <day>1</day>
            <month>10</month>
            <year>2011</year>
         </pub-date>
         <volume>30</volume>
         <issue>3</issue>
         <issue-id xmlns:xlink="http://www.w3.org/1999/xlink">i23359902</issue-id>
         <fpage>409</fpage>
         <lpage>432</lpage>
         <permissions>
            <copyright-statement>© Cambridge University Press 2011</copyright-statement>
         </permissions>
         <self-uri xmlns:xlink="http://www.w3.org/1999/xlink"
                   xlink:role="external-fulltext-any"
                   xlink:title="an external site"
                   xlink:href="http://dx.doi.org/10.1017/S0261143011000225"/>
         <abstract>
            <p>A number of scholars have written on characteristics of vocal melody in popular music, but little attention has been paid at the level of phonetic detail. This study argues that the phonetic structure of a melody can contribute in important ways to a song's reception and success, given the ways that listeners react and respond to vocalised melody. This article discusses different ways in which stressed syllables in familiar pop songs alliterate, and it investigates the way these patterns interact rhythmically with metre.</p>
         </abstract>
         <custom-meta-group xmlns:xlink="http://www.w3.org/1999/xlink">
            <custom-meta>
               <meta-name>lang</meta-name>
               <meta-value>eng</meta-value>
            </custom-meta>
         </custom-meta-group>
      </article-meta>
   </front>
   <back>
      <ref-list>
         <title>Endnotes</title>
         <ref id="d8790e299a1310">
            <label>1</label>
            <mixed-citation id="d8790e306" publication-type="other">
Bowden (2001)</mixed-citation>
         </ref>
         <ref id="d8790e313a1310">
            <label>2</label>
            <mixed-citation id="d8790e320" publication-type="other">
Anderson (1981)</mixed-citation>
            <mixed-citation id="d8790e326" publication-type="other">
Negus (2008, pp. 153-4).</mixed-citation>
         </ref>
         <ref id="d8790e333a1310">
            <label>3</label>
            <mixed-citation id="d8790e340" publication-type="other">
Griffiths (2003)</mixed-citation>
         </ref>
         <ref id="d8790e347a1310">
            <label>4</label>
            <mixed-citation id="d8790e356" publication-type="other">
Leech
1969, p. 91</mixed-citation>
            <mixed-citation id="d8790e365" publication-type="other">
Fabb 1999, p. 228</mixed-citation>
            <mixed-citation id="d8790e372" publication-type="other">
Minkova 2003</mixed-citation>
         </ref>
         <ref id="d8790e380a1310">
            <label>5</label>
            <mixed-citation id="d8790e387" publication-type="other">
Preminger and Brogan (1993, p. 36)</mixed-citation>
         </ref>
         <ref id="d8790e394a1310">
            <label>8</label>
            <mixed-citation id="d8790e401" publication-type="other">
Griffiths (1990, p. 262)</mixed-citation>
         </ref>
         <ref id="d8790e408a1310">
            <label>10</label>
            <mixed-citation id="d8790e415" publication-type="other">
Lester (1986, pp. 13^4)</mixed-citation>
            <mixed-citation id="d8790e421" publication-type="other">
Waters
(1996)</mixed-citation>
         </ref>
         <ref id="d8790e431a1310">
            <label>12</label>
            <mixed-citation id="d8790e438" publication-type="other">
Manfred Mann's Earth Band in
Springsteen (1998)</mixed-citation>
         </ref>
         <ref id="d8790e448a1310">
            <label>13</label>
            <mixed-citation id="d8790e455" publication-type="other">
Malof (1978)</mixed-citation>
            <mixed-citation id="d8790e461" publication-type="other">
Adams (1997).</mixed-citation>
         </ref>
         <ref id="d8790e468a1310">
            <label>14</label>
            <mixed-citation id="d8790e475" publication-type="other">
Burke (1974, pp. 369-71)</mixed-citation>
         </ref>
         <ref id="d8790e483a1310">
            <label>15</label>
            <mixed-citation id="d8790e490" publication-type="other">
Adams (1997, pp. 33-4)</mixed-citation>
            <mixed-citation id="d8790e496" publication-type="other">
McMahon
(2007, pp. 109-11)</mixed-citation>
         </ref>
         <ref id="d8790e506a1310">
            <label>16</label>
            <mixed-citation id="d8790e513" publication-type="other">
Mann (1968)</mixed-citation>
            <mixed-citation id="d8790e519" publication-type="other">
Bob
Dylan 1970,1985</mixed-citation>
         </ref>
         <ref id="d8790e529a1310">
            <label>19</label>
            <mixed-citation id="d8790e536" publication-type="other">
Burke (1974)</mixed-citation>
         </ref>
         <ref id="d8790e543a1310">
            <label>23</label>
            <mixed-citation id="d8790e550" publication-type="other">
Minkova (2003,
pp. 135-43)</mixed-citation>
         </ref>
         <ref id="d8790e560a1310">
            <label>24</label>
            <mixed-citation id="d8790e567" publication-type="other">
Bob Seger (1972)</mixed-citation>
            <mixed-citation id="d8790e573" publication-type="other">
Seger (1976).</mixed-citation>
         </ref>
         <ref id="d8790e580a1310">
            <label>25</label>
            <mixed-citation id="d8790e587" publication-type="other">
Bob Dylan 1964</mixed-citation>
         </ref>
         <ref id="d8790e595a1310">
            <label>26</label>
            <mixed-citation id="d8790e602" publication-type="other">
Ladefoged (2001, pp. 53-4).</mixed-citation>
         </ref>
         <ref id="d8790e609a1310">
            <label>28</label>
            <mixed-citation id="d8790e616" publication-type="other">
Attridge (1985, p. 72).</mixed-citation>
         </ref>
         <ref id="d8790e623a1310">
            <label>29</label>
            <mixed-citation id="d8790e630" publication-type="other">
Christgau (1968)</mixed-citation>
            <mixed-citation id="d8790e636" publication-type="other">
Cooper (1991).</mixed-citation>
            <mixed-citation id="d8790e642" publication-type="other">
Frith
(1988, pp. 105-7)</mixed-citation>
            <mixed-citation id="d8790e652" publication-type="other">
Rubin (1995)</mixed-citation>
            <mixed-citation id="d8790e658" publication-type="other">
Fabb (1999)</mixed-citation>
            <mixed-citation id="d8790e664" publication-type="other">
Pilkington (2000,
pp. 138-40)</mixed-citation>
            <mixed-citation id="d8790e673" publication-type="other">
Minkova (2003, pp. 83ff.)</mixed-citation>
            <mixed-citation id="d8790e679" publication-type="other">
Lea et al.
(2008)</mixed-citation>
            <mixed-citation id="d8790e688" publication-type="other">
Levitin (2009, pp. 161ff.).</mixed-citation>
         </ref>
         <ref id="d8790e695a1310">
            <label>31</label>
            <mixed-citation id="d8790e704" publication-type="other">
Lilliestam (1996)</mixed-citation>
            <mixed-citation id="d8790e710" publication-type="other">
Turner (1976, p. 44)</mixed-citation>
            <mixed-citation id="d8790e717" publication-type="other">
Martin (1983, p. 70)</mixed-citation>
            <mixed-citation id="d8790e723" publication-type="other">
Santoro (1986,
p. 58).</mixed-citation>
            <mixed-citation id="d8790e732" publication-type="other">
Everett and Covach (2004)</mixed-citation>
            <mixed-citation id="d8790e738" publication-type="other">
Biamonte (2010)</mixed-citation>
            <mixed-citation id="d8790e744" publication-type="other">
Moore (2001, pp. 59-60
also 83-8).</mixed-citation>
            <mixed-citation id="d8790e753" publication-type="other">
Zollo (2003).</mixed-citation>
         </ref>
      </ref-list>
      <ref-list>
         <title>References</title>
         <ref id="d8790e769a1310">
            <mixed-citation id="d8790e773" publication-type="other">
Adams, S. 1997. Poetic Designs: An Introduction to Meters, Verse Forms, and Figures of Speech (Peterborough, ON,
Broadview Press)</mixed-citation>
         </ref>
         <ref id="d8790e783a1310">
            <mixed-citation id="d8790e787" publication-type="other">
Anderson, D. 1981. The Hollow Horn: Bob Dylan's Reception in the United States and Germany (Munich, Hobo Press)</mixed-citation>
         </ref>
         <ref id="d8790e794a1310">
            <mixed-citation id="d8790e798" publication-type="other">
Attridge, D. 1995. Poetic Meter: An Introduction (Cambridge, Cambridge University Press)</mixed-citation>
         </ref>
         <ref id="d8790e805a1310">
            <mixed-citation id="d8790e809" publication-type="other">
Barthes, R. 1977. 'The grain of the voice', in Image-Music-Text, trans. Stephen Heath (New York, Hill and
Wang), pp. 179-89</mixed-citation>
         </ref>
         <ref id="d8790e820a1310">
            <mixed-citation id="d8790e824" publication-type="other">
Bauer, W.R. 2001-2002. 'Scat singing: a timbrai phonemic analysis', Current Musicology, 71-3, pp. 303-3</mixed-citation>
         </ref>
         <ref id="d8790e831a1310">
            <mixed-citation id="d8790e835" publication-type="other">
Bayley, A. 2009. Recorded Music: Performance, Culture, and Technology (Cambridge, Cambridge University Press)</mixed-citation>
         </ref>
         <ref id="d8790e842a1310">
            <mixed-citation id="d8790e846" publication-type="other">
Berger, H.M. 1999. 'Death metal tonality and the art of listening', Popular Music, 18/2, pp. 161-78</mixed-citation>
         </ref>
         <ref id="d8790e853a1310">
            <mixed-citation id="d8790e857" publication-type="other">
Biamonte, N. 2010. 'Triadic modal and pentatonic patterns in rock music', Music Theory Spectrum, 32/2</mixed-citation>
         </ref>
         <ref id="d8790e864a1310">
            <mixed-citation id="d8790e868" publication-type="other">
Bowden, B. 2001. Performed Literature: Words and Music by Bob Dylan (Lanham, University Press of America)</mixed-citation>
         </ref>
         <ref id="d8790e875a1310">
            <mixed-citation id="d8790e879" publication-type="other">
Burke, K. 1974. The Philosophy of Literan/ Form, 3rd edn (Berkeley, University of California Press)</mixed-citation>
         </ref>
         <ref id="d8790e887a1310">
            <mixed-citation id="d8790e891" publication-type="other">
Carlson, R„ Friberg, A., Fryden, L., Granstrôm, B., and Sundberg, J. 1989. 'Speech and music performance: par-
allels and contrasts', Contemporary Music Revieiu, 4/4, pp. 391-404</mixed-citation>
         </ref>
         <ref id="d8790e901a1310">
            <mixed-citation id="d8790e905" publication-type="other">
Christgau, R. 1968. Rock Lyrics Arc Poetry (Maybe), http://www.robertchristgau.com/xg/music/lyrics-che.php
(accessed 4 April 2010)</mixed-citation>
         </ref>
         <ref id="d8790e915a1310">
            <mixed-citation id="d8790e919" publication-type="other">
Clarke, E. 1989. 'Issues in language and music', Contemporary Music Review, 4, pp. 9-22</mixed-citation>
         </ref>
         <ref id="d8790e926a1310">
            <mixed-citation id="d8790e930" publication-type="other">
Cooper, B.L. 1991. Popular Music Perspectives: Ideas, Themes, and Patterns in Contemporary Lyrics (Bowling
Green, Bowling Green State University Press)</mixed-citation>
         </ref>
         <ref id="d8790e940a1310">
            <mixed-citation id="d8790e944" publication-type="other">
Cooper, G., and Meyer, L. 1960. The Rhythmic Structure of Music (Chicago, University of Chicago Press)</mixed-citation>
         </ref>
         <ref id="d8790e951a1310">
            <mixed-citation id="d8790e955" publication-type="other">
Dylan, B. 2004. Chronicles: Volume One (New York, Simon and Schuster)</mixed-citation>
         </ref>
         <ref id="d8790e963a1310">
            <mixed-citation id="d8790e967" publication-type="other">
Everett, W. 1997. 'Swallowed by a song: Paul Simon's crisis of chromaticism', in Understanding Rock, ed.
J. Covach and G. Boone (Oxford, Oxford University Press), pp. 113-54</mixed-citation>
         </ref>
         <ref id="d8790e977a1310">
            <mixed-citation id="d8790e981" publication-type="other">
Everett, W., and Covach, J. 2004. 'Hand jive and ear prudence', Paper presented at the Annual Meeting of the
Society for American Music, Cleveland, OH</mixed-citation>
         </ref>
         <ref id="d8790e991a1310">
            <mixed-citation id="d8790e995" publication-type="other">
Fabb, N. 1999. 'Verse constituency and the locality of alliteration', Lingua, 108, pp. 223-45</mixed-citation>
         </ref>
         <ref id="d8790e1002a1310">
            <mixed-citation id="d8790e1006" publication-type="other">
Fabb, N. 2002. Language and Literary Structure (Cambridge, Cambridge University Press)</mixed-citation>
         </ref>
         <ref id="d8790e1013a1310">
            <mixed-citation id="d8790e1017" publication-type="other">
Fanany, R. 2008. 'The musicality of language: an application of musical analysis to speech and writing', Journal
of Music and Meaning, 7. http://musicandmeaning.net/</mixed-citation>
         </ref>
         <ref id="d8790e1027a1310">
            <mixed-citation id="d8790e1031" publication-type="other">
Fitch, W.T., and Rosenfeld, A.J. 2007. 'Perception and production of syncopated rhythms', Caliber, 25, pp. 43-58</mixed-citation>
         </ref>
         <ref id="d8790e1039a1310">
            <mixed-citation id="d8790e1043" publication-type="other">
Frith, S. 1988. Music for Pleasure (London, Routledge)</mixed-citation>
         </ref>
         <ref id="d8790e1050a1310">
            <mixed-citation id="d8790e1054" publication-type="other">
Frith, S. 1995. 'The body electric', Critical Quarterly, 37/2, pp. 1-10</mixed-citation>
         </ref>
         <ref id="d8790e1061a1310">
            <mixed-citation id="d8790e1065" publication-type="other">
Frith, S. 1996. Performing Rites: On the Value of Popular Music (Cambridge, MA, Harvard University Press)</mixed-citation>
         </ref>
         <ref id="d8790e1072a1310">
            <mixed-citation id="d8790e1076" publication-type="other">
Gallantucci, B„ Fowler, C.A., and Turvey, M.T. 2006. 'The motor theory of speech perception reviewed',
Psychonomic Bulletin and Review, 13/3, pp. 361-77</mixed-citation>
         </ref>
         <ref id="d8790e1086a1310">
            <mixed-citation id="d8790e1090" publication-type="other">
Gray, M. 2000. Song and Dance Man III: The Art of Bob Dylan (London, Continuum)</mixed-citation>
         </ref>
         <ref id="d8790e1097a1310">
            <mixed-citation id="d8790e1101" publication-type="other">
Griffiths, D. 1990. 'Talking about "License to Kill'", in The Dylan Companion, ed. E. Thompson and D. Gutman
(New York, DaCapo Press), pp. 260-66</mixed-citation>
         </ref>
         <ref id="d8790e1112a1310">
            <mixed-citation id="d8790e1116" publication-type="other">
Griffiths, D. 2003. 'From lyric to anti-lyric: analyzing the words in a pop song', in Analyzing Popular Music, ed.
A.F. Moore (Cambridge, Cambridge University Press), pp. 39-59</mixed-citation>
         </ref>
         <ref id="d8790e1126a1310">
            <mixed-citation id="d8790e1130" publication-type="other">
Griffiths, D. 2005. 'Memorable music, forgettable words? Dilemmas of song in British progressive rock, c. 1972,
Paper presented at Composition and Experiment in British Rock 1966-76, Cremona</mixed-citation>
         </ref>
         <ref id="d8790e1140a1310">
            <mixed-citation id="d8790e1144" publication-type="other">
Halle, J., and Lerdahl, F. 1993. 'A generative text-setting model', Current Musicology, 55, pp. 3-23</mixed-citation>
         </ref>
         <ref id="d8790e1151a1310">
            <mixed-citation id="d8790e1155" publication-type="other">
IPA (International Phonetic Association). 1999. Handbook of the International Association (Cambridge,
Cambridge University Press)</mixed-citation>
         </ref>
         <ref id="d8790e1165a1310">
            <mixed-citation id="d8790e1169" publication-type="other">
Jakobson, R. 1987. 'Linguistics and poetics', in Language in Literature, ed. K. Pomorska and S. Rudy (Cambridge,
MA, Harvard University Press), pp. 145-79</mixed-citation>
         </ref>
         <ref id="d8790e1179a1310">
            <mixed-citation id="d8790e1183" publication-type="other">
Laçasse, S. 2010. 'The phonographic voice: paralinguistic features and phonographic staging in popular music
singing', in Recorded Music: Performance, Culture, and Technology/, ed. A. Bayley (Cambridge, Cambridge
University Press), pp. 225-51</mixed-citation>
         </ref>
         <ref id="d8790e1197a1310">
            <mixed-citation id="d8790e1201" publication-type="other">
Ladefoged, P. 2001. Votvels and Consonants (Oxford, Blackwell)</mixed-citation>
         </ref>
         <ref id="d8790e1208a1310">
            <mixed-citation id="d8790e1212" publication-type="other">
Ladefoged, P., and Maddieson, I. 1996. The Sounds of the World's Languages (Oxford, Blackwell)</mixed-citation>
         </ref>
         <ref id="d8790e1219a1310">
            <mixed-citation id="d8790e1223" publication-type="other">
Lea, R.B., Rapp, D.N., Elfenbein, A., Mitchell, A.D., and Romine, R.S. 2008. 'Sweet silent thought: alliteration
and resonance in poetry comprehension', Psychological Science, 19, pp. 709-16</mixed-citation>
         </ref>
         <ref id="d8790e1233a1310">
            <mixed-citation id="d8790e1237" publication-type="other">
Leech, G.N. 1969. A Linguistic Guide to English Poetry (London, Longman)</mixed-citation>
         </ref>
         <ref id="d8790e1244a1310">
            <mixed-citation id="d8790e1248" publication-type="other">
Lerdhal, F., and Jackendoff, R. 1983. A Generative Theory of Tonal Music (Cambridge, MA, MIT Press)</mixed-citation>
         </ref>
         <ref id="d8790e1255a1310">
            <mixed-citation id="d8790e1259" publication-type="other">
Lester, }. 1986. The Rhythms of Tonal Music (Carbondale and Edwardsville, Southern Illinois Press)</mixed-citation>
         </ref>
         <ref id="d8790e1267a1310">
            <mixed-citation id="d8790e1271" publication-type="other">
Levitin, D.J. 2009. The World in Six Songs: How the Musical Brain Created Human Nature (London, Penguin Books)</mixed-citation>
         </ref>
         <ref id="d8790e1278a1310">
            <mixed-citation id="d8790e1282" publication-type="other">
Lilliestam, L. 1996. 'On playing by ear', Popular Music, 15/2, pp. 195-216</mixed-citation>
         </ref>
         <ref id="d8790e1289a1310">
            <mixed-citation id="d8790e1293" publication-type="other">
Malof, Joseph 1978. A Manual of English Meters (Westport, CT, Greenwood Publishing Group)</mixed-citation>
         </ref>
         <ref id="d8790e1300a1310">
            <mixed-citation id="d8790e1304" publication-type="other">
Martin, George 1983. Making Music: The Guide to Writing, Performing and Recording (London, Quill)</mixed-citation>
         </ref>
         <ref id="d8790e1311a1310">
            <mixed-citation id="d8790e1315" publication-type="other">
McMahon, B. 2007. 'The effects of sound patterning in poetry: a cognitive pragmatic approach', Journal of
Literary Semantics, 6/2, pp. 03-20</mixed-citation>
         </ref>
         <ref id="d8790e1325a1310">
            <mixed-citation id="d8790e1329" publication-type="other">
Middleton, R. 1990. Studying Popular Music (Milton Keynes, Open University Press)</mixed-citation>
         </ref>
         <ref id="d8790e1337a1310">
            <mixed-citation id="d8790e1341" publication-type="other">
Middleton, R. 2000. 'Rock singing", in The Cambridge Companion to Singing, ed. J. Potter (Cambridge, Cambridge
University Press), pp. 28-41</mixed-citation>
         </ref>
         <ref id="d8790e1351a1310">
            <mixed-citation id="d8790e1355" publication-type="other">
Minkova, D. 2003. Alliteration and Sound Change in Early English (Cambridge, Cambridge University Press)</mixed-citation>
         </ref>
         <ref id="d8790e1362a1310">
            <mixed-citation id="d8790e1366" publication-type="other">
Moore, A. 2001. Rock: The Primary Text, Developing a Musicology of Rock, 2nd edn (Aldershot, Ashgate)</mixed-citation>
         </ref>
         <ref id="d8790e1373a1310">
            <mixed-citation id="d8790e1377" publication-type="other">
Negus, K. 2007. 'Living, breathing songs: singing along with Bob Dylan', Oral Tradition, 22, pp. 71-83</mixed-citation>
         </ref>
         <ref id="d8790e1384a1310">
            <mixed-citation id="d8790e1388" publication-type="other">
Negus, K. 2008. Bob Dylan (Bloomington and Indianapolis, Indiana University Press)</mixed-citation>
         </ref>
         <ref id="d8790e1395a1310">
            <mixed-citation id="d8790e1399" publication-type="other">
Pilkington, A. 2000. Poetic Effects (Amsterdam, John Benjamins Publishing)</mixed-citation>
         </ref>
         <ref id="d8790e1407a1310">
            <mixed-citation id="d8790e1411" publication-type="other">
Preminger A., and Brogan T.V.F. (eds). 1993. The Neiv Princeton Encyclopedia of Poetry and Poetics (Princepton,
Princeton University Press)</mixed-citation>
         </ref>
         <ref id="d8790e1421a1310">
            <mixed-citation id="d8790e1425" publication-type="other">
Rosenblum, M. 1992. 'Vocal music: phonetics, phonology, and musical structure', PhD dissertation (Princeton,
Princeton University)</mixed-citation>
         </ref>
         <ref id="d8790e1435a1310">
            <mixed-citation id="d8790e1439" publication-type="other">
Rubin, D.C. 1995. Memory in Oral Traditions: The Cognitive Psychology of Epic, Ballads, and Counting-out Rhymes
(Oxford, Oxford University Press)</mixed-citation>
         </ref>
         <ref id="d8790e1449a1310">
            <mixed-citation id="d8790e1453" publication-type="other">
Santoro, G. 1986. 'The interview: Keith Richards the Mojo Man rocks out', Guitar World, March, pp. 30-80</mixed-citation>
         </ref>
         <ref id="d8790e1460a1310">
            <mixed-citation id="d8790e1464" publication-type="other">
Salmon, P. 1958. 'Anomalous alliteration in Germanic verse', Review of English Studies, 10, pp. 109-12</mixed-citation>
         </ref>
         <ref id="d8790e1471a1310">
            <mixed-citation id="d8790e1475" publication-type="other">
Saussure, F. de. 1966. Course in General Linguistics, ed. C. Bally and A. Sechehaye, trans. W. Baskin (New York,
McGraw-Hill)</mixed-citation>
         </ref>
         <ref id="d8790e1486a1310">
            <mixed-citation id="d8790e1490" publication-type="other">
Springsteen, B. 1998. Bruce Springsteen: VH1 -Storytellers (Sony, video, 53492)</mixed-citation>
         </ref>
         <ref id="d8790e1497a1310">
            <mixed-citation id="d8790e1501" publication-type="other">
Stefani, G. 1987. 'Melody: a popular perspective', Popular Music, 6, pp. 21-35</mixed-citation>
         </ref>
         <ref id="d8790e1508a1310">
            <mixed-citation id="d8790e1512" publication-type="other">
Temperley, D. 1999. 'Syncopation in rock: a perceptual perspective', Popular Music, 18, pp. 19-40</mixed-citation>
         </ref>
         <ref id="d8790e1519a1310">
            <mixed-citation id="d8790e1523" publication-type="other">
Traugott, E.C., and Pratt, M.L. 1980. Linguistics for Students of Literature (London, Harcourt Brace Jovanovich)
Turner, Steve 1976. Conversations with Eric Clapton (London, Abacus Books)</mixed-citation>
         </ref>
         <ref id="d8790e1533a1310">
            <mixed-citation id="d8790e1537" publication-type="other">
Waters, K. 1996. 'Blurring the barline: metric displacement in the piano solos of Herbie Hancock', Annual Review
of Jazz Studies, 8, pp. 19-37</mixed-citation>
         </ref>
         <ref id="d8790e1547a1310">
            <mixed-citation id="d8790e1551" publication-type="other">
Zak, A. 2001. The Poetics of Rock: Cutting Tracks, Making Records (Los Angeles, University of California Press)</mixed-citation>
         </ref>
         <ref id="d8790e1559a1310">
            <mixed-citation id="d8790e1563" publication-type="other">
Zollo, P. 2003. Songwriters on Songwriting: Revised and Expanded, 4th edn (New York, De Capo Press)</mixed-citation>
         </ref>
      </ref-list>
      <ref-list>
         <title>Discography</title>
         <ref id="d8790e1579a1310">
            <mixed-citation id="d8790e1583" publication-type="other">
Aerosmith, 'Walk this way", Toys in the Attic. Columbia Records, JCQ-33479. 1975</mixed-citation>
         </ref>
         <ref id="d8790e1590a1310">
            <mixed-citation id="d8790e1594" publication-type="other">
The Beatles, 'Help', Help. Capitol Records, Cl-90454. 1965</mixed-citation>
         </ref>
         <ref id="d8790e1601a1310">
            <mixed-citation id="d8790e1605" publication-type="other">
The Beatles, 'Nowhere man', Rubber Soul. Parlophone Records, 1041151. 1965</mixed-citation>
         </ref>
         <ref id="d8790e1612a1310">
            <mixed-citation id="d8790e1616" publication-type="other">
The Beatles, 'I am the walrus', Magical Mystery Tour. Parlophone Records, 48062. 1967</mixed-citation>
         </ref>
         <ref id="d8790e1624a1310">
            <mixed-citation id="d8790e1628" publication-type="other">
The Beatles, 'Lovely Rita', Sgt. Pepper's Lonely Hearts Club Band. Parlophone Records, 46442. 1967</mixed-citation>
         </ref>
         <ref id="d8790e1635a1310">
            <mixed-citation id="d8790e1639" publication-type="other">
The Beatles, 'She's so heavy', Abbey Road. Capitol Records, CPT 464462. 1969</mixed-citation>
         </ref>
         <ref id="d8790e1646a1310">
            <mixed-citation id="d8790e1650" publication-type="other">
Bob Dylan, 'It ain't me babe', Another Side of Bob Dylan. Columbia Records, C-2193. 1964</mixed-citation>
         </ref>
         <ref id="d8790e1657a1310">
            <mixed-citation id="d8790e1661" publication-type="other">
Bob Dylan, 'To Ramona', Another Side of Bob Dylan. Columbia Records, C-2193. 1964</mixed-citation>
         </ref>
         <ref id="d8790e1668a1310">
            <mixed-citation id="d8790e1672" publication-type="other">
Bob Dylan, 'Mr tambourine man', Bringing it All Back Home. Columbia Records, CS-9128. 1965</mixed-citation>
         </ref>
         <ref id="d8790e1679a1310">
            <mixed-citation id="d8790e1683" publication-type="other">
Bob Dylan, 'The mighty Quinn (Quinn the Eskimo)', Self Portrait. Columbia Records, C2X 30050. 1970</mixed-citation>
         </ref>
         <ref id="d8790e1691a1310">
            <mixed-citation id="d8790e1695" publication-type="other">
Bob Dylan, 'The mighty Quinn (Quinn the Eskimo)', Biograph. Columbia Records, C3K 38830. 1985</mixed-citation>
         </ref>
         <ref id="d8790e1702a1310">
            <mixed-citation id="d8790e1706" publication-type="other">
Bob Seger, 'Turn the page', Back in '72. Reprise Records, 2126. 1973</mixed-citation>
         </ref>
         <ref id="d8790e1713a1310">
            <mixed-citation id="d8790e1717" publication-type="other">
Bob Seger and the Silver Bullet Band, 'Turn the page', Live Bullet. Capitol Records, STBK-11523. 1976</mixed-citation>
         </ref>
         <ref id="d8790e1724a1310">
            <mixed-citation id="d8790e1728" publication-type="other">
Bruce Springsteen, 'Blinded by the light', Greeting From Asbury Park, NJ. Columbia Records, 31903. 1973</mixed-citation>
         </ref>
         <ref id="d8790e1735a1310">
            <mixed-citation id="d8790e1739" publication-type="other">
Don McClean, 'American pie', American Pie. EMI America, E4-46555. 1971</mixed-citation>
         </ref>
         <ref id="d8790e1746a1310">
            <mixed-citation id="d8790e1750" publication-type="other">
The Eagles, 'Life in the fast lane', Hotel California. Asylum Records, 1084. 1976</mixed-citation>
         </ref>
         <ref id="d8790e1758a1310">
            <mixed-citation id="d8790e1762" publication-type="other">
Elton John, 'Goodbye yellow brick road', Goodbye Yellow Brick Road. MCA Records, 10003. 1973</mixed-citation>
         </ref>
         <ref id="d8790e1769a1310">
            <mixed-citation id="d8790e1773" publication-type="other">
Elton John, 'I don't wanna go on with you like that', Reg Strikes Back. MCA Records, MCAC-6240. 1988</mixed-citation>
         </ref>
         <ref id="d8790e1780a1310">
            <mixed-citation id="d8790e1784" publication-type="other">
Manfred Mann, 'Mighty Quinn', Mighty Garvey. Fontana Records, 5470. 1968</mixed-citation>
         </ref>
         <ref id="d8790e1791a1310">
            <mixed-citation id="d8790e1795" publication-type="other">
Manfred Mann's Earth Band, 'Blinded by the light', The Roaring Silence. Warner Bros. Records, 3055. 1976</mixed-citation>
         </ref>
         <ref id="d8790e1802a1310">
            <mixed-citation id="d8790e1806" publication-type="other">
Pink Floyd, 'Time', The Dark Side of the Moon. Harvest Records, 11163. 1973</mixed-citation>
         </ref>
         <ref id="d8790e1813a1310">
            <mixed-citation id="d8790e1817" publication-type="other">
Steely Dan, 'Peg', Aja. ABC Records, 1006. 1977</mixed-citation>
         </ref>
         <ref id="d8790e1825a1310">
            <mixed-citation id="d8790e1829" publication-type="other">
Tom Petty and the Heartbreakers, 'Jammin' me', Let Me Up (I've Had Enough). MCA Records, MCAD-5836.
1987</mixed-citation>
         </ref>
      </ref-list>
   </back>
</article>
