<article xmlns:xsi="http://www.w3.org/2001/XMLSchema-instance"
         xmlns:xlink="http://www.w3.org/1999/xlink"
         xmlns:mml="http://www.w3.org/1998/Math/MathML"
         dtd-version="1.0"
         article-type="research-article">
   <front>
      <journal-meta>
         <journal-id journal-id-type="jstor">popularmusic</journal-id>
         <journal-id journal-id-type="jstor">j100590</journal-id>
         <journal-title-group>
            <journal-title>Popular Music</journal-title>
         </journal-title-group>
         <publisher>
            <publisher-name>Cambridge University Press</publisher-name>
         </publisher>
         <issn pub-type="ppub">02611430</issn>
         <issn pub-type="epub">14740095</issn>
      </journal-meta>
      <article-meta>
         <article-id pub-id-type="jstor">3877506</article-id>
         <title-group>
            <article-title>Anti-Orpheus: Narrating the Dream Brother</article-title>
         </title-group>
         <contrib-group>
            <contrib contrib-type="author">
               <string-name>
                  <given-names>Oliver</given-names>
                  <surname>Lovesey</surname>
               </string-name>
            </contrib>
         </contrib-group>
         <pub-date>
            <day>1</day>
            <month>10</month>
            <year>2004</year>
         </pub-date>
         <volume>23</volume>
         <issue>3</issue>
         <issue-id>i371785</issue-id>
         <fpage>331</fpage>
         <lpage>348</lpage>
         <page-range>331-348</page-range>
         <permissions>
            <copyright-statement>Copyright 2004 Cambridge University Press</copyright-statement>
         </permissions>
         <self-uri xlink:href="http://www.jstor.org/stable/3877506"/>
         <abstract>
            <p>Jeff Buckley seemingly resisted entrapment by the 'Oedipal' myths of family, corporate rock, and the cult of dead celebrities, as well as the branding of his image and identity, but his rebellious, self-mythologising anti-narrative simulated the phantom narrative he opposed. In a postmodern context, Buckley's impossible search for absolute artistic authenticity, integrity and originality, given his ambivalence about his ethereal voice - the signature of his father -found expression in hybridised ambiance, modernist collage, and postmodern pastiche.</p>
         </abstract>
         <custom-meta-group>
            <custom-meta>
               <meta-name>lang</meta-name>
               <meta-value>eng</meta-value>
            </custom-meta>
         </custom-meta-group>
      </article-meta>
   </front>
   <back>
      <ref-list>
         <title>Endnotes</title>
         <ref id="d9955e149a1310">
            <label>1</label>
            <mixed-citation id="d9955e156" publication-type="other">
Reynolds and Press 1995, pp. 2-18</mixed-citation>
         </ref>
         <ref id="d9955e163a1310">
            <label>2</label>
            <mixed-citation id="d9955e170" publication-type="other">
Baudrillard 1993,
pp. 83, 102</mixed-citation>
         </ref>
         <ref id="d9955e180a1310">
            <label>3</label>
            <mixed-citation id="d9955e187" publication-type="other">
Elliott 1999, p. 8</mixed-citation>
         </ref>
         <ref id="d9955e194a1310">
            <label>4</label>
            <mixed-citation id="d9955e201" publication-type="other">
Jameson
1991, p. 299</mixed-citation>
         </ref>
         <ref id="d9955e212a1310">
            <label>5</label>
            <mixed-citation id="d9955e221" publication-type="other">
Reynolds and Press 1995, pp. 96-99</mixed-citation>
         </ref>
         <ref id="d9955e228a1310">
            <label>7</label>
            <mixed-citation id="d9955e237" publication-type="other">
Browne 2001, p. 286</mixed-citation>
         </ref>
         <ref id="d9955e244a1310">
            <label>8</label>
            <mixed-citation id="d9955e251" publication-type="other">
Jameson 1991,
p. 17</mixed-citation>
         </ref>
         <ref id="d9955e261a1310">
            <label>9</label>
            <mixed-citation id="d9955e268" publication-type="other">
Hutcheon 1985, p. 72</mixed-citation>
            <mixed-citation id="d9955e274" publication-type="other">
ibid. pp. 72-5</mixed-citation>
            <mixed-citation id="d9955e280" publication-type="other">
Jameson 1991, pp. 17-18</mixed-citation>
            <mixed-citation id="d9955e287" publication-type="other">
Baudrillard 1994, p. 123</mixed-citation>
            <mixed-citation id="d9955e293" publication-type="other">
Baudrillard 1993, p. 95</mixed-citation>
            <mixed-citation id="d9955e299" publication-type="other">
ibid., p. 83</mixed-citation>
         </ref>
         <ref id="d9955e306a1310">
            <label>10</label>
            <mixed-citation id="d9955e313" publication-type="other">
Elliott
1999, pp. 154-78</mixed-citation>
         </ref>
         <ref id="d9955e323a1310">
            <label>11</label>
            <mixed-citation id="d9955e330" publication-type="other">
Barthes 1972</mixed-citation>
         </ref>
         <ref id="d9955e338a1310">
            <label>12</label>
            <mixed-citation id="d9955e345" publication-type="other">
Brite, pp. 121-2</mixed-citation>
         </ref>
         <ref id="d9955e352a1310">
            <label>13</label>
            <mixed-citation id="d9955e359" publication-type="other">
Browne
2001, p. 348</mixed-citation>
            <mixed-citation id="d9955e368" publication-type="other">
Browne 2001, p. 11</mixed-citation>
         </ref>
         <ref id="d9955e375a1310">
            <label>14</label>
            <mixed-citation id="d9955e382" publication-type="other">
Marcus 1995, p. 146</mixed-citation>
         </ref>
      </ref-list>
      <ref-list>
         <title>References and Discography</title>
         <ref id="d9955e398a1310">
            <mixed-citation id="d9955e402" publication-type="book">
Barthes, R. 1972. Mythologies, trans. Annette Lavers (New York)<person-group>
                  <string-name>
                     <surname>Barthes</surname>
                  </string-name>
               </person-group>
               <source>Mythologies</source>
               <year>1972</year>
            </mixed-citation>
         </ref>
         <ref id="d9955e424a1310">
            <mixed-citation id="d9955e428" publication-type="book">
Baudrillard, J. 1993. Baudrillard Live, Selected Interviews, ed. M. Gane (London)<person-group>
                  <string-name>
                     <surname>Baudrillard</surname>
                  </string-name>
               </person-group>
               <source>Baudrillard Live, Selected Interviews</source>
               <year>1993</year>
            </mixed-citation>
            <mixed-citation id="d9955e449" publication-type="book">
1994. Simulacra and Simulation, trans. S.F. Glaser (Ann Arbor)<person-group>
                  <string-name>
                     <surname>Baudrillard</surname>
                  </string-name>
               </person-group>
               <source>Simulacra and Simulation</source>
               <year>1994</year>
            </mixed-citation>
            <mixed-citation id="d9955e470" publication-type="book">
1998. Paroxysm, Interviews with Philippe Petit, trans. C. Turner (London)<person-group>
                  <string-name>
                     <surname>Baudrillard</surname>
                  </string-name>
               </person-group>
               <source>Paroxysm, Interviews with Philippe Petit</source>
               <year>1998</year>
            </mixed-citation>
            <mixed-citation id="d9955e491" publication-type="book">
2000. The Vital Illusion, ed. J. Witwer (New York)<person-group>
                  <string-name>
                     <surname>Baudrillard</surname>
                  </string-name>
               </person-group>
               <source>The Vital Illusion</source>
               <year>2000</year>
            </mixed-citation>
         </ref>
         <ref id="d9955e513a1310">
            <mixed-citation id="d9955e517" publication-type="other">
'The Best of 2002'. 2003. Uncut, Take 68, January, pp. 8-9</mixed-citation>
         </ref>
         <ref id="d9955e524a1310">
            <mixed-citation id="d9955e528" publication-type="book">
Born, G. 1993. 'Afterword: music policy, aesthetic and social difference,' in Rock and Popular Music: Politics,
Policies, Institutions, ed. T. Bennett, S. Frith, L. Grossberg, J. Shepherd and G. Turner (London)<person-group>
                  <string-name>
                     <surname>Born</surname>
                  </string-name>
               </person-group>
               <comment content-type="section">Afterword: music policy, aesthetic and social difference</comment>
               <source>Rock and Popular Music: Politics, Policies, Institutions</source>
               <year>1993</year>
            </mixed-citation>
         </ref>
         <ref id="d9955e558a1310">
            <mixed-citation id="d9955e562" publication-type="book">
Brite, P. Z. 1997. Courtney Love: The Real Story (New York)<person-group>
                  <string-name>
                     <surname>Brite</surname>
                  </string-name>
               </person-group>
               <source>Courtney Love: The Real Story</source>
               <year>1997</year>
            </mixed-citation>
         </ref>
         <ref id="d9955e584a1310">
            <mixed-citation id="d9955e588" publication-type="book">
Browne, D. 2001. Dream Brother: The Lives &amp; Music of Jeff and Tim Buckley (New York)<person-group>
                  <string-name>
                     <surname>Browne</surname>
                  </string-name>
               </person-group>
               <source>Dream Brother: The Lives &amp; Music of Jeff and Tim Buckley</source>
               <year>2001</year>
            </mixed-citation>
         </ref>
         <ref id="d9955e610a1310">
            <mixed-citation id="d9955e614" publication-type="book">
Buckley, J. 1994. Grace. Columbia<person-group>
                  <string-name>
                     <surname>Buckley</surname>
                  </string-name>
               </person-group>
               <source>Grace</source>
               <year>1994</year>
            </mixed-citation>
            <mixed-citation id="d9955e635" publication-type="book">
1994. Live at Sin-é. Big Cat<person-group>
                  <string-name>
                     <surname>Buckley</surname>
                  </string-name>
               </person-group>
               <source>Live at Sin-é</source>
               <year>1994</year>
            </mixed-citation>
            <mixed-citation id="d9955e656" publication-type="book">
1994, 1995. Last Goodbye. Sony<person-group>
                  <string-name>
                     <surname>Buckley</surname>
                  </string-name>
               </person-group>
               <source>Last Goodbye</source>
               <year>1995</year>
            </mixed-citation>
            <mixed-citation id="d9955e677" publication-type="book">
1995. Live from the Bataclan. Columbia<person-group>
                  <string-name>
                     <surname>Buckley</surname>
                  </string-name>
               </person-group>
               <source>Live from the Bataclan</source>
               <year>1995</year>
            </mixed-citation>
            <mixed-citation id="d9955e699" publication-type="book">
1996. the Grace e.p. Columbia<person-group>
                  <string-name>
                     <surname>Buckley</surname>
                  </string-name>
               </person-group>
               <source>the Grace e.p.</source>
               <year>1996</year>
            </mixed-citation>
            <mixed-citation id="d9955e720" publication-type="book">
1998. Sketches for My Sweetheart The Drunk. Columbia<person-group>
                  <string-name>
                     <surname>Buckley</surname>
                  </string-name>
               </person-group>
               <source>Sketches for My Sweetheart The Drunk</source>
               <year>1998</year>
            </mixed-citation>
            <mixed-citation id="d9955e741" publication-type="book">
2000. Mystery White Boy, Live '95-'96. Columbia<person-group>
                  <string-name>
                     <surname>Buckley</surname>
                  </string-name>
               </person-group>
               <source>Mystery White Boy, Live '95-'96</source>
               <year>2000</year>
            </mixed-citation>
            <mixed-citation id="d9955e762" publication-type="book">
2001. Live a L'Olympia. Sony<person-group>
                  <string-name>
                     <surname>Buckley</surname>
                  </string-name>
               </person-group>
               <source>Live a L'Olympia</source>
               <year>2001</year>
            </mixed-citation>
            <mixed-citation id="d9955e783" publication-type="other">
2002. The Grace Eps. Columbia</mixed-citation>
         </ref>
         <ref id="d9955e790a1310">
            <mixed-citation id="d9955e794" publication-type="book">
Buckley, J., and Lucas, G. 2002. Songs To No One 1991-1992. Knitting Factory/Evolver<person-group>
                  <string-name>
                     <surname>Buckley</surname>
                  </string-name>
               </person-group>
               <source>Songs To No One 1991-1992</source>
               <year>2002</year>
            </mixed-citation>
         </ref>
         <ref id="d9955e816a1310">
            <mixed-citation id="d9955e822" publication-type="journal">
Buckley, T. 1970. 'Even if you can't play him on the guitar ...', The New York Times, 22 November, p. HF 4<person-group>
                  <string-name>
                     <surname>Buckley</surname>
                  </string-name>
               </person-group>
               <issue>22 November</issue>
               <fpage>HF 4</fpage>
               <source>The New York Times</source>
               <year>1970</year>
            </mixed-citation>
            <mixed-citation id="d9955e850" publication-type="book">
1989. Goodbye and Hello. Elektra/Asylum<person-group>
                  <string-name>
                     <surname>Buckley</surname>
                  </string-name>
               </person-group>
               <source>Goodbye and Hello</source>
               <year>1989</year>
            </mixed-citation>
            <mixed-citation id="d9955e871" publication-type="book">
1990. Dream Letter: Live in London 1968. Manifesto<person-group>
                  <string-name>
                     <surname>Buckley</surname>
                  </string-name>
               </person-group>
               <source>Dream Letter: Live in London 1968</source>
               <year>1990</year>
            </mixed-citation>
            <mixed-citation id="d9955e893" publication-type="book">
1999. Once I Was. True North<person-group>
                  <string-name>
                     <surname>Buckley</surname>
                  </string-name>
               </person-group>
               <source>Once I Was</source>
               <year>1999</year>
            </mixed-citation>
         </ref>
         <ref id="d9955e915a1310">
            <mixed-citation id="d9955e919" publication-type="book">
Cale, J. 'Hallelujah', I'm Your Fan: The Songs of Leonard Cohen. Oscar/Menhir<person-group>
                  <string-name>
                     <surname>Cale</surname>
                  </string-name>
               </person-group>
               <comment content-type="section">Hallelujah</comment>
               <source>I'm Your Fan: The Songs of Leonard Cohen</source>
            </mixed-citation>
         </ref>
         <ref id="d9955e942a1310">
            <mixed-citation id="d9955e946" publication-type="book">
Cyr, M. 2002. A Wished-For Song, A Portrait of Jeff Buckley: Photographs and Interviews by Merri Cyr
(Milwaukee)<person-group>
                  <string-name>
                     <surname>Cyr</surname>
                  </string-name>
               </person-group>
               <source>A Wished-For Song, A Portrait of Jeff Buckley: Photographs and Interviews by Merri Cyr</source>
               <year>2002</year>
            </mixed-citation>
         </ref>
         <ref id="d9955e971a1310">
            <mixed-citation id="d9955e975" publication-type="other">
Deleuze, G., and Guattari, F. 1983. Anti-Oedipus: Capitalism and Schizophrenia, trans. R. Hurley, M. Seem and
H.R. Lane (Minneapolis)</mixed-citation>
         </ref>
         <ref id="d9955e985a1310">
            <mixed-citation id="d9955e989" publication-type="book">
Elliott, A. 1999. The Mourning of John Lennon (Berkeley)<person-group>
                  <string-name>
                     <surname>Elliott</surname>
                  </string-name>
               </person-group>
               <source>The Mourning of John Lennon</source>
               <year>1999</year>
            </mixed-citation>
         </ref>
         <ref id="d9955e1011a1310">
            <mixed-citation id="d9955e1015" publication-type="book">
Flanagan, B. 1998. Liner Note. Sketches for My Sweetheart The Drunk. Jeff Buckley. Columbia, pp. 2-5<person-group>
                  <string-name>
                     <surname>Flanagan</surname>
                  </string-name>
               </person-group>
               <comment content-type="section">Liner Note</comment>
               <fpage>2</fpage>
               <source>Sketches for My Sweetheart The Drunk</source>
               <year>1998</year>
            </mixed-citation>
         </ref>
         <ref id="d9955e1044a1310">
            <mixed-citation id="d9955e1048" publication-type="book">
Fowlie, W. 1993. Rimbaud and Jim Morrison: The Rebel as Poet (Durham)<person-group>
                  <string-name>
                     <surname>Fowlie</surname>
                  </string-name>
               </person-group>
               <source>Rimbaud and Jim Morrison: The Rebel as Poet</source>
               <year>1993</year>
            </mixed-citation>
         </ref>
         <ref id="d9955e1070a1310">
            <mixed-citation id="d9955e1074" publication-type="journal">
Guattari, F. 1986. 'The postmodern dead end', Amicus, 128, pp. 40-1<person-group>
                  <string-name>
                     <surname>Guattari</surname>
                  </string-name>
               </person-group>
               <fpage>40</fpage>
               <volume>128</volume>
               <source>Amicus</source>
               <year>1986</year>
            </mixed-citation>
         </ref>
         <ref id="d9955e1104a1310">
            <mixed-citation id="d9955e1108" publication-type="book">
Hajdu, D. 2001. Positively &lt;latex&gt;$4^th$&lt;/latex&gt; Street: The Lives and Times of Joan Baez, Bob Dylan, Mimi Baez &lt;latex&gt;$Fari\tilde{n}a$&lt;/latex&gt;, and Richard
&lt;latex&gt;$Fari\tilde{n}a$&lt;/latex&gt; (New York)<person-group>
                  <string-name>
                     <surname>Hajdu</surname>
                  </string-name>
               </person-group>
               <source>Positively &lt;latex&gt;$4^th$&lt;/latex&gt; Street: The Lives and Times of Joan Baez, Bob Dylan, Mimi Baez &lt;latex&gt;$Fari\tilde{n}a$&lt;/latex&gt;, and Richard &lt;latex&gt;$Fari\tilde{n}a$&lt;/latex&gt;</source>
               <year>2001</year>
            </mixed-citation>
         </ref>
         <ref id="d9955e1133a1310">
            <mixed-citation id="d9955e1137" publication-type="book">
Hutcheon, L. 1985. A Theory of Parody: The Teaching of Twentieth-Century Art Forms (New York)<person-group>
                  <string-name>
                     <surname>Hutcheon</surname>
                  </string-name>
               </person-group>
               <source>A Theory of Parody: The Teaching of Twentieth-Century Art Forms</source>
               <year>1985</year>
            </mixed-citation>
         </ref>
         <ref id="d9955e1159a1310">
            <mixed-citation id="d9955e1163" publication-type="book">
Jameson, F. 1991. Postmodernism, or, The Cultural Logic of Late Capitalism (Durham)<person-group>
                  <string-name>
                     <surname>Jameson</surname>
                  </string-name>
               </person-group>
               <source>Postmodernism, or, The Cultural Logic of Late Capitalism</source>
               <year>1991</year>
            </mixed-citation>
         </ref>
         <ref id="d9955e1185a1310">
            <mixed-citation id="d9955e1189" publication-type="book">
Lyotard, J.-F. 1984. The Postmodern Condition: A Report on Knowledge, trans. G. Bennington and B. Massumi
(Minnesota)<person-group>
                  <string-name>
                     <surname>Lyotard</surname>
                  </string-name>
               </person-group>
               <source>The Postmodern Condition: A Report on Knowledge</source>
               <year>1984</year>
            </mixed-citation>
         </ref>
         <ref id="d9955e1214a1310">
            <mixed-citation id="d9955e1218" publication-type="book">
Marcus, G. 1995. The Dustbin of History (Cambridge, MA)<person-group>
                  <string-name>
                     <surname>Marcus</surname>
                  </string-name>
               </person-group>
               <source>The Dustbin of History</source>
               <year>1995</year>
            </mixed-citation>
         </ref>
         <ref id="d9955e1240a1310">
            <mixed-citation id="d9955e1244" publication-type="journal">
Morrison, J. 1991. 'The End', The American Night. The Writings of Jim Morrison, vol. 2 (New York),
pp.111-13<person-group>
                  <string-name>
                     <surname>Morrison</surname>
                  </string-name>
               </person-group>
               <fpage>111</fpage>
               <volume>2</volume>
               <source>The American Night. The Writings of Jim Morrison</source>
               <year>1991</year>
            </mixed-citation>
         </ref>
         <ref id="d9955e1277a1310">
            <mixed-citation id="d9955e1281" publication-type="book">
Ovid. 1955. Metamorphoses, trans. M.M. Innes (London)<person-group>
                  <string-name>
                     <surname>Ovid</surname>
                  </string-name>
               </person-group>
               <source>Metamorphoses</source>
               <year>1955</year>
            </mixed-citation>
         </ref>
         <ref id="d9955e1303a1310">
            <mixed-citation id="d9955e1307" publication-type="book">
Reynolds, S., and Press, J. 1995. The Sex Revolts: Gender, Rebellion, and Rock 'n' Roll (Cambridge, MA)<person-group>
                  <string-name>
                     <surname>Reynolds</surname>
                  </string-name>
               </person-group>
               <source>The Sex Revolts: Gender, Rebellion, and Rock 'n' Roll</source>
               <year>1995</year>
            </mixed-citation>
         </ref>
         <ref id="d9955e1329a1310">
            <mixed-citation id="d9955e1333" publication-type="book">
Rilke, R. M. 1993. The Sonnets to Orpheus, trans. S. Michell (Boston)<person-group>
                  <string-name>
                     <surname>Rilke</surname>
                  </string-name>
               </person-group>
               <source>The Sonnets to Orpheus</source>
               <year>1993</year>
            </mixed-citation>
         </ref>
         <ref id="d9955e1355a1310">
            <mixed-citation id="d9955e1359" publication-type="book">
Simone, N. 1995. 'Lilac Wine', After Hours. Verve<person-group>
                  <string-name>
                     <surname>Simone</surname>
                  </string-name>
               </person-group>
               <comment content-type="section">Lilac Wine</comment>
               <source>After Hours</source>
               <year>1995</year>
            </mixed-citation>
         </ref>
         <ref id="d9955e1384a1310">
            <mixed-citation id="d9955e1388" publication-type="book">
Slick, G., with Cagan, A. 1998. Somebody To Love: A Rock-and-Roll Memoir (New York)<person-group>
                  <string-name>
                     <surname>Slick</surname>
                  </string-name>
               </person-group>
               <source>Somebody To Love: A Rock-and-Roll Memoir</source>
               <year>1998</year>
            </mixed-citation>
         </ref>
         <ref id="d9955e1410a1310">
            <mixed-citation id="d9955e1414" publication-type="book">
Sugerman, D. 1989. Wonderland Avenue, Tales of Glamour and Excess (New York)<person-group>
                  <string-name>
                     <surname>Sugerman</surname>
                  </string-name>
               </person-group>
               <source>Wonderland Avenue, Tales of Glamour and Excess</source>
               <year>1989</year>
            </mixed-citation>
         </ref>
         <ref id="d9955e1437a1310">
            <mixed-citation id="d9955e1441" publication-type="journal">
Sweeting, A. 1997. 'The Son Who Soared. Obituary, Jeff Buckley', Guardian Weekly, 15 June, p. 22<person-group>
                  <string-name>
                     <surname>Sweeting</surname>
                  </string-name>
               </person-group>
               <issue>15 June</issue>
               <fpage>22</fpage>
               <source>Guardian Weekly</source>
               <year>1997</year>
            </mixed-citation>
         </ref>
         <ref id="d9955e1470a1310">
            <mixed-citation id="d9955e1474" publication-type="other">
Television. 1977. Marquee Moon. Elektra/Asylum</mixed-citation>
         </ref>
         <ref id="d9955e1481a1310">
            <mixed-citation id="d9955e1485" publication-type="book">
Turner, S. 1999. A Hard Day's Write: The Stories Behind Every Beatles' Song (Dubai)<person-group>
                  <string-name>
                     <surname>Turner</surname>
                  </string-name>
               </person-group>
               <source>A Hard Day's Write: The Stories Behind Every Beatles' Song</source>
               <year>1999</year>
            </mixed-citation>
         </ref>
         <ref id="d9955e1507a1310">
            <mixed-citation id="d9955e1511" publication-type="book">
Underwood, L. 1990. Liner Note. Dream Letter, Live in London 1968. T. Buckley. Manifesto, pp. 1-8<person-group>
                  <string-name>
                     <surname>Underwood</surname>
                  </string-name>
               </person-group>
               <comment content-type="section">Liner Note</comment>
               <fpage>1</fpage>
               <source>Dream Letter, Live in London 1968</source>
               <year>1990</year>
            </mixed-citation>
         </ref>
         <ref id="d9955e1540a1310">
            <mixed-citation id="d9955e1544" publication-type="book">
Virgil. 1990. Eclogues and Georgics of Virgil, trans. D.R. Slavitt (Baltimore)<person-group>
                  <string-name>
                     <surname>Virgil</surname>
                  </string-name>
               </person-group>
               <source>Eclogues and Georgics of Virgil</source>
               <year>1990</year>
            </mixed-citation>
         </ref>
      </ref-list>
   </back>
</article>
