<article xmlns:xsi="http://www.w3.org/2001/XMLSchema-instance"
         xmlns:xlink="http://www.w3.org/1999/xlink"
         xmlns:mml="http://www.w3.org/1998/Math/MathML"
         dtd-version="1.0"
         article-type="research-article">
   <front>
      <journal-meta>
         <journal-id journal-id-type="jstor">popularmusic</journal-id>
         <journal-id journal-id-type="jstor">j100590</journal-id>
         <journal-title-group>
            <journal-title>Popular Music</journal-title>
         </journal-title-group>
         <publisher>
            <publisher-name>Cambridge University Press</publisher-name>
         </publisher>
         <issn pub-type="ppub">02611430</issn>
         <issn pub-type="epub">14740095</issn>
      </journal-meta>
      <article-meta>
         <article-id pub-id-type="jstor">3877644</article-id>
         <title-group>
            <article-title> García Márquez, Macondismo, and the Soundscapes of Vallenato </article-title>
         </title-group>
         <contrib-group>
            <contrib contrib-type="author">
               <string-name>
                  <given-names>Ana María</given-names>
                  <surname>Ochoa</surname>
               </string-name>
            </contrib>
         </contrib-group>
         <pub-date>
            <day>1</day>
            <month>5</month>
            <year>2005</year>
         </pub-date>
         <volume>24</volume>
         <issue>2</issue>
         <issue-id>i371787</issue-id>
         <fpage>207</fpage>
         <lpage>222</lpage>
         <page-range>207-222</page-range>
         <permissions>
            <copyright-statement>Copyright 2005 Cambridge University Press</copyright-statement>
         </permissions>
         <self-uri xlink:href="http://www.jstor.org/stable/3877644"/>
         <abstract>
            <p> This article is about the role of García Márquez and particularly macondismo as an ideology in establishing the canonic validity of vallenato as a folk genre from the Colombian Caribbean. García Marquez' chronicles of the early 1950s are seen as foundational texts on the aesthetics and value of vallenato; texts which influence subsequent writings on the topic. One of the main topics explored is how these texts acquire canonic validity through the success of One Hundred Years of Solitude. It is then that macondismo - the Latin Americanist celebration of magical realism - becomes an interpretive metaphor for Colombia and vallenato music becomes the sonorous emblem of this metaphor. This occurs through García Marquez' writings, his multiple interventions in Colombian vallenato festivals, and the way vallenato is subsequently taken by a journalistic elite of the country as representing a macondian sonorous paradigm. The article explores how these different elements coalesce in constructing a genealogy of aurality for vallenato, setting the parameters of its interpretive significance through multiple processes of folklorisation of the genre. </p>
         </abstract>
         <custom-meta-group>
            <custom-meta>
               <meta-name>lang</meta-name>
               <meta-value>eng</meta-value>
            </custom-meta>
         </custom-meta-group>
      </article-meta>
   </front>
   <back>
      <ref-list>
         <title>Endnotes</title>
         <ref id="d3634e175a1310">
            <label>2</label>
            <mixed-citation id="d3634e182" publication-type="other">
Brunner, José Joaquín</mixed-citation>
         </ref>
         <ref id="d3634e189a1310">
            <label>6</label>
            <mixed-citation id="d3634e196" publication-type="other">
Quiroz Otero 1982</mixed-citation>
            <mixed-citation id="d3634e202" publication-type="other">
Rito Llerena
1985</mixed-citation>
            <mixed-citation id="d3634e211" publication-type="other">
Gilard 1993</mixed-citation>
         </ref>
      </ref-list>
      <ref-list>
         <title>References</title>
         <ref id="d3634e227a1310">
            <mixed-citation id="d3634e231" publication-type="book">
Avelar, I. 1999. The Untimely Present, Postdictatorial Latin American Fiction and the Task of Mourning (Durham
and London, Duke University Press)<person-group>
                  <string-name>
                     <surname>Avelar</surname>
                  </string-name>
               </person-group>
               <source>The Untimely Present, Postdictatorial Latin American Fiction and the Task of Mourning</source>
               <year>1999</year>
            </mixed-citation>
         </ref>
         <ref id="d3634e256a1310">
            <mixed-citation id="d3634e260" publication-type="book">
Bauman, R., and Briggs, C.L. 2003. Voices of Modernity, Language Ideologies and the Politics of Inequality
(Cambridge, Cambridge University Press)<person-group>
                  <string-name>
                     <surname>Bauman</surname>
                  </string-name>
               </person-group>
               <source>Voices of Modernity, Language Ideologies and the Politics of Inequality</source>
               <year>2003</year>
            </mixed-citation>
         </ref>
         <ref id="d3634e285a1310">
            <mixed-citation id="d3634e289" publication-type="journal">
Bermúdez, E. 1996. 'La música popular y campesina en Colombia: 1880-1930', Gaceta, 32-33, pp. 113-20<person-group>
                  <string-name>
                     <surname>Bermúdez</surname>
                  </string-name>
               </person-group>
               <fpage>113</fpage>
               <volume>32</volume>
               <source>Gaceta</source>
               <year>1996</year>
            </mixed-citation>
         </ref>
         <ref id="d3634e318a1310">
            <mixed-citation id="d3634e322" publication-type="journal">
Brunner, J.J. 2002. 'Traditionalism and modernity in Latin American culture' in Latin America Writes Back:
Postmodernity in the Periphery, Hispanic Issues, 28, ed. E. Volek (New York and London, Routeledge),
pp. 3-31<person-group>
                  <string-name>
                     <surname>Brunner</surname>
                  </string-name>
               </person-group>
               <fpage>3</fpage>
               <volume>28</volume>
               <source>Latin America Writes Back: Postmodernity in the Periphery, Hispanic Issues</source>
               <year>2002</year>
            </mixed-citation>
         </ref>
         <ref id="d3634e358a1310">
            <mixed-citation id="d3634e362" publication-type="book">
Cobo Borda, J.G. 1997. 'Contar cantando: la música en la obra de García Márquez', in Para llegar a García
Márquez (Bogotá, Ediciones Temas de Hoy), pp. 151-62<person-group>
                  <string-name>
                     <surname>Cobo Borda</surname>
                  </string-name>
               </person-group>
               <comment content-type="section">Contar cantando: la música en la obra de García Márquez</comment>
               <fpage>151</fpage>
               <source>Para llegar a GarcíaMárquez</source>
               <year>1997</year>
            </mixed-citation>
         </ref>
         <ref id="d3634e394a1310">
            <mixed-citation id="d3634e398" publication-type="book">
Erlmann, V. 1999. Music, Modernity and the Global Imagination. South Africa and the West (New York, Oxford,
Oxford University Press)<person-group>
                  <string-name>
                     <surname>Erlmann</surname>
                  </string-name>
               </person-group>
               <source>Music, Modernity and the Global Imagination. South Africa and the West</source>
               <year>1999</year>
            </mixed-citation>
         </ref>
         <ref id="d3634e423a1310">
            <mixed-citation id="d3634e427" publication-type="book">
Feld, S. 1995. 'From Schizophonia to Schismogenesis: the discourses and practices of world music and
world beat', in The Traffic in Culture, ed. G.E. Marcus and F.R. Myers (Berkeley, Los Angeles, London,
University of California Press), pp. 96-126<person-group>
                  <string-name>
                     <surname>Feld</surname>
                  </string-name>
               </person-group>
               <comment content-type="section">From Schizophonia to Schismogenesis: the discourses and practices of world music and world beat</comment>
               <fpage>96</fpage>
               <source>The Traffic in Culture</source>
               <year>1995</year>
            </mixed-citation>
            <mixed-citation id="d3634e461" publication-type="journal">
1996. 'Pygmy Pop, a genealogy of schizophonic mimesis', Yearbook for Traditional Music, 28, pp. 1-35<object-id pub-id-type="doi">10.2307/767805</object-id>
               <fpage>1</fpage>
            </mixed-citation>
            <mixed-citation id="d3634e473" publication-type="journal">
2000. 'A sweet lullaby for world music', Public Culture, 12/1, pp. 145-71<person-group>
                  <string-name>
                     <surname>Feld</surname>
                  </string-name>
               </person-group>
               <issue>1</issue>
               <fpage>145</fpage>
               <volume>12</volume>
               <source>Public Culture</source>
               <year>2000</year>
            </mixed-citation>
         </ref>
         <ref id="d3634e505a1310">
            <mixed-citation id="d3634e511" publication-type="book">
García Márquez, G. 2002. Vivir para contarla (Bogotá, Grupo Editorial Norma)<person-group>
                  <string-name>
                     <surname>García Márquez</surname>
                  </string-name>
               </person-group>
               <source>Vivir para contarla</source>
               <year>2002</year>
            </mixed-citation>
            <mixed-citation id="d3634e532" publication-type="book">
1997 [May 1948]. 'Punto y Aparte. El Universal, Cartagena', in Obra Periodística 1, Textos Costeños , ed. J.
Gilard (Barcelona, Bogotá, Buenos Aires, Grupo Editorial Norma), pp. 60-1<person-group>
                  <string-name>
                     <surname>García Márquez</surname>
                  </string-name>
               </person-group>
               <comment content-type="section">Punto y Aparte. El Universal, Cartagena</comment>
               <fpage>60</fpage>
               <source>Obra Periodística 1, Textos Costeños</source>
               <year>1997</year>
            </mixed-citation>
            <mixed-citation id="d3634e563" publication-type="book">
1997 [March 1950]. 'Abelito Villa, Escalona y Cía. La Jirafa, El Heraldo, Barranquilla', in Obra Periodísitca
I, Textos Costenos, ed. J. Gilard (Barcelona, Bogotá, Buenos Aires, Grupo Editorial Norma), pp. 148-50<person-group>
                  <string-name>
                     <surname>García Márquez</surname>
                  </string-name>
               </person-group>
               <comment content-type="section">Abelito Villa, Escalona y Cía. La Jirafa, El Heraldo, Barranquilla</comment>
               <fpage>148</fpage>
               <source>Obra PeriodísitcaI, Textos Costenos</source>
               <year>1997</year>
            </mixed-citation>
            <mixed-citation id="d3634e595" publication-type="book">
1997 [March 1950]. 'Rafael Escalona. La Jirafa, El Heraldo, Barranquilla', in Obra Periodísitca I, Textos
Costenos ed. J. Gilard (Barcelona, Bogotá, Buenos Aires, Grupo Editorial Norma), pp. 158-9<person-group>
                  <string-name>
                     <surname>García Márquez</surname>
                  </string-name>
               </person-group>
               <comment content-type="section">Rafael Escalona. La Jirafa, El Heraldo, Barranquilla</comment>
               <fpage>158</fpage>
               <source>Obra Periodísitca I, Textos Costenos</source>
               <year>1997</year>
            </mixed-citation>
            <mixed-citation id="d3634e626" publication-type="book">
1997 [March 1951]. 'Un plagio a Escalona. La Jirafa, El Heraldo, Barranquilla', in Obra Periodísitca I, Textos
Costeños ed. J. Gilard(Barcelona, Bogotá, Buenos Aires, Grupo Editorial Norma), pp. 436-7<person-group>
                  <string-name>
                     <surname>García Márquez</surname>
                  </string-name>
               </person-group>
               <comment content-type="section">Un plagio a Escalona. La Jirafa, El Heraldo, Barranquilla</comment>
               <fpage>436</fpage>
               <source>Obra Periodísitca I, TextosCosteños</source>
               <year>1997</year>
            </mixed-citation>
            <mixed-citation id="d3634e657" publication-type="book">
1997 [April 1951]. 'Cantos viejos de Escalona. La Jirafa, El Heraldo, Barranquilla', in Obra Periodísitca I,
Textos Costeños ed. J. Gilard (Barcelona, Bogotá, Buenos Aires, Grupo Editorial Norma), pp. 448-50<person-group>
                  <string-name>
                     <surname>García Márquez</surname>
                  </string-name>
               </person-group>
               <comment content-type="section">Cantos viejos de Escalona. La Jirafa, El Heraldo, Barranquilla</comment>
               <fpage>448</fpage>
               <source>Obra Periodísitca I, Textos Costeños</source>
               <year>1997</year>
            </mixed-citation>
            <mixed-citation id="d3634e688" publication-type="book">
1997 [May 1951]. 'Por el camino de la cocina. La Jirafa, El Heraldo, Barranquilla', in Obra Periodísitca I,
Textos Costeños ed. J. Gilard (Barcelona, Bogotá, Buenos Aires, Grupo Editorial Norma), pp. 456-8<person-group>
                  <string-name>
                     <surname>García Márquez</surname>
                  </string-name>
               </person-group>
               <comment content-type="section">Por el camino de la cocina. La Jirafa, El Heraldo, Barranquilla</comment>
               <fpage>456</fpage>
               <source>Obra Periodísitca I, Textos Costeños</source>
               <year>1997</year>
            </mixed-citation>
            <mixed-citation id="d3634e719" publication-type="book">
1997 [May 1952]. 'Nuestra música en Bogotá. La Jirafa, El Heraldo, Barranquilla', in Obra Periodísitca I,
Textos Costeños ed. J. Gilard (Barcelona, Bogotá, Buenos Aires, Grupo Editorial Norma), pp. 531-2<person-group>
                  <string-name>
                     <surname>García Márquez</surname>
                  </string-name>
               </person-group>
               <comment content-type="section">Nuestra música en Bogotá. La Jirafa, El Heraldo, Barranquilla'</comment>
               <fpage>531</fpage>
               <source>Obra Periodísitca I, Textos Costeños</source>
               <year>1997</year>
            </mixed-citation>
            <mixed-citation id="d3634e750" publication-type="book">
1997 [June 1952]. 'La Embajada Folklórica. La Jirafa, El Heraldo, Barranquilla', in Obra Periodísitca I,
Textos Costeños ed. J. Gilard (Barcelona, Bogotá, Buenos Aires, Grupo Editorial Norma), pp. 551-2<person-group>
                  <string-name>
                     <surname>García Márquez</surname>
                  </string-name>
               </person-group>
               <comment content-type="section">La Embajada Folklórica. La Jirafa, El Heraldo, Barranquilla</comment>
               <fpage>551</fpage>
               <source>Obra Periodísitca I, Textos Costeños</source>
               <year>1997</year>
            </mixed-citation>
            <mixed-citation id="d3634e782" publication-type="book">
1997 [September 1952]. '... Y Ahora "El Cafetal". La Jirafa, El Heraldo, Barranquilla7, in Obra Periodísitca
I, Textos Costeños ed. J. Gilard (Barcelona, Bogotá, Buenos Aires, Grupo Editorial Norma), pp. 585-6<person-group>
                  <string-name>
                     <surname>García Márquez</surname>
                  </string-name>
               </person-group>
               <comment content-type="section">... Y Ahora "El Cafetal". La Jirafa, El Heraldo, Barranquilla</comment>
               <fpage>585</fpage>
               <source>Obra Periodísitca I, Textos Costeños</source>
               <year>1997</year>
            </mixed-citation>
            <mixed-citation id="d3634e813" publication-type="book">
1996 [22 June 1983]. 'Valledupar, la parranda del siglo', in Gabriel García Márquez, Notas de Prensa,
1980-1984 (Mondadori, España), pp. 426-9<person-group>
                  <string-name>
                     <surname>García Márquez</surname>
                  </string-name>
               </person-group>
               <comment content-type="section">Valledupar, la parranda del siglo</comment>
               <fpage>426</fpage>
               <source>Gabriel García Márquez, Notas de Prensa, 1980-1984</source>
               <year>1996</year>
            </mixed-citation>
         </ref>
         <ref id="d3634e845a1310">
            <mixed-citation id="d3634e849" publication-type="book">
Gilard, J. 1997[1981]. 'Prólogo', in Gabriel García Máquez, Obra Periodística I, Textos Costeños (Barcelona,
Bogotá, Buenos Aires, Grupo Editorial Norma), pp. 7-45<person-group>
                  <string-name>
                     <surname>Gilard</surname>
                  </string-name>
               </person-group>
               <comment content-type="section">Prólogo</comment>
               <fpage>7</fpage>
               <source>Gabriel García Máquez, Obra Periodística I, Textos Costeños</source>
               <year>1997</year>
            </mixed-citation>
            <mixed-citation id="d3634e880" publication-type="journal">
April 1993. '"Cresencio o don Toba" Falsos interrogantes y verdaderas respuestas sobre el vallenato',
Revista Huellas, 37, pp. 28-34<person-group>
                  <string-name>
                     <surname>Gilard</surname>
                  </string-name>
               </person-group>
               <issue>April</issue>
               <fpage>28</fpage>
               <volume>37</volume>
               <source>Revista Huellas</source>
               <year>1993</year>
            </mixed-citation>
         </ref>
         <ref id="d3634e915a1310">
            <mixed-citation id="d3634e919" publication-type="book">
Goehr, L. 1992. The Imaginary Museum of Musical Works (Oxford, Clarendon Press)<person-group>
                  <string-name>
                     <surname>Goehr</surname>
                  </string-name>
               </person-group>
               <source>The Imaginary Museum of Musical Works</source>
               <year>1992</year>
            </mixed-citation>
         </ref>
         <ref id="d3634e942a1310">
            <mixed-citation id="d3634e946" publication-type="book">
González Henríquez, A. 25 May 2003. 'Los estudios sobre música popular en el Caribe colombiano', paper
presented at the 48th Seminar on the Acquisition of Latin American Library Materials (SALALM) (Cartagena
delndias)<person-group>
                  <string-name>
                     <surname>Henríquez</surname>
                  </string-name>
               </person-group>
               <comment content-type="section">Los estudios sobre música popular en el Caribe colombiano</comment>
               <source>48th Seminar on the Acquisition of Latin American Library Materials (SALALM)</source>
               <year>2003</year>
            </mixed-citation>
         </ref>
         <ref id="d3634e978a1310">
            <mixed-citation id="d3634e982" publication-type="book">
Gutiérrez Hinojosa, T.D. 1992. Cultura vallenata: origen, teoría y pruebas (Bogotá, Plaza y Janés Editores)<person-group>
                  <string-name>
                     <surname>Gutiérrez Hinojosa</surname>
                  </string-name>
               </person-group>
               <source>Cultura vallenata: origen, teoría y pruebas</source>
               <year>1992</year>
            </mixed-citation>
         </ref>
         <ref id="d3634e1004a1310">
            <mixed-citation id="d3634e1008" publication-type="book">
Hobsbawm, E. 1983. 'Introduction: Inventing Traditions', in The Invention of Tradition, ed. E. Hobsbawm
and T. Ranger (Cambridge, MA, Cambridge University Press), pp. 1-14<person-group>
                  <string-name>
                     <surname>Hobsbawm</surname>
                  </string-name>
               </person-group>
               <comment content-type="section">Introduction: Inventing Traditions</comment>
               <fpage>1</fpage>
               <source>The Invention of Tradition</source>
               <year>1983</year>
            </mixed-citation>
         </ref>
         <ref id="d3634e1040a1310">
            <mixed-citation id="d3634e1044" publication-type="book">
Jameson, F. 1992[1986]. 'On magical realism in film', in Signatures of the Visible (New York and London,
Routledge), pp. 128-54<person-group>
                  <string-name>
                     <surname>Jameson</surname>
                  </string-name>
               </person-group>
               <comment content-type="section">On magical realism in film</comment>
               <fpage>128</fpage>
               <source>Signatures of the Visible</source>
               <year>1992</year>
            </mixed-citation>
         </ref>
         <ref id="d3634e1076a1310">
            <mixed-citation id="d3634e1080" publication-type="book">
Llerena Villalobos, R. 1985. Memoria cultural en el vallenato: un modelo de textualidad en al canción folclórica
colombiana (Medellin, Centro de Investigaciones, Facultad de Ciencias Humanas, Universidad de Antio-
quia)<person-group>
                  <string-name>
                     <surname>Llerena Villalobos</surname>
                  </string-name>
               </person-group>
               <source>Memoria cultural en el vallenato: un modelo de textualidad en al canción folclóricacolombiana</source>
               <year>1985</year>
            </mixed-citation>
         </ref>
         <ref id="d3634e1109a1310">
            <mixed-citation id="d3634e1113" publication-type="book">
Londoño, M.E. 1985. 'Introducción al vallenato como fenñmeno musical', in Memoria Cultural en el
Vallenato, ed. R.L. Villalobos (Medellin, Centro de Investigaciones, Facultad de Ciencias Humanas),
pp. 125-34<person-group>
                  <string-name>
                     <surname>Londoño</surname>
                  </string-name>
               </person-group>
               <comment content-type="section">Introducción al vallenato como fenñmeno musical</comment>
               <fpage>125</fpage>
               <source>Memoria Cultural en el Vallenato</source>
               <year>1985</year>
            </mixed-citation>
         </ref>
         <ref id="d3634e1149a1310">
            <mixed-citation id="d3634e1153" publication-type="book">
McClary, S. 1994. 'Same as it Ever Was: youth culture and music', in Microphone Fiends, ed. A. Ross and T.
Rose (New York and London, Routledge), pp. 29-40<person-group>
                  <string-name>
                     <surname>McClary</surname>
                  </string-name>
               </person-group>
               <comment content-type="section">Same as it Ever Was: youth culture and music</comment>
               <fpage>29</fpage>
               <source>Microphone Fiends</source>
               <year>1994</year>
            </mixed-citation>
         </ref>
         <ref id="d3634e1185a1310">
            <mixed-citation id="d3634e1189" publication-type="book">
Moore, R.D. 1997. Nationalizing Blackness (Pittsburgh, University of Pittsburgh Press)<person-group>
                  <string-name>
                     <surname>Moore</surname>
                  </string-name>
               </person-group>
               <source>Nationalizing Blackness</source>
               <year>1997</year>
            </mixed-citation>
         </ref>
         <ref id="d3634e1211a1310">
            <mixed-citation id="d3634e1215" publication-type="book">
Moreiras, A. 2001. The Exhaustion of Difference (Durham and London, Duke University Press)<person-group>
                  <string-name>
                     <surname>Moreiras</surname>
                  </string-name>
               </person-group>
               <source>The Exhaustion of Difference</source>
               <year>2001</year>
            </mixed-citation>
         </ref>
         <ref id="d3634e1237a1310">
            <mixed-citation id="d3634e1241" publication-type="book">
Ochoa, A.M. 1999. 'El vallenato: de lo rural a la ciudad-mundo', paper presented at the Symposium on
Comparative Aspects of Media and Citizenship between Colombia and Mexico (Mexico City)<person-group>
                  <string-name>
                     <surname>Ochoa</surname>
                  </string-name>
               </person-group>
               <comment content-type="section">El vallenato: de lo rural a la ciudad-mundo</comment>
               <source>Symposium on Comparative Aspects of Media and Citizenship between Colombia and Mexico</source>
               <year>1999</year>
            </mixed-citation>
         </ref>
         <ref id="d3634e1270a1310">
            <mixed-citation id="d3634e1274" publication-type="book">
Oñate Martínez, J. 2003. El ABC del vallenato (Bogotá, Taurus)<person-group>
                  <string-name>
                     <surname>Oñate Martínez</surname>
                  </string-name>
               </person-group>
               <source>El ABC del vallenato</source>
               <year>2003</year>
            </mixed-citation>
         </ref>
         <ref id="d3634e1296a1310">
            <mixed-citation id="d3634e1300" publication-type="book">
Palacios, M. 2001. 'Ensayo sobre el fratricidio como fuente de nacionalidad', in De populistas, mandarines y
violencias (Bogota, Editorial Planeta), pp. 161-96<person-group>
                  <string-name>
                     <surname>Palacios</surname>
                  </string-name>
               </person-group>
               <comment content-type="section">Ensayo sobre el fratricidio como fuente de nacionalidad</comment>
               <fpage>161</fpage>
               <source>De populistas, mandarines yviolencias</source>
               <year>2001</year>
            </mixed-citation>
         </ref>
         <ref id="d3634e1333a1310">
            <mixed-citation id="d3634e1337" publication-type="book">
Posada Carbó, E. 1998. El caribe colombiano, una historia regional (1870-1950) (Bogotá, Banco de la
República/El Ancora Editores)<person-group>
                  <string-name>
                     <surname>Posada Carbó</surname>
                  </string-name>
               </person-group>
               <source>El caribe colombiano, una historia regional (1870-1950)</source>
               <year>1998</year>
            </mixed-citation>
         </ref>
         <ref id="d3634e1362a1310">
            <mixed-citation id="d3634e1366" publication-type="book">
Quiroz Otero, C. 1982. Vallenato, hombre y canto (Bogotá, Icaro Editores)<person-group>
                  <string-name>
                     <surname>Otero</surname>
                  </string-name>
               </person-group>
               <source>Vallenato, hombre y canto</source>
               <year>1982</year>
            </mixed-citation>
         </ref>
         <ref id="d3634e1388a1310">
            <mixed-citation id="d3634e1392" publication-type="book">
Ramos, J. 1989. Desencuentros de la modernidad en América Latina (México, Fondo de Cultura Económica)<person-group>
                  <string-name>
                     <surname>Ramos</surname>
                  </string-name>
               </person-group>
               <source>Desencuentros de la modernidad en América Latina</source>
               <year>1989</year>
            </mixed-citation>
         </ref>
         <ref id="d3634e1414a1310">
            <mixed-citation id="d3634e1418" publication-type="book">
Samper Pizano, D. 1997. 100 Años de vallenato (Bogotá, MTM)<person-group>
                  <string-name>
                     <surname>Samper Pizano</surname>
                  </string-name>
               </person-group>
               <source>100 Años de vallenato</source>
               <year>1997</year>
            </mixed-citation>
         </ref>
         <ref id="d3634e1440a1310">
            <mixed-citation id="d3634e1444" publication-type="book">
Sandroni, C. 2001. Feitiço Decente (Rio de Janeiro, Jorge Zagar Editor /Editora UFRJ)<person-group>
                  <string-name>
                     <surname>Sandroni</surname>
                  </string-name>
               </person-group>
               <source>Feitiço Decente</source>
               <year>2001</year>
            </mixed-citation>
         </ref>
         <ref id="d3634e1466a1310">
            <mixed-citation id="d3634e1470" publication-type="journal">
Santos Calderón, E. June 1983. 'Guayabo por Valledupar', in Revista Semana, pp. 54-9 (26 April 1992)<person-group>
                  <string-name>
                     <surname>Calderón</surname>
                  </string-name>
               </person-group>
               <issue>26 April</issue>
               <fpage>54</fpage>
               <source>Revista Semana</source>
               <year>1983</year>
            </mixed-citation>
         </ref>
         <ref id="d3634e1500a1310">
            <mixed-citation id="d3634e1504" publication-type="book">
Sturman, J.L. 2003. 'Technology and Identity in Colombian Popular Music: tecno-macondismo in Carlos
Vives' approach to Vallenato', in Music and Technoculture, ed. R.T.A. Lysloff and L.C. Gay, Jr (Middle-
town, Wesleyan University Press), pp. 153-81<person-group>
                  <string-name>
                     <surname>Sturman</surname>
                  </string-name>
               </person-group>
               <comment content-type="section">Technology and Identity in Colombian Popular Music: tecno-macondismo in CarlosVives' approach to Vallenato'</comment>
               <fpage>153</fpage>
               <source>Music and Technoculture</source>
               <year>2003</year>
            </mixed-citation>
         </ref>
         <ref id="d3634e1539a1310">
            <mixed-citation id="d3634e1543" publication-type="journal">
Von der Walde, E. 1999. 'El macondismo como latinoamericanismo', Cuadernos Americanos, Nueva época, 1,
pp. 223-37<person-group>
                  <string-name>
                     <surname>Von der Walde</surname>
                  </string-name>
               </person-group>
               <fpage>223</fpage>
               <volume>1</volume>
               <source>Cuadernos Americanos, Nueva época</source>
               <year>1999</year>
            </mixed-citation>
         </ref>
         <ref id="d3634e1575a1310">
            <mixed-citation id="d3634e1579" publication-type="book">
Wade, P. 2000. Music, Race and Nation, Música Tropical in Colombia (Chicago and London, The University of
Chicago Press )<person-group>
                  <string-name>
                     <surname>Wade</surname>
                  </string-name>
               </person-group>
               <source>Music, Race and Nation, Música Tropical in Colombia</source>
               <year>2000</year>
            </mixed-citation>
         </ref>
      </ref-list>
   </back>
</article>
