<article xmlns:xsi="http://www.w3.org/2001/XMLSchema-instance"
         xmlns:xlink="http://www.w3.org/1999/xlink"
         xmlns:mml="http://www.w3.org/1998/Math/MathML"
         dtd-version="1.0"
         article-type="research-article">
   <front>
      <journal-meta>
         <journal-id journal-id-type="jstor">popularmusic</journal-id>
         <journal-id journal-id-type="jstor">j100590</journal-id>
         <journal-title-group>
            <journal-title>Popular Music</journal-title>
         </journal-title-group>
         <publisher>
            <publisher-name>Cambridge University Press</publisher-name>
         </publisher>
         <issn pub-type="ppub">02611430</issn>
         <issn pub-type="epub">14740095</issn>
      </journal-meta>
      <article-meta>
         <article-id pub-id-type="jstor">3877543</article-id>
         <title-group>
            <article-title>'Must Be Born Again': Resurrecting the "Anthology of American Folk Music"</article-title>
         </title-group>
         <contrib-group>
            <contrib contrib-type="author">
               <string-name>
                  <given-names>Katherine</given-names>
                  <surname>Skinner</surname>
               </string-name>
            </contrib>
         </contrib-group>
         <pub-date>
            <day>1</day>
            <month>1</month>
            <year>2006</year>
         </pub-date>
         <volume>25</volume>
         <issue>1</issue>
         <issue-id>i371789</issue-id>
         <fpage>57</fpage>
         <lpage>75</lpage>
         <page-range>57-75</page-range>
         <permissions>
            <copyright-statement>Copyright 2006 Cambridge University Press</copyright-statement>
         </permissions>
         <self-uri xlink:href="http://www.jstor.org/stable/3877543"/>
         <abstract>
            <p>Since the 1997 reissue of the 1952 Anthology of American Folk Music by Smithsonian Folkways Recordings, journalists, scholars and musicians have promoted this collection as the 'founding document' (Marcus 1997) and 'musical constitution' (Cantwell 1996) of the urban folk revival of the 1950s and 1960s. This reception differs markedly from that of its original issue, which sold few copies and attracted only minor critical attention. This article provides an account of the transformation in the Anthology's cultural status - showing that the canonisation of the Anthology stems not just from its content, but from the interplay of its content and its sociohistorical context. I identify some of the factors that influenced the retrospective consecration of the Anthology, including the important work of key people, the growth of a new field ('Americana' music) and changes in the organisational structures of the recording industry.</p>
         </abstract>
         <custom-meta-group>
            <custom-meta>
               <meta-name>lang</meta-name>
               <meta-value>eng</meta-value>
            </custom-meta>
         </custom-meta-group>
      </article-meta>
   </front>
   <back>
      <ref-list>
         <title>Endnotes</title>
         <ref id="d1732e121a1310">
            <label>1</label>
            <mixed-citation id="d1732e128" publication-type="other">
Eyerman and Jamison (1998)</mixed-citation>
            <mixed-citation id="d1732e134" publication-type="other">
Alterman (1999)</mixed-citation>
            <mixed-citation id="d1732e140" publication-type="other">
Filene (2000)</mixed-citation>
            <mixed-citation id="d1732e147" publication-type="other">
Garman (2000)</mixed-citation>
            <mixed-citation id="d1732e153" publication-type="other">
Hadju (2001)</mixed-citation>
         </ref>
         <ref id="d1732e160a1310">
            <label>2</label>
            <mixed-citation id="d1732e167" publication-type="other">
Anthology</mixed-citation>
            <mixed-citation id="d1732e173" publication-type="other">
Silber 1995</mixed-citation>
            <mixed-citation id="d1732e179" publication-type="other">
Goldsmith 1998</mixed-citation>
         </ref>
         <ref id="d1732e186a1310">
            <label>3</label>
            <mixed-citation id="d1732e193" publication-type="other">
Anthology</mixed-citation>
            <mixed-citation id="d1732e199" publication-type="other">
Cohen 1977, pp. 115-18</mixed-citation>
         </ref>
         <ref id="d1732e206a1310">
            <label>4</label>
            <mixed-citation id="d1732e213" publication-type="other">
Brand (1967)</mixed-citation>
            <mixed-citation id="d1732e219" publication-type="other">
DeTurk and
Poulin Jr (1967)</mixed-citation>
            <mixed-citation id="d1732e228" publication-type="other">
Klein (1980)</mixed-citation>
            <mixed-citation id="d1732e235" publication-type="other">
Woliver (1986)</mixed-citation>
            <mixed-citation id="d1732e241" publication-type="other">
Baez (1988)</mixed-citation>
            <mixed-citation id="d1732e247" publication-type="other">
Pratt (1990)</mixed-citation>
         </ref>
         <ref id="d1732e255a1310">
            <label>8</label>
            <mixed-citation id="d1732e264" publication-type="other">
Similarly, Cohen (1995, p. 39)</mixed-citation>
         </ref>
         <ref id="d1732e271a1310">
            <label>9</label>
            <mixed-citation id="d1732e278" publication-type="other">
Ward 1998, pp. 27-8</mixed-citation>
         </ref>
         <ref id="d1732e285a1310">
            <label>10</label>
            <mixed-citation id="d1732e292" publication-type="other">
Street (2000)</mixed-citation>
         </ref>
      </ref-list>
      <ref-list>
         <title>References</title>
         <ref id="d1732e308a1310">
            <mixed-citation id="d1732e312" publication-type="journal">
Allen, M.P., and Lincoln, A.E. 2004. 'Critical discourse and the cultural consecration of American films',
Social Forces, 82/3, pp. 871-93<object-id pub-id-type="jstor">10.2307/3598360</object-id>
               <fpage>871</fpage>
            </mixed-citation>
         </ref>
         <ref id="d1732e328a1310">
            <mixed-citation id="d1732e332" publication-type="journal">
Alterman, E. 1998. 'The Smithsonian blues', The Nation, 266/23, p. 10<person-group>
                  <string-name>
                     <surname>Alterman</surname>
                  </string-name>
               </person-group>
               <issue>23</issue>
               <fpage>10</fpage>
               <volume>266</volume>
               <source>The Nation</source>
               <year>1998</year>
            </mixed-citation>
            <mixed-citation id="d1732e363" publication-type="book">
1999. It Ain't No Sin To Be Glad You're Alive (Boston, Little, Brown and Company)<person-group>
                  <string-name>
                     <surname>Alterman</surname>
                  </string-name>
               </person-group>
               <source>It Ain't No Sin To Be Glad You're Alive</source>
               <year>1999</year>
            </mixed-citation>
         </ref>
         <ref id="d1732e385a1310">
            <mixed-citation id="d1732e389" publication-type="book">
Baez, J. 1988. And A Voice To Sing With (New York, Plume)<person-group>
                  <string-name>
                     <surname>Baez</surname>
                  </string-name>
               </person-group>
               <source>And A Voice To Sing With</source>
               <year>1988</year>
            </mixed-citation>
         </ref>
         <ref id="d1732e411a1310">
            <mixed-citation id="d1732e415" publication-type="journal">
Baumann, S. 2001. 'Intellectualization and art world development', American Sociological Review, 66,
pp. 404-26<object-id pub-id-type="doi">10.2307/3088886</object-id>
               <fpage>404</fpage>
            </mixed-citation>
         </ref>
         <ref id="d1732e432a1310">
            <mixed-citation id="d1732e436" publication-type="book">
Becker, H.S. 1982. Art Worlds (Berkeley, University of California Press)<person-group>
                  <string-name>
                     <surname>Becker</surname>
                  </string-name>
               </person-group>
               <source>Art Worlds</source>
               <year>1982</year>
            </mixed-citation>
         </ref>
         <ref id="d1732e458a1310">
            <mixed-citation id="d1732e462" publication-type="journal">
Binder, A. 1993. 'Constructing racial rhetoric', American Sociological Review, 58, pp. 753-67<object-id pub-id-type="doi">10.2307/2095949</object-id>
               <fpage>753</fpage>
            </mixed-citation>
         </ref>
         <ref id="d1732e475a1310">
            <mixed-citation id="d1732e479" publication-type="book">
Bourdieu, P. 1984. Distinction, translated by Richard Nice. (Cambridge, MA, Harvard University Press)<person-group>
                  <string-name>
                     <surname>Bourdieu</surname>
                  </string-name>
               </person-group>
               <source>Distinction</source>
               <year>1984</year>
            </mixed-citation>
         </ref>
         <ref id="d1732e501a1310">
            <mixed-citation id="d1732e505" publication-type="book">
Brand, O. 1967. The Ballad Mongers (Toronto, Minerva Press)<person-group>
                  <string-name>
                     <surname>Brand</surname>
                  </string-name>
               </person-group>
               <source>The Ballad Mongers</source>
               <year>1967</year>
            </mixed-citation>
         </ref>
         <ref id="d1732e527a1310">
            <mixed-citation id="d1732e531" publication-type="book">
Cantwell, R. 1996. When We Were Good (Cambridge, MA, Harvard University Press)<person-group>
                  <string-name>
                     <surname>Cantwell</surname>
                  </string-name>
               </person-group>
               <source>When We Were Good</source>
               <year>1996</year>
            </mixed-citation>
         </ref>
         <ref id="d1732e553a1310">
            <mixed-citation id="d1732e557" publication-type="journal">
Capaldi, J. 1978. 'Conversation with Mr. Folkways', Folkscene, 6/4, pp. 2-4<person-group>
                  <string-name>
                     <surname>Capaldi</surname>
                  </string-name>
               </person-group>
               <issue>4</issue>
               <fpage>2</fpage>
               <volume>6</volume>
               <source>Folkscene</source>
               <year>1978</year>
            </mixed-citation>
         </ref>
         <ref id="d1732e590a1310">
            <mixed-citation id="d1732e594" publication-type="journal">
Charters, S. 1961. 'Moses Asch', 33 Guide, June, p. 43<person-group>
                  <string-name>
                     <surname>Charters</surname>
                  </string-name>
               </person-group>
               <issue>June</issue>
               <fpage>43</fpage>
               <volume>33</volume>
               <source>Guide</source>
               <year>1961</year>
            </mixed-citation>
         </ref>
         <ref id="d1732e626a1310">
            <mixed-citation id="d1732e630" publication-type="book">
Cohen, J. 1977. 'A visitor's recollections', in Long Journey Home, ed. A. Tullos (Chapel Hill, University of
North Carolina Press), pp. 115-8<person-group>
                  <string-name>
                     <surname>Cohen</surname>
                  </string-name>
               </person-group>
               <comment content-type="section">A visitor's recollections</comment>
               <fpage>115</fpage>
               <source>Long Journey Home</source>
               <year>1977</year>
            </mixed-citation>
            <mixed-citation id="d1732e661" publication-type="book">
1999. 'John Cohen - Chelsea Hotel, NYC, in Think of the Self Speaking, ed. R. Singh (Seattle, Elbow/
Cityful Press), pp. 66-100<person-group>
                  <string-name>
                     <surname>Singh</surname>
                  </string-name>
               </person-group>
               <comment content-type="section">John Cohen - Chelsea Hotel, NYC</comment>
               <fpage>66</fpage>
               <source>Think of the Self Speaking</source>
               <year>2000</year>
            </mixed-citation>
            <mixed-citation id="d1732e692" publication-type="book">
2000. The Harry Smith Anthology Volume Four (Revenant 2000), liner notes, pp. 32-42<fpage>32</fpage>
               <source>The Harry Smith Anthology Volume Four</source>
               <year>2000</year>
            </mixed-citation>
            <mixed-citation id="d1732e707" publication-type="book">
1995. 'John Cohen', in Wasn't that a Time, ed. R. Cohen (New Jersey, The Scarecrow Press, Inc.), pp. 25-56<person-group>
                  <string-name>
                     <surname>Cohen</surname>
                  </string-name>
               </person-group>
               <comment content-type="section">John Cohen</comment>
               <fpage>25</fpage>
               <source>Wasn't that a Time</source>
               <year>1995</year>
            </mixed-citation>
         </ref>
         <ref id="d1732e736a1310">
            <mixed-citation id="d1732e740" publication-type="book">
Cohn, L. 1997. Quoted in A Booklet of Essays, Appreciations, and Annotations Pertaining to the Anthology of
American Folk Music (Washington, D.C., Smithsonian Folkways Recordings) (hereafter, 'Booklet'), p. 28<person-group>
                  <string-name>
                     <surname>Cohn</surname>
                  </string-name>
               </person-group>
               <fpage>28</fpage>
               <source>A Booklet of Essays, Appreciations, and Annotations Pertaining to the Anthology of American Folk Music</source>
               <year>1997</year>
            </mixed-citation>
         </ref>
         <ref id="d1732e769a1310">
            <mixed-citation id="d1732e773" publication-type="journal">
Corse, S.M., and Griffin, M.D. 1997. 'Cultural valorization and African American literary history', Socio-
logical Forum, 12/2, pp. 173-203<object-id pub-id-type="jstor">10.2307/684743</object-id>
               <fpage>173</fpage>
            </mixed-citation>
         </ref>
         <ref id="d1732e789a1310">
            <mixed-citation id="d1732e793" publication-type="journal">
Danaher, W.F., and Roscigno, V.J. 2004. 'Cultural production, media, and meaning', Poetics, 32, pp. 51-71<person-group>
                  <string-name>
                     <surname>Danaher</surname>
                  </string-name>
               </person-group>
               <fpage>51</fpage>
               <volume>32</volume>
               <source>Poetics</source>
               <year>2004</year>
            </mixed-citation>
         </ref>
         <ref id="d1732e822a1310">
            <mixed-citation id="d1732e826" publication-type="book">
De Turk, D.A., and Poulin Jr., A. (eds.) 1967. The American Folk Scene (New York, Dell Publishing
Company)<person-group>
                  <string-name>
                     <surname>Turk</surname>
                  </string-name>
               </person-group>
               <source>The American Folk Scene</source>
               <year>1967</year>
            </mixed-citation>
         </ref>
         <ref id="d1732e852a1310">
            <mixed-citation id="d1732e856" publication-type="journal">
DeNora, T. 2002. 'Music into action, 1790-1810', Poetics, 30, pp. 19-33<person-group>
                  <string-name>
                     <surname>DeNora</surname>
                  </string-name>
               </person-group>
               <fpage>19</fpage>
               <volume>30</volume>
               <source>Poetics</source>
               <year>2002</year>
            </mixed-citation>
         </ref>
         <ref id="d1732e885a1310">
            <mixed-citation id="d1732e889" publication-type="journal">
DiMaggio, P. 1982. 'Cultural entrepreneurship in nineteenth-century Boston, Parts I and II', Media, Culture
and Society, 4, pp. 33-50, 303-20<person-group>
                  <string-name>
                     <surname>DiMaggio</surname>
                  </string-name>
               </person-group>
               <fpage>33</fpage>
               <volume>4</volume>
               <source>Media, Culture and Society</source>
               <year>1982</year>
            </mixed-citation>
            <mixed-citation id="d1732e920" publication-type="journal">
1987. 'Classification in art', American Sociological Review, 52, pp. 440-55<object-id pub-id-type="doi">10.2307/2095290</object-id>
               <fpage>440</fpage>
            </mixed-citation>
         </ref>
         <ref id="d1732e933a1310">
            <mixed-citation id="d1732e937" publication-type="journal">
Dowd, T.J. 2003. 'Structural power and the construction of markets', Comparative Social Research, 21,
pp. 147-201<person-group>
                  <string-name>
                     <surname>Dowd</surname>
                  </string-name>
               </person-group>
               <fpage>147</fpage>
               <volume>21</volume>
               <source>Comparative Social Research</source>
               <year>2003</year>
            </mixed-citation>
         </ref>
         <ref id="d1732e969a1310">
            <mixed-citation id="d1732e973" publication-type="journal">
Dowd, T.J., and Blyler, M. 2002. 'Charting race', Poetics, 30, pp. 87-110<person-group>
                  <string-name>
                     <surname>Dowd</surname>
                  </string-name>
               </person-group>
               <fpage>87</fpage>
               <volume>30</volume>
               <source>Poetics</source>
               <year>2002</year>
            </mixed-citation>
         </ref>
         <ref id="d1732e1002a1310">
            <mixed-citation id="d1732e1006" publication-type="journal">
Dowd, T.J., Liddle, K., Lupo, K., and Borden, A. 2002. 'Organizing the musical canon', Poetics, 30, pp. 35-61<person-group>
                  <string-name>
                     <surname>Dowd</surname>
                  </string-name>
               </person-group>
               <fpage>35</fpage>
               <volume>30</volume>
               <source>Poetics</source>
               <year>2002</year>
            </mixed-citation>
         </ref>
         <ref id="d1732e1035a1310">
            <mixed-citation id="d1732e1039" publication-type="book">
Dunson, J. 1980 [1965]. Freedom in the Air (New York, International Publishers)<person-group>
                  <string-name>
                     <surname>Dunson</surname>
                  </string-name>
               </person-group>
               <source>Freedom in the Air</source>
               <year>1980</year>
            </mixed-citation>
         </ref>
         <ref id="d1732e1062a1310">
            <mixed-citation id="d1732e1066" publication-type="book">
Ennis, P.H. 1992. The Seventh Stream (New Hampshire, Wesleyan University Press)<person-group>
                  <string-name>
                     <surname>Ennis</surname>
                  </string-name>
               </person-group>
               <source>The Seventh Stream</source>
               <year>1992</year>
            </mixed-citation>
         </ref>
         <ref id="d1732e1088a1310">
            <mixed-citation id="d1732e1092" publication-type="book">
Eyerman, R., and Jamison, A. 1998. Music and Social Movements (New York, Cambridge University Press)<person-group>
                  <string-name>
                     <surname>Eyerman</surname>
                  </string-name>
               </person-group>
               <source>Music and Social Movements</source>
               <year>1998</year>
            </mixed-citation>
         </ref>
         <ref id="d1732e1114a1310">
            <mixed-citation id="d1732e1118" publication-type="book">
Fahey, J. 1997. Quoted in A Booklet, pp. 8-12<person-group>
                  <string-name>
                     <surname>Fahey</surname>
                  </string-name>
               </person-group>
               <fpage>8</fpage>
               <source>A Booklet</source>
               <year>1997</year>
            </mixed-citation>
         </ref>
         <ref id="d1732e1143a1310">
            <mixed-citation id="d1732e1147" publication-type="book">
Filene, B. 2000. Romancing the Folk (Chapel Hill, University of North Carolina Press)<person-group>
                  <string-name>
                     <surname>Filene</surname>
                  </string-name>
               </person-group>
               <source>Romancing the Folk</source>
               <year>2000</year>
            </mixed-citation>
         </ref>
         <ref id="d1732e1169a1310">
            <mixed-citation id="d1732e1173" publication-type="journal">
Fricke, D. 1997. 'America's greatest hits', Rolling Stone, 769, pp. 101-2<person-group>
                  <string-name>
                     <surname>Fricke</surname>
                  </string-name>
               </person-group>
               <fpage>101</fpage>
               <volume>769</volume>
               <source>Rolling Stone</source>
               <year>1997</year>
            </mixed-citation>
         </ref>
         <ref id="d1732e1202a1310">
            <mixed-citation id="d1732e1206" publication-type="book">
Garman, B.K. 2000. A Race of Singers (Chapel Hill, University of North Carolina Press)<person-group>
                  <string-name>
                     <surname>Garman</surname>
                  </string-name>
               </person-group>
               <source>A Race of Singers</source>
               <year>2000</year>
            </mixed-citation>
         </ref>
         <ref id="d1732e1229a1310">
            <mixed-citation id="d1732e1233" publication-type="journal">
Gilmore, M. 2001. 'Bob Dylan', Rolling Stone, 882, pp. 56-8, 61, 63-4, 66, 67-8<person-group>
                  <string-name>
                     <surname>Gilmore</surname>
                  </string-name>
               </person-group>
               <fpage>56</fpage>
               <volume>882</volume>
               <source>Rolling Stone</source>
               <year>2001</year>
            </mixed-citation>
         </ref>
         <ref id="d1732e1262a1310">
            <mixed-citation id="d1732e1266" publication-type="book">
Goldsmith, P. 1998. Making People's Music (Washington, D.C., Smithsonian Institution Press)<person-group>
                  <string-name>
                     <surname>Goldsmith</surname>
                  </string-name>
               </person-group>
               <source>Making People's Music</source>
               <year>1998</year>
            </mixed-citation>
         </ref>
         <ref id="d1732e1288a1310">
            <mixed-citation id="d1732e1292" publication-type="journal">
Green, A. 1965. 'Hillbilly Music', Journal of American Folklore, 78, p. 204-28<object-id pub-id-type="doi">10.2307/538356</object-id>
               <fpage>204</fpage>
            </mixed-citation>
         </ref>
         <ref id="d1732e1305a1310">
            <mixed-citation id="d1732e1309" publication-type="journal">
Greenberg, M. 1997. 'The Harry Smith Anthology', Sing Out!, 42/3, pp. 128-9<person-group>
                  <string-name>
                     <surname>Greenberg</surname>
                  </string-name>
               </person-group>
               <issue>3</issue>
               <fpage>128</fpage>
               <volume>42</volume>
               <source>Sing Out!</source>
               <year>1997</year>
            </mixed-citation>
         </ref>
         <ref id="d1732e1341a1310">
            <mixed-citation id="d1732e1345" publication-type="book">
Hadju, D. 2001. Positively 4th Street (New York, Farrar, Straus and Giroux)<person-group>
                  <string-name>
                     <surname>Hadju</surname>
                  </string-name>
               </person-group>
               <source>Positively 4th Street</source>
               <year>2001</year>
            </mixed-citation>
         </ref>
         <ref id="d1732e1367a1310">
            <mixed-citation id="d1732e1371" publication-type="book">
Harvey, T. 2001. The Formative Dylan (Maryland, Scarecrow Press)<person-group>
                  <string-name>
                     <surname>Harvey</surname>
                  </string-name>
               </person-group>
               <source>The Formative Dylan</source>
               <year>2001</year>
            </mixed-citation>
         </ref>
         <ref id="d1732e1394a1310">
            <mixed-citation id="d1732e1398" publication-type="journal">
Kaganski, S. 1998. 'Dylan speaks', Mojo, 51, p. 64<person-group>
                  <string-name>
                     <surname>Kaganski</surname>
                  </string-name>
               </person-group>
               <fpage>64</fpage>
               <volume>51</volume>
               <source>Mojo</source>
               <year>1998</year>
            </mixed-citation>
         </ref>
         <ref id="d1732e1427a1310">
            <mixed-citation id="d1732e1431" publication-type="book">
Klein, J. 1999 [1980]. Woody Guthrie (New York, Dell Publishing)<person-group>
                  <string-name>
                     <surname>Klein</surname>
                  </string-name>
               </person-group>
               <source>Woody Guthrie</source>
               <year>1999</year>
            </mixed-citation>
         </ref>
         <ref id="d1732e1453a1310">
            <mixed-citation id="d1732e1457" publication-type="book">
Levine, L. 1988. Highbrow/Lowbrow (Cambridge, MA, Harvard University Press)<person-group>
                  <string-name>
                     <surname>Levine</surname>
                  </string-name>
               </person-group>
               <source>Highbrow/Lowbrow</source>
               <year>1988</year>
            </mixed-citation>
         </ref>
         <ref id="d1732e1479a1310">
            <mixed-citation id="d1732e1483" publication-type="book">
Lipsitz, G. 1994. Rainbow at Midnight (Chicago, University of Illinois Press)<person-group>
                  <string-name>
                     <surname>Lipsitz</surname>
                  </string-name>
               </person-group>
               <source>Rainbow at Midnight</source>
               <year>1994</year>
            </mixed-citation>
         </ref>
         <ref id="d1732e1505a1310">
            <mixed-citation id="d1732e1509" publication-type="book">
Lopes, P. 2002. The Rise of a Jazz Art World (New York, Cambridge University Press)<person-group>
                  <string-name>
                     <surname>Lopes</surname>
                  </string-name>
               </person-group>
               <source>The Rise of a Jazz Art World</source>
               <year>2002</year>
            </mixed-citation>
         </ref>
         <ref id="d1732e1531a1310">
            <mixed-citation id="d1732e1535" publication-type="book">
Marcus, G. 1997. Invisible Republic (New York, Henry Holt and Company).<person-group>
                  <string-name>
                     <surname>Marcus</surname>
                  </string-name>
               </person-group>
               <source>Invisible Republic</source>
               <year>1997</year>
            </mixed-citation>
         </ref>
         <ref id="d1732e1558a1310">
            <mixed-citation id="d1732e1562" publication-type="book">
McNeil, W.K. 1997. 'Southern folk music on records', in Long Journey Home, ed. A. Tullos (Chapel Hill,
University of North Carolina Press), pp. 178-86<person-group>
                  <string-name>
                     <surname>McNeil</surname>
                  </string-name>
               </person-group>
               <comment content-type="section">Southern folk music on records</comment>
               <fpage>178</fpage>
               <source>Long Journey Home</source>
               <year>1997</year>
            </mixed-citation>
         </ref>
         <ref id="d1732e1594a1310">
            <mixed-citation id="d1732e1598" publication-type="journal">
Miller, P.L. 1995. 'Recorded Americana', Notes, 2nd Ser., 9/4, pp. 541-3<object-id pub-id-type="doi">10.2307/890128</object-id>
               <fpage>541</fpage>
            </mixed-citation>
         </ref>
         <ref id="d1732e1611a1310">
            <mixed-citation id="d1732e1615" publication-type="journal">
Morris, C. 1997. 'Smithsonian to reissue its classic folk anthology set', Billboard, 109/25, pp. 8, 89<person-group>
                  <string-name>
                     <surname>Morris</surname>
                  </string-name>
               </person-group>
               <issue>25</issue>
               <fpage>8</fpage>
               <volume>109</volume>
               <source>Billboard</source>
               <year>1997</year>
            </mixed-citation>
         </ref>
         <ref id="d1732e1647a1310">
            <mixed-citation id="d1732e1651" publication-type="book">
Pankake, J. 1995. 'Jon Pankake', in Wasn't that a Time, ed. R.D. Cohen (New Jersey, The Scarecrow Press),
pp. 105-14<person-group>
                  <string-name>
                     <surname>Pankake</surname>
                  </string-name>
               </person-group>
               <comment content-type="section">Jon Pankake</comment>
               <fpage>105</fpage>
               <source>Wasn't that a Time</source>
               <year>1995</year>
            </mixed-citation>
            <mixed-citation id="d1732e1682" publication-type="book">
1997. 'The Brotherhood of the Anthology', in Booklet, pp. 26-8<fpage>26</fpage>
               <source>Booklet</source>
               <year>1997</year>
            </mixed-citation>
         </ref>
         <ref id="d1732e1698a1310">
            <mixed-citation id="d1732e1702" publication-type="book">
Peterson, R.A. 1997. Creating Country Music (Chicago, University of Chicago Press)<person-group>
                  <string-name>
                     <surname>Peterson</surname>
                  </string-name>
               </person-group>
               <source>Creating Country Music</source>
               <year>1997</year>
            </mixed-citation>
         </ref>
         <ref id="d1732e1724a1310">
            <mixed-citation id="d1732e1728" publication-type="journal">
Piazza, T. 1997. 'A folk album that awakened a generation', The New York Times, 24 August, pp. H32, 34<person-group>
                  <string-name>
                     <surname>Piazza</surname>
                  </string-name>
               </person-group>
               <issue>24 August</issue>
               <fpage>H32</fpage>
               <source>The New York Times</source>
               <year>1997</year>
            </mixed-citation>
         </ref>
         <ref id="d1732e1758a1310">
            <mixed-citation id="d1732e1762" publication-type="other">
Place, J. 2002. Interview with Bob Edwards, Morning Edition, 'America's folk music', 17 July,
&lt;http://www.npr.org/programs/morning/features/2002/jul/anthology/&gt;, 30 July 2002</mixed-citation>
         </ref>
         <ref id="d1732e1772a1310">
            <mixed-citation id="d1732e1776" publication-type="book">
Pratt, R. 1994 [1990]. Rhythm and Resistance (Washington D.C., Smithsonian Institution Press)<person-group>
                  <string-name>
                     <surname>Pratt</surname>
                  </string-name>
               </person-group>
               <source>Rhythm and Resistance</source>
               <year>1994</year>
            </mixed-citation>
         </ref>
         <ref id="d1732e1798a1310">
            <mixed-citation id="d1732e1802" publication-type="book">
Reuss, R.A., and Reuss, J.C. 2000. American Folk Music and Left Wing Politics, 1927-1957 (Maryland,
Scarecrow Press)<person-group>
                  <string-name>
                     <surname>Reuss</surname>
                  </string-name>
               </person-group>
               <source>American Folk Music and Left Wing Politics, 1927-1957</source>
               <year>2000</year>
            </mixed-citation>
         </ref>
         <ref id="d1732e1827a1310">
            <mixed-citation id="d1732e1831" publication-type="journal">
Roscigno, V.J., and Danaher, W.F. 2001. 'Media and mobilization', American Sociological Review, 66, pp. 21-48<object-id pub-id-type="doi">10.2307/2657392</object-id>
               <fpage>21</fpage>
            </mixed-citation>
         </ref>
         <ref id="d1732e1844a1310">
            <mixed-citation id="d1732e1848" publication-type="book">
Rosenburg, N.V. 1997. Booklet, pp. 35-6<person-group>
                  <string-name>
                     <surname>Rosenburg</surname>
                  </string-name>
               </person-group>
               <fpage>35</fpage>
               <source>Booklet</source>
               <year>1997</year>
            </mixed-citation>
         </ref>
         <ref id="d1732e1873a1310">
            <mixed-citation id="d1732e1877" publication-type="journal">
Russell, T. 1982. 'Folk music in America', Popular Music, 2, pp. 259-68<object-id pub-id-type="jstor">10.2307/852985</object-id>
               <fpage>259</fpage>
            </mixed-citation>
         </ref>
         <ref id="d1732e1891a1310">
            <mixed-citation id="d1732e1895" publication-type="book">
Sante, L. 1997. Quoted in Booklet, pp. 30-1<person-group>
                  <string-name>
                     <surname>Sante</surname>
                  </string-name>
               </person-group>
               <fpage>30</fpage>
               <source>Booklet</source>
               <year>1997</year>
            </mixed-citation>
         </ref>
         <ref id="d1732e1920a1310">
            <mixed-citation id="d1732e1924" publication-type="journal">
Santoro, M. 2002. 'What is a "cantautore?" ', Poetics, 30, pp. 111-32<person-group>
                  <string-name>
                     <surname>Santoro</surname>
                  </string-name>
               </person-group>
               <fpage>111</fpage>
               <volume>30</volume>
               <source>Poetics</source>
               <year>2002</year>
            </mixed-citation>
         </ref>
         <ref id="d1732e1953a1310">
            <mixed-citation id="d1732e1957" publication-type="book">
Seeger, A., and Horowitz, A. 1997. 'Introduction', in Booklet, p. 3<person-group>
                  <string-name>
                     <surname>Seeger</surname>
                  </string-name>
               </person-group>
               <fpage>3</fpage>
               <source>Booklet</source>
               <year>1997</year>
            </mixed-citation>
         </ref>
         <ref id="d1732e1982a1310">
            <mixed-citation id="d1732e1986" publication-type="journal">
Shelton, R. 1961. 'Guide to the Southern folk-song maze', New York Times, 4 June, p. XII<person-group>
                  <string-name>
                     <surname>Shelton</surname>
                  </string-name>
               </person-group>
               <issue>4 June</issue>
               <fpage>XII</fpage>
               <source>New York Times</source>
               <year>1961</year>
            </mixed-citation>
         </ref>
         <ref id="d1732e2015a1310">
            <mixed-citation id="d1732e2019" publication-type="book">
Silber, I. 1995. 'Irwin Silber', in Wasn't that a Time, ed. R.D. Cohen (New Jersey, Scarecrow Press),
pp. 89-104<person-group>
                  <string-name>
                     <surname>Silber</surname>
                  </string-name>
               </person-group>
               <comment content-type="section">Irwin Silber</comment>
               <fpage>89</fpage>
               <source>Wasn't that a Time</source>
               <year>1995</year>
            </mixed-citation>
         </ref>
         <ref id="d1732e2051a1310">
            <mixed-citation id="d1732e2055" publication-type="book">
Singh, R. (ed.) 1998. Think of the Self Speaking (Seattle, Elbow/Cityful Press)<person-group>
                  <string-name>
                     <surname>Singh</surname>
                  </string-name>
               </person-group>
               <source>Think of the Self Speaking</source>
               <year>1998</year>
            </mixed-citation>
         </ref>
         <ref id="d1732e2078a1310">
            <mixed-citation id="d1732e2082" publication-type="book">
Stampfel, P. 1997. Quoted in Booklet, pp. 21-5<person-group>
                  <string-name>
                     <surname>Stampfel</surname>
                  </string-name>
               </person-group>
               <fpage>21</fpage>
               <source>Booklet</source>
               <year>1997</year>
            </mixed-citation>
         </ref>
         <ref id="d1732e2107a1310">
            <mixed-citation id="d1732e2111" publication-type="journal">
Street, J. 2000. 'Invisible republics and secret histories', Cultural Values, 4/3, pp. 298-313<person-group>
                  <string-name>
                     <surname>Street</surname>
                  </string-name>
               </person-group>
               <issue>3</issue>
               <fpage>298</fpage>
               <volume>4</volume>
               <source>Cultural Values</source>
               <year>2000</year>
            </mixed-citation>
         </ref>
         <ref id="d1732e2143a1310">
            <mixed-citation id="d1732e2147" publication-type="book">
Ward, B. 1998. Just My Soul Responding (Berkeley and LA, University of California Press)<person-group>
                  <string-name>
                     <surname>Ward</surname>
                  </string-name>
               </person-group>
               <source>Just My Soul Responding</source>
               <year>1998</year>
            </mixed-citation>
         </ref>
         <ref id="d1732e2169a1310">
            <mixed-citation id="d1732e2173" publication-type="book">
Woliver, R. 1986. Hoot! (New York, St. Martin's Press)<person-group>
                  <string-name>
                     <surname>Woliver</surname>
                  </string-name>
               </person-group>
               <source>Hoot!</source>
               <year>1986</year>
            </mixed-citation>
         </ref>
         <ref id="d1732e2195a1310">
            <mixed-citation id="d1732e2199" publication-type="journal">
Young, I. 1958. 'The Cuckoo', Sing Out!, 8/1, p. 22-3<person-group>
                  <string-name>
                     <surname>Young</surname>
                  </string-name>
               </person-group>
               <issue>1</issue>
               <fpage>22</fpage>
               <volume>8</volume>
               <source>Sing Out!</source>
               <year>1958</year>
            </mixed-citation>
            <mixed-citation id="d1732e2230" publication-type="journal">
1977. 'Moses Asch', Sing Out!, 26/2, pp. 25-6, 28-9<person-group>
                  <string-name>
                     <surname>Young</surname>
                  </string-name>
               </person-group>
               <issue>2</issue>
               <fpage>25</fpage>
               <volume>26</volume>
               <source>Sing Out!</source>
               <year>1977</year>
            </mixed-citation>
         </ref>
         <ref id="d1732e2262a1310">
            <mixed-citation id="d1732e2266" publication-type="other">
Smith, H.E. 1952. Anthology of American Folk Music. Folkways Records. FA 2951-FA 2953</mixed-citation>
         </ref>
      </ref-list>
   </back>
</article>
