<article xmlns:xsi="http://www.w3.org/2001/XMLSchema-instance"
         xmlns:xlink="http://www.w3.org/1999/xlink"
         xmlns:mml="http://www.w3.org/1998/Math/MathML"
         dtd-version="1.0"
         article-type="research-article">
   <front>
      <journal-meta>
         <journal-id journal-id-type="jstor">popularmusic</journal-id>
         <journal-id journal-id-type="jstor">j100590</journal-id>
         <journal-title-group>
            <journal-title>Popular Music</journal-title>
         </journal-title-group>
         <publisher>
            <publisher-name>Cambridge University Press</publisher-name>
         </publisher>
         <issn pub-type="ppub">02611430</issn>
         <issn pub-type="epub">14740095</issn>
      </journal-meta>
      <article-meta>
         <article-id pub-id-type="jstor">3877523</article-id>
         <title-group>
            <article-title>Elvis Costello, the Empire of the E Chord, and a Magic Moment or Two</article-title>
         </title-group>
         <contrib-group>
            <contrib contrib-type="author">
               <string-name>
                  <given-names>David</given-names>
                  <surname>Brackett</surname>
               </string-name>
            </contrib>
         </contrib-group>
         <pub-date>
            <day>1</day>
            <month>10</month>
            <year>2005</year>
         </pub-date>
         <volume>24</volume>
         <issue>3</issue>
         <issue-id>i371788</issue-id>
         <fpage>357</fpage>
         <lpage>367</lpage>
         <page-range>357-367</page-range>
         <permissions>
            <copyright-statement>Copyright 2005 Cambridge University Press</copyright-statement>
         </permissions>
         <self-uri xlink:href="http://www.jstor.org/stable/3877523"/>
         <abstract>
            <p>The phrase 'this magic moment' recurs throughout Elvis Costello's 'It's Time' (1996). An allusion to pop history - the Drifter's 'This Magic Moment' (1960) - is thus used in the service of a fatalistic narrative that manages to evoke both the 'revenge and guilt' famously associated with Costello's early career and the early 1960's romanticism of Brill Building pop. The musical 'magic moment' of the song arrives in a ringing E major chord at the end of the chorus, played in open position on the electric guitar. The use of this E major chord references another line of pop music history, one that stretches back to the formation of 'folk-rock' in the mid-1960s. This paper serves as an example of how one song creates a series of magic moments that resonate densely with simultaneous histories.</p>
         </abstract>
         <custom-meta-group>
            <custom-meta>
               <meta-name>lang</meta-name>
               <meta-value>eng</meta-value>
            </custom-meta>
         </custom-meta-group>
      </article-meta>
   </front>
   <back>
      <ref-list>
         <title>Endnotes</title>
         <ref id="d14561e213a1310">
            <label>1</label>
            <mixed-citation id="d14561e220" publication-type="other">
Frith 1996, p. 157</mixed-citation>
            <mixed-citation id="d14561e226" publication-type="other">
Kramer (1988)</mixed-citation>
         </ref>
         <ref id="d14561e233a1310">
            <label>2</label>
            <mixed-citation id="d14561e242" publication-type="other">
Philip Tagg (1979; 1991; 2003)</mixed-citation>
            <mixed-citation id="d14561e248" publication-type="other">
Richard Middleton (1990, pp. 172-
246)</mixed-citation>
         </ref>
         <ref id="d14561e258a1310">
            <label>4</label>
            <mixed-citation id="d14561e265" publication-type="other">
Frith 1996,
pp. 141-2</mixed-citation>
            <mixed-citation id="d14561e274" publication-type="other">
Middleton 1990, pp. 224-7, 264-7</mixed-citation>
            <mixed-citation id="d14561e280" publication-type="other">
Keil
[1966] 1994</mixed-citation>
         </ref>
         <ref id="d14561e290a1310">
            <label>5</label>
            <mixed-citation id="d14561e297" publication-type="other">
School of Rock (2003)</mixed-citation>
         </ref>
         <ref id="d14561e305a1310">
            <label>6</label>
            <mixed-citation id="d14561e312" publication-type="other">
Palmer 1991</mixed-citation>
         </ref>
         <ref id="d14561e319a1310">
            <label>8</label>
            <mixed-citation id="d14561e326" publication-type="other">
Laing
(1969, p. 99)</mixed-citation>
            <mixed-citation id="d14561e335" publication-type="other">
Middleton 1990, p. 228)</mixed-citation>
         </ref>
         <ref id="d14561e342a1310">
            <label>10</label>
            <mixed-citation id="d14561e349" publication-type="other">
Derrida (1980)</mixed-citation>
            <mixed-citation id="d14561e355" publication-type="other">
Fabbri
(1982)</mixed-citation>
            <mixed-citation id="d14561e364" publication-type="other">
Walser (1993)</mixed-citation>
            <mixed-citation id="d14561e371" publication-type="other">
Frith (1996)</mixed-citation>
            <mixed-citation id="d14561e377" publication-type="other">
Negus
(1999)</mixed-citation>
            <mixed-citation id="d14561e386" publication-type="other">
Toynbee (2000)</mixed-citation>
            <mixed-citation id="d14561e392" publication-type="other">
Brackett (2002)</mixed-citation>
            <mixed-citation id="d14561e398" publication-type="other">
Brackett (2005)</mixed-citation>
         </ref>
         <ref id="d14561e405a1310">
            <label>11</label>
            <mixed-citation id="d14561e412" publication-type="other">
Palmer (1991)</mixed-citation>
         </ref>
         <ref id="d14561e419a1310">
            <label>12</label>
            <mixed-citation id="d14561e426" publication-type="other">
Keightley
2002</mixed-citation>
         </ref>
         <ref id="d14561e436a1310">
            <label>13</label>
            <mixed-citation id="d14561e443" publication-type="other">
Brackett (2002; 2003; 2005)</mixed-citation>
            <mixed-citation id="d14561e449" publication-type="other">
Gendron 2002, pp. 186-7, 219-
21</mixed-citation>
            <mixed-citation id="d14561e458" publication-type="other">
Bourdieu (1993)</mixed-citation>
            <mixed-citation id="d14561e465" publication-type="other">
Gendron (2002)</mixed-citation>
         </ref>
         <ref id="d14561e473a1310">
            <label>14</label>
            <mixed-citation id="d14561e484" publication-type="other">
Bakhtin (1986, pp. 60-102, esp. 95-100)</mixed-citation>
            <mixed-citation id="d14561e491" publication-type="other">
Bourdieu (1993, pp. 29-
73</mixed-citation>
            <mixed-citation id="d14561e500" publication-type="other">
Wolfe 1965</mixed-citation>
            <mixed-citation id="d14561e506" publication-type="other">
Billboard
1965</mixed-citation>
         </ref>
      </ref-list>
      <ref-list>
         <title>References</title>
         <ref id="d14561e525a1310">
            <mixed-citation id="d14561e529" publication-type="book">
Bakhtin, M. 1986. Speech Genres and Other Late Essays, trans. V.W. McGee, ed. C. Emerson and M. Holquist
(Austin, University of Texas Press)<person-group>
                  <string-name>
                     <surname>Bakhtin</surname>
                  </string-name>
               </person-group>
               <source>Speech Genres and Other Late Essays</source>
               <year>1986</year>
            </mixed-citation>
         </ref>
         <ref id="d14561e554a1310">
            <mixed-citation id="d14561e558" publication-type="journal">
Billboard. 1965. 'Record of absurd gets serious play', Billboard (14 August), pp. 1, 57<person-group>
                  <string-name>
                     <surname>Billboard</surname>
                  </string-name>
               </person-group>
               <issue>14 August</issue>
               <fpage>1</fpage>
               <source>Billboard</source>
               <year>1965</year>
            </mixed-citation>
         </ref>
         <ref id="d14561e587a1310">
            <mixed-citation id="d14561e591" publication-type="book">
Bourdieu, P. 1993. The Field of Cultural Production: Essays on Art and Literature (New York, Columbia
University Press )<person-group>
                  <string-name>
                     <surname>Bourdieu</surname>
                  </string-name>
               </person-group>
               <source>The Field of Cultural Production: Essays on Art and Literature</source>
               <year>1993</year>
            </mixed-citation>
         </ref>
         <ref id="d14561e616a1310">
            <mixed-citation id="d14561e620" publication-type="book">
Brackett, D. 2002. '(In Search of) Musical Meaning: genres, categories, and crossover', in Popular Music
Studies: International Perspectives, ed D. Hesmondhalgh and K. Negus (London, Arnold Publishers; and
New York, Oxford University Press) pp. 65-83<person-group>
                  <string-name>
                     <surname>Brackett</surname>
                  </string-name>
               </person-group>
               <comment content-type="section">(In Search of) Musical Meaning: genres, categories, and crossover</comment>
               <fpage>65</fpage>
               <source>Popular Music Studies: International Perspectives</source>
               <year>2002</year>
            </mixed-citation>
            <mixed-citation id="d14561e654" publication-type="book">
---. 2003. 'What a Difference a Name Makes: two instances of African-American music', in The Cultural Study
of Music: A Critical Introduction, ed. M. Clayton, R. Middleton and T. Herbert (New York, Routledge),
pp. 238-50<person-group>
                  <string-name>
                     <surname>Brackett</surname>
                  </string-name>
               </person-group>
               <comment content-type="section">What a Difference a Name Makes: two instances of African-American music</comment>
               <fpage>238</fpage>
               <source>The Cultural Study of Music: A Critical Introduction</source>
               <year>2003</year>
            </mixed-citation>
            <mixed-citation id="d14561e688" publication-type="book">
---. 2005a. The Pop, Rock, and Soul Reader: Histories and Debates (New York and Oxford, Oxford University
Press)<person-group>
                  <string-name>
                     <surname>Brackett</surname>
                  </string-name>
               </person-group>
               <source>The Pop, Rock, and Soul Reader: Histories and Debates</source>
               <year>2005</year>
            </mixed-citation>
         </ref>
         <ref id="d14561e714a1310">
            <mixed-citation id="d14561e718" publication-type="journal">
---. 2005b. 'Questions of genre in Black popular music', Black Music Research journal, 25/1<person-group>
                  <string-name>
                     <surname>Brackett</surname>
                  </string-name>
               </person-group>
               <issue>1</issue>
               <volume>25</volume>
               <source>Black Music Research journal</source>
               <year>2005</year>
            </mixed-citation>
         </ref>
         <ref id="d14561e747a1310">
            <mixed-citation id="d14561e751" publication-type="book">
de Certeau, M. 1984. The Practice of Everyday Life (Berkeley and Los Angeles, University of California Press)<person-group>
                  <string-name>
                     <surname>de Certeau</surname>
                  </string-name>
               </person-group>
               <source>The Practice of Everyday Life</source>
               <year>1984</year>
            </mixed-citation>
         </ref>
         <ref id="d14561e773a1310">
            <mixed-citation id="d14561e777" publication-type="book">
Derrida, J. 1980. 'The law of genre', in On Narrative, ed. W.J.T. Mitchell (Chicago and London, The
University of Chicago Press), pp. 51-77<person-group>
                  <string-name>
                     <surname>Derrida</surname>
                  </string-name>
               </person-group>
               <comment content-type="section">The law of genre</comment>
               <fpage>51</fpage>
               <source>On Narrative</source>
               <year>1980</year>
            </mixed-citation>
         </ref>
         <ref id="d14561e809a1310">
            <mixed-citation id="d14561e813" publication-type="book">
Fabbri, F. 1982. 'A Theory of Musical Genres: two applications', in Popular Music Perspectives, ed. D. Horn
and P. Tagg (Göteborg and London, IASPM) pp. 52-81<person-group>
                  <string-name>
                     <surname>Fabbri</surname>
                  </string-name>
               </person-group>
               <comment content-type="section">A Theory of Musical Genres: two applications</comment>
               <fpage>52</fpage>
               <source>Popular Music Perspectives</source>
               <year>1982</year>
            </mixed-citation>
         </ref>
         <ref id="d14561e845a1310">
            <mixed-citation id="d14561e849" publication-type="book">
Frith, S. 1996. Performing Rites: On the Value of Popular Music (Cambridge, MA, Harvard University Press)<person-group>
                  <string-name>
                     <surname>Frith</surname>
                  </string-name>
               </person-group>
               <source>Performing Rites: On the Value of Popular Music</source>
               <year>1996</year>
            </mixed-citation>
         </ref>
         <ref id="d14561e871a1310">
            <mixed-citation id="d14561e875" publication-type="book">
Gendron, B. 2002. Between Montmartre and the Mudd Club: Popular Music and the Avant-Garde (Chicago,
University of Chicago Press )<person-group>
                  <string-name>
                     <surname>Gendron</surname>
                  </string-name>
               </person-group>
               <source>Between Montmartre and the Mudd Club: Popular Music and the Avant-Garde</source>
               <year>2002</year>
            </mixed-citation>
         </ref>
         <ref id="d14561e901a1310">
            <mixed-citation id="d14561e905" publication-type="book">
Keightley, K. 2002. 'Reconsidering rock', in The Cambridge Companion to Pop and Rock, ed. S. Frith, W. Straw
and J. Street (Cambridge, Cambridge University Press), pp. 109-42<person-group>
                  <string-name>
                     <surname>Keightley</surname>
                  </string-name>
               </person-group>
               <comment content-type="section">Reconsidering rock</comment>
               <fpage>109</fpage>
               <source>The Cambridge Companion to Pop and Rock</source>
               <year>2002</year>
            </mixed-citation>
         </ref>
         <ref id="d14561e937a1310">
            <mixed-citation id="d14561e941" publication-type="book">
Keil, C. [1966] 1994. 'Motion and feeling through music', in Music Grooves, ed. C. Keil and S. Feld (Chicago
and London, Chicago University Press) pp. 53-76<person-group>
                  <string-name>
                     <surname>Keil</surname>
                  </string-name>
               </person-group>
               <comment content-type="section">Motion and feeling through music</comment>
               <fpage>53</fpage>
               <source>Music Grooves</source>
               <year>1966</year>
            </mixed-citation>
         </ref>
         <ref id="d14561e973a1310">
            <mixed-citation id="d14561e977" publication-type="book">
Kramer, J. 1988. The Time of Music (New York, Schirmer Books)<person-group>
                  <string-name>
                     <surname>Kramer</surname>
                  </string-name>
               </person-group>
               <source>The Time of Music</source>
               <year>1988</year>
            </mixed-citation>
         </ref>
         <ref id="d14561e999a1310">
            <mixed-citation id="d14561e1003" publication-type="book">
Laing, D. 1969. The Sound of Our Time (London, Quadrangle)<person-group>
                  <string-name>
                     <surname>Laing</surname>
                  </string-name>
               </person-group>
               <source>The Sound of Our Time</source>
               <year>1969</year>
            </mixed-citation>
         </ref>
         <ref id="d14561e1025a1310">
            <mixed-citation id="d14561e1029" publication-type="book">
Middleton, R. 1990. Studying Popular Music (Milton Keynes, Open University Press)<person-group>
                  <string-name>
                     <surname>Middleton</surname>
                  </string-name>
               </person-group>
               <source>Studying Popular Music</source>
               <year>1990</year>
            </mixed-citation>
         </ref>
         <ref id="d14561e1051a1310">
            <mixed-citation id="d14561e1055" publication-type="book">
Negus, K. 1999. Music Genres and Corporate Cultures (London and New York, Routledge)<person-group>
                  <string-name>
                     <surname>Negus</surname>
                  </string-name>
               </person-group>
               <source>Music Genres and Corporate Cultures</source>
               <year>1999</year>
            </mixed-citation>
         </ref>
         <ref id="d14561e1078a1310">
            <mixed-citation id="d14561e1082" publication-type="journal">
Palmer, R. 1991. 'The Church of the Sonic Guitar', The South Atlantic Quarterly, 90/4, pp. 649-73<person-group>
                  <string-name>
                     <surname>Palmer</surname>
                  </string-name>
               </person-group>
               <issue>4</issue>
               <fpage>649</fpage>
               <volume>90</volume>
               <source>The South Atlantic Quarterly</source>
               <year>1991</year>
            </mixed-citation>
         </ref>
         <ref id="d14561e1114a1310">
            <mixed-citation id="d14561e1118" publication-type="book">
Tagg, P. 1979. Kojak: 50 Seconds of Television Music. Towards the Analysis of Affect in Popular Music (Göteborg,
Musikvetenskapliga Institutionen vid Göteborgs universitet)<person-group>
                  <string-name>
                     <surname>Tagg</surname>
                  </string-name>
               </person-group>
               <source>Kojak: 50 Seconds of Television Music. Towards the Analysis of Affect in Popular Music</source>
               <year>1979</year>
            </mixed-citation>
            <mixed-citation id="d14561e1142" publication-type="book">
---. 1991. Fernando the Flute (Liverpool, Institute of Popular Music, University of Liverpool)<person-group>
                  <string-name>
                     <surname>Tagg</surname>
                  </string-name>
               </person-group>
               <source>Fernando the Flute</source>
               <year>1991</year>
            </mixed-citation>
         </ref>
         <ref id="d14561e1164a1310">
            <mixed-citation id="d14561e1168" publication-type="book">
Tagg, P., and Clarida, B. 2003. Ten Little Title Tunes: Towards a Musicology of the Mass Media (New York,
Mass Media Music Scholar's Press )<person-group>
                  <string-name>
                     <surname>Tagg</surname>
                  </string-name>
               </person-group>
               <source>Ten Little Title Tunes: Towards a Musicology of the Mass Media</source>
               <year>2003</year>
            </mixed-citation>
         </ref>
         <ref id="d14561e1193a1310">
            <mixed-citation id="d14561e1197" publication-type="book">
Toynbee, J. 2000. Making Popular Music: Musicians, Creativity and Institutions (London, Arnold)<person-group>
                  <string-name>
                     <surname>Toynbee</surname>
                  </string-name>
               </person-group>
               <source>Making Popular Music: Musicians, Creativity and Institutions</source>
               <year>2000</year>
            </mixed-citation>
         </ref>
         <ref id="d14561e1219a1310">
            <mixed-citation id="d14561e1223" publication-type="book">
Walser, R. 1993. Running with the Devil: Power, Gender and Madness in Heavy Metal Music (Hanover, NH,
Wesleyan University Press)<person-group>
                  <string-name>
                     <surname>Walser</surname>
                  </string-name>
               </person-group>
               <source>Running with the Devil: Power, Gender and Madness in Heavy Metal Music</source>
               <year>1993</year>
            </mixed-citation>
         </ref>
         <ref id="d14561e1248a1310">
            <mixed-citation id="d14561e1252" publication-type="book">
Wolfe, T. 1965. 'The first tycoon of teen', The Kandy-Kolored Tangerine-Flake Streamline Baby (New York,
Farrar, Straus and Giroux) pp. 47-61<person-group>
                  <string-name>
                     <surname>Wolfe</surname>
                  </string-name>
               </person-group>
               <comment content-type="section">The first tycoon of teen</comment>
               <fpage>47</fpage>
               <source>The Kandy-Kolored Tangerine-Flake Streamline Baby</source>
               <year>1965</year>
            </mixed-citation>
            <mixed-citation id="d14561e1283" publication-type="other">
Brackett (2005), pp. 111-17</mixed-citation>
         </ref>
      </ref-list>
      <ref-list>
         <title>Discography</title>
         <ref id="d14561e1299a1310">
            <mixed-citation id="d14561e1303" publication-type="other">
Beatles, 'Nowhere Man', Rubber Soul. Parlophone PCS 3075. 1965</mixed-citation>
         </ref>
         <ref id="d14561e1310a1310">
            <mixed-citation id="d14561e1314" publication-type="other">
Byrds, 'I'll Feel a Whole Lot Better', Mr. Tambourine Man. Columbia 2372. 1965</mixed-citation>
            <mixed-citation id="d14561e1320" publication-type="other">
'Mr. Tambourine Man', Mr. Tambourine Man. Columbia 2372. 1965</mixed-citation>
            <mixed-citation id="d14561e1326" publication-type="other">
'Turn.' Turn! Turn! (To Everything There Is a Season)', Turn! Turn! Turn! Columbia 2454. 1965</mixed-citation>
         </ref>
         <ref id="d14561e1333a1310">
            <mixed-citation id="d14561e1337" publication-type="other">
Elvis Costello, 'It's Time', All This Useless Beauty. Warner 46198. 1996</mixed-citation>
            <mixed-citation id="d14561e1343" publication-type="other">
'It' Time' (demo), All This Useless Beauty. expanded edition, re-release. Rhino R2 74284. 2001</mixed-citation>
            <mixed-citation id="d14561e1349" publication-type="other">
'You Bowed Down', All This Useless Beauty. Warner 46198. 1996</mixed-citation>
         </ref>
         <ref id="d14561e1356a1310">
            <mixed-citation id="d14561e1360" publication-type="other">
Céline Dion, Falling Into You. 550 Music 67541. 1996</mixed-citation>
         </ref>
         <ref id="d14561e1368a1310">
            <mixed-citation id="d14561e1372" publication-type="other">
Drifters, 'Thos Magic Moment'. Atlantic 2050. 1960. re-released on The Very Best of the Drifters. Rhino R2
71211. 1993</mixed-citation>
         </ref>
         <ref id="d14561e1382a1310">
            <mixed-citation id="d14561e1386" publication-type="other">
Bob Dylan, 'I Don' t Beleive You', Another Side of Bob Dylan. Colunbia 2193/8993. 1964</mixed-citation>
         </ref>
      </ref-list>
   </back>
</article>
