<article xmlns:xsi="http://www.w3.org/2001/XMLSchema-instance"
         xmlns:xlink="http://www.w3.org/1999/xlink"
         xmlns:mml="http://www.w3.org/1998/Math/MathML"
         dtd-version="1.0"
         article-type="research-article">
   <front>
      <journal-meta>
         <journal-id journal-id-type="jstor">popularmusic</journal-id>
         <journal-id journal-id-type="jstor">j100590</journal-id>
         <journal-title-group>
            <journal-title>Popular Music</journal-title>
         </journal-title-group>
         <publisher>
            <publisher-name>Cambridge University Press</publisher-name>
         </publisher>
         <issn pub-type="ppub">02611430</issn>
         <issn pub-type="epub">14740095</issn>
      </journal-meta>
      <article-meta>
         <article-id pub-id-type="jstor">3877530</article-id>
         <article-categories>
            <subj-group>
               <subject>Middle Eight</subject>
            </subj-group>
         </article-categories>
         <title-group>
            <article-title>Classical Puts Me to Sleep</article-title>
         </title-group>
         <contrib-group>
            <contrib contrib-type="author">
               <string-name>
                  <given-names>Brian</given-names>
                  <surname>Goedde</surname>
               </string-name>
            </contrib>
         </contrib-group>
         <pub-date>
            <day>1</day>
            <month>10</month>
            <year>2005</year>
         </pub-date>
         <volume>24</volume>
         <issue>3</issue>
         <issue-id>i371788</issue-id>
         <fpage>439</fpage>
         <lpage>443</lpage>
         <page-range>439-443</page-range>
         <permissions>
            <copyright-statement>Copyright 2005 Cambridge University Press</copyright-statement>
         </permissions>
         <self-uri xlink:href="http://www.jstor.org/stable/3877530"/>
         <custom-meta-group>
            <custom-meta>
               <meta-name>lang</meta-name>
               <meta-value>eng</meta-value>
            </custom-meta>
         </custom-meta-group>
      </article-meta>
   </front>
   <back>
      <ref-list>
         <title>References</title>
         <ref id="d14570e124a1310">
            <mixed-citation id="d14570e128" publication-type="book">
Bauer, H. (ed.) 1945. Robert Schumann: Scenes from Childhood: for the piano: op. 15 (New York, G. Shirmer)<person-group>
                  <string-name>
                     <surname>Bauer</surname>
                  </string-name>
               </person-group>
               <source>Robert Schumann: Scenes from Childhood: for the piano: op. 15</source>
               <year>1945</year>
            </mixed-citation>
         </ref>
         <ref id="d14570e150a1310">
            <mixed-citation id="d14570e154" publication-type="book">
Brendel, A. 1976. 'Testing the Grown-Up Player: Schumann's Kinderszenen' in Alfred Brendel on Music
(Chicago, A Capella Books)<person-group>
                  <string-name>
                     <surname>Brendel</surname>
                  </string-name>
               </person-group>
               <comment content-type="section">Testing the Grown-Up Player: Schumann's Kinderszenen</comment>
               <source>Alfred Brendel on Music</source>
               <year>1976</year>
            </mixed-citation>
         </ref>
         <ref id="d14570e183a1310">
            <mixed-citation id="d14570e187" publication-type="book">
Fitzgerald, F.S. 1992. The Great Gatsby (New York, Collier Books)<person-group>
                  <string-name>
                     <surname>Fitzgerald</surname>
                  </string-name>
               </person-group>
               <source>The Great Gatsby</source>
               <year>1992</year>
            </mixed-citation>
         </ref>
         <ref id="d14570e209a1310">
            <mixed-citation id="d14570e213" publication-type="book">
Homer. 1998. The Odyssey, trans. Robert Fitzgerald (New York, Farrar, Straus, Giroux)<person-group>
                  <string-name>
                     <surname>Homer</surname>
                  </string-name>
               </person-group>
               <source>The Odyssey</source>
               <year>1998</year>
            </mixed-citation>
         </ref>
         <ref id="d14570e236a1310">
            <mixed-citation id="d14570e240" publication-type="other">
Kraemer, U. 1975. Liner notes. Sacred Songs, LP (Archiv Produktion)</mixed-citation>
         </ref>
         <ref id="d14570e247a1310">
            <mixed-citation id="d14570e251" publication-type="book">
Lebrecht, N. 1998. Who Killed Classical Music?: Maestros, Managers, and Corporate Politics (Secaucus, Carol
Pub. Group)<person-group>
                  <string-name>
                     <surname>Lebrecht</surname>
                  </string-name>
               </person-group>
               <comment content-type="section">Who Killed Classical Music?</comment>
               <source>Maestros, Managers, and Corporate Politics</source>
               <year>1998</year>
            </mixed-citation>
         </ref>
      </ref-list>
      <ref-list>
         <title>Discography</title>
         <ref id="d14570e289a1310">
            <mixed-citation id="d14570e293" publication-type="other">
J.S. Bach, 'Kom Susser Tod', Sacred Songs. Archiv Produktion. 1975</mixed-citation>
         </ref>
         <ref id="d14570e300a1310">
            <mixed-citation id="d14570e304" publication-type="other">
Johannes Brahms, Ein deutsches Requiem: opus 45: nach Worten der Heiligen Schrift. Erato 4509-92856-2. 1993</mixed-citation>
         </ref>
         <ref id="d14570e311a1310">
            <mixed-citation id="d14570e315" publication-type="other">
Claude Debussy, Nocturnes; Jeux. Philips 400 023-2. 1980</mixed-citation>
         </ref>
         <ref id="d14570e322a1310">
            <mixed-citation id="d14570e326" publication-type="other">
George Gershwin, Gershwin by Gershwin. ProArte 514. 1990</mixed-citation>
         </ref>
         <ref id="d14570e334a1310">
            <mixed-citation id="d14570e338" publication-type="other">
Wolfgang Amadeus Mozart, Eine kleine Nachtmusik: K. 525: (serenade in G); 'Posthorn' serenad: K. 320:
(serenade no. 9 in D). Telarc 80108. 1985</mixed-citation>
         </ref>
         <ref id="d14570e348a1310">
            <mixed-citation id="d14570e352" publication-type="other">
Robert Schumann, Humoreske; Kinderszenen; Kreisleriana. London 440 496-2. 1995</mixed-citation>
         </ref>
      </ref-list>
   </back>
</article>
