<article xmlns:xsi="http://www.w3.org/2001/XMLSchema-instance"
         xmlns:xlink="http://www.w3.org/1999/xlink"
         xmlns:mml="http://www.w3.org/1998/Math/MathML"
         dtd-version="1.0"
         article-type="research-article">
   <front>
      <journal-meta>
         <journal-id journal-id-type="jstor">popularmusic</journal-id>
         <journal-id journal-id-type="jstor">j100590</journal-id>
         <journal-title-group>
            <journal-title>Popular Music</journal-title>
         </journal-title-group>
         <publisher>
            <publisher-name>Cambridge University Press</publisher-name>
         </publisher>
         <issn pub-type="ppub">02611430</issn>
         <issn pub-type="epub">14740095</issn>
      </journal-meta>
      <article-meta>
         <article-id pub-id-type="jstor">3877558</article-id>
         <title-group>
            <article-title>"Kind of Blue" and the Economy of Modal Jazz</article-title>
         </title-group>
         <contrib-group>
            <contrib contrib-type="author">
               <string-name>
                  <given-names>Samuel</given-names>
                  <surname>Barrett</surname>
               </string-name>
            </contrib>
         </contrib-group>
         <pub-date>
            <day>1</day>
            <month>5</month>
            <year>2006</year>
         </pub-date>
         <volume>25</volume>
         <issue>2</issue>
         <issue-id>i371790</issue-id>
         <fpage>185</fpage>
         <lpage>200</lpage>
         <page-range>185-200</page-range>
         <permissions>
            <copyright-statement>Copyright 2006 Cambridge University Press</copyright-statement>
         </permissions>
         <self-uri xlink:href="http://www.jstor.org/stable/3877558"/>
         <abstract>
            <p>Kind of Blue has been misrepresented by its promoters. The roots in the blues of the best-selling jazz album have repeatedly been obscured in favour of modal features whose associations are less problematic for those coping with the realities of racial injustice. The case that the blues underpins the modal language of the album is made through reconsideration of the claims made for compositional features of individual tracks. Recognition of the transformed blues language that lies at the heart of the album places questions of its significance on a new footing, opening up the mix of musical languages on the album to interpretation within the context of integrationist ideals of the late 1950s. A critical reading of the album against this backdrop leads to the suggestion that the ongoing commercial success of the album can be partly attributed to a retention of integrationist ideals that masks the reality of persistent inequalities in race relations.</p>
         </abstract>
         <custom-meta-group>
            <custom-meta>
               <meta-name>lang</meta-name>
               <meta-value>eng</meta-value>
            </custom-meta>
         </custom-meta-group>
      </article-meta>
   </front>
   <back>
      <ref-list>
         <title>Endnotes</title>
         <ref id="d9249e252a1310">
            <label>2</label>
            <mixed-citation id="d9249e261" publication-type="other">
Kahn (2000,
pp. 96, 154)</mixed-citation>
         </ref>
         <ref id="d9249e271a1310">
            <label>3</label>
            <mixed-citation id="d9249e278" publication-type="other">
Gridley 1978, p. 182</mixed-citation>
            <mixed-citation id="d9249e284" publication-type="other">
Beiden 2000, p. 395</mixed-citation>
         </ref>
         <ref id="d9249e291a1310">
            <label>4</label>
            <mixed-citation id="d9249e298" publication-type="other">
Davis 1989,
p. 221</mixed-citation>
         </ref>
         <ref id="d9249e308a1310">
            <label>5</label>
            <mixed-citation id="d9249e315" publication-type="other">
Middleton (1972, pp. 148-61)</mixed-citation>
            <mixed-citation id="d9249e321" publication-type="other">
Hatch
and Millward (1987, pp. 68-86)</mixed-citation>
            <mixed-citation id="d9249e330" publication-type="other">
Headlam
(2002, pp. 158-66)</mixed-citation>
            <mixed-citation id="d9249e340" publication-type="other">
Ward (1998)</mixed-citation>
         </ref>
         <ref id="d9249e348a1310">
            <label>6</label>
            <mixed-citation id="d9249e355" publication-type="other">
Gunnar Myrdal's An American Dilemma</mixed-citation>
            <mixed-citation id="d9249e361" publication-type="other">
Rose
1964</mixed-citation>
            <mixed-citation id="d9249e370" publication-type="other">
Ellison 1973</mixed-citation>
         </ref>
         <ref id="d9249e377a1310">
            <label>7</label>
            <mixed-citation id="d9249e384" publication-type="other">
Branch (1988, pp. 69-271)</mixed-citation>
         </ref>
         <ref id="d9249e391a1310">
            <label>8</label>
            <mixed-citation id="d9249e398" publication-type="other">
Gridley (1978, p. 182).</mixed-citation>
         </ref>
         <ref id="d9249e405a1310">
            <label>9</label>
            <mixed-citation id="d9249e412" publication-type="other">
Jost (1975, p.21).</mixed-citation>
         </ref>
         <ref id="d9249e419a1310">
            <label>10</label>
            <mixed-citation id="d9249e426" publication-type="other">
Tirro (1993, p. 361).</mixed-citation>
         </ref>
         <ref id="d9249e433a1310">
            <label>11</label>
            <mixed-citation id="d9249e440" publication-type="other">
Collier (1978, pp. 432-3).</mixed-citation>
         </ref>
         <ref id="d9249e448a1310">
            <label>12</label>
            <mixed-citation id="d9249e455" publication-type="other">
Jost 1975, p. 22</mixed-citation>
            <mixed-citation id="d9249e461" publication-type="other">
Kerschbaumer (1978, p. 92)</mixed-citation>
         </ref>
         <ref id="d9249e468a1310">
            <label>13</label>
            <mixed-citation id="d9249e475" publication-type="other">
Kahn (2000, p. 70).</mixed-citation>
         </ref>
         <ref id="d9249e482a1310">
            <label>14</label>
            <mixed-citation id="d9249e489" publication-type="other">
Katz (2004)</mixed-citation>
         </ref>
         <ref id="d9249e496a1310">
            <label>15</label>
            <mixed-citation id="d9249e503" publication-type="other">
Kernfeld (1981, pp. 137-44).</mixed-citation>
         </ref>
         <ref id="d9249e510a1310">
            <label>17</label>
            <mixed-citation id="d9249e517" publication-type="other">
Middleton (1990, pp. 198-200)</mixed-citation>
            <mixed-citation id="d9249e523" publication-type="book">
A.
Björnberg, 'On Aeolian harmony in contem-
porary popular music', paper presented to the
Third International Conference of IASPM,
Montreal<person-group>
                  <string-name>
                     <surname>Björnberg</surname>
                  </string-name>
               </person-group>
               <comment content-type="section">On Aeolian harmony in contemporary popular music</comment>
               <source>Third International Conference of IASPM, Montreal</source>
            </mixed-citation>
         </ref>
         <ref id="d9249e558a1310">
            <label>19</label>
            <mixed-citation id="d9249e565" publication-type="other">
Kernfeld (1981, p. 157).</mixed-citation>
         </ref>
         <ref id="d9249e573a1310">
            <label>21</label>
            <mixed-citation id="d9249e580" publication-type="other">
Baraka (1987, p. 303).</mixed-citation>
         </ref>
         <ref id="d9249e587a1310">
            <label>22</label>
            <mixed-citation id="d9249e594" publication-type="other">
Baraka (1987, p. 294)</mixed-citation>
            <mixed-citation id="d9249e600" publication-type="other">
Tomlinson (1992,
pp. 79-93)</mixed-citation>
         </ref>
         <ref id="d9249e610a1310">
            <label>23</label>
            <mixed-citation id="d9249e617" publication-type="other">
Monson (1998, pp. 149-68)</mixed-citation>
         </ref>
         <ref id="d9249e624a1310">
            <label>25</label>
            <mixed-citation id="d9249e631" publication-type="other">
Jameson (1991, pp. 1-54)</mixed-citation>
         </ref>
         <ref id="d9249e638a1310">
            <label>26</label>
            <mixed-citation id="d9249e645" publication-type="other">
Mehegan (1965,
pp. 16-17)</mixed-citation>
            <mixed-citation id="d9249e654" publication-type="other">
Davis (1989, pp. 224-5)</mixed-citation>
         </ref>
         <ref id="d9249e661a1310">
            <label>27</label>
            <mixed-citation id="d9249e668" publication-type="other">
Lipsitz (1998).</mixed-citation>
         </ref>
         <ref id="d9249e676a1310">
            <label>28</label>
            <mixed-citation id="d9249e683" publication-type="other">
Baker (1984, p. 3).</mixed-citation>
         </ref>
         <ref id="d9249e690a1310">
            <label>29</label>
            <mixed-citation id="d9249e697" publication-type="other">
Baker's reference is to Wright (1964,
pp. 69-105)</mixed-citation>
         </ref>
         <ref id="d9249e707a1310">
            <label>30</label>
            <mixed-citation id="d9249e714" publication-type="other">
Baker (1984, p. 69).</mixed-citation>
         </ref>
         <ref id="d9249e721a1310">
            <label>31</label>
            <mixed-citation id="d9249e728" publication-type="other">
Baraka 1963</mixed-citation>
         </ref>
         <ref id="d9249e735a1310">
            <label>32</label>
            <mixed-citation id="d9249e744" publication-type="other">
Ellison 1967, pp. 247-58</mixed-citation>
            <mixed-citation id="d9249e750" publication-type="other">
Titon (1993, pp. 220-40)</mixed-citation>
         </ref>
         <ref id="d9249e757a1310">
            <label>33</label>
            <mixed-citation id="d9249e766" publication-type="other">
Bane
(1982)</mixed-citation>
            <mixed-citation id="d9249e775" publication-type="other">
Cook (1973)</mixed-citation>
            <mixed-citation id="d9249e782" publication-type="other">
Keil (1991, pp. 232-4)</mixed-citation>
         </ref>
      </ref-list>
      <ref-list>
         <title>References</title>
         <ref id="d9249e798a1310">
            <mixed-citation id="d9249e802" publication-type="book">
Baker (Jr.), H.A. 1984. Blues, Ideology, and Afro-American Literature: A Vernacular Theory (Chicago &amp; London,
University of Chicago Press)<person-group>
                  <string-name>
                     <surname>Baker</surname>
                  </string-name>
               </person-group>
               <source>Blues, Ideology, and Afro-American Literature: A Vernacular Theory</source>
               <year>1984</year>
            </mixed-citation>
         </ref>
         <ref id="d9249e827a1310">
            <mixed-citation id="d9249e831" publication-type="book">
Bane, M. 1982. White Boy Singin' the Blues (Harmondsworth, Penguin)<person-group>
                  <string-name>
                     <surname>Bane</surname>
                  </string-name>
               </person-group>
               <source>White Boy Singin' the Blues</source>
               <year>1982</year>
            </mixed-citation>
         </ref>
         <ref id="d9249e853a1310">
            <mixed-citation id="d9249e857" publication-type="book">
Baraka, A. 1963. Blues People: The Negro Experience in White America and the Music that Developed from It
(New York, William Morrow)<person-group>
                  <string-name>
                     <surname>Baraka</surname>
                  </string-name>
               </person-group>
               <source>Blues People: The Negro Experience in White America and the Music that Developed from It</source>
               <year>1963</year>
            </mixed-citation>
         </ref>
         <ref id="d9249e882a1310">
            <mixed-citation id="d9249e886" publication-type="book">
Baraka, A. 1987. 'Miles: "One of the Great Mother Fuckers"', in The Music: Reflections on Jazz and Blues, ed.
A. and A. Baraka (New York, William Morrow), pp. 286-316<person-group>
                  <string-name>
                     <surname>Baraka</surname>
                  </string-name>
               </person-group>
               <comment content-type="section">Miles: "One of the Great Mother Fuckers"</comment>
               <fpage>286</fpage>
               <source>The Music: Reflections on Jazz and Blues</source>
               <year>1987</year>
            </mixed-citation>
         </ref>
         <ref id="d9249e919a1310">
            <mixed-citation id="d9249e923" publication-type="book">
Beiden, B. 2000. 'Miles Davis', in The New Oxford Companion to Jazz, ed. B. Kirchner (New York &amp; Oxford,
Oxford University Press)<person-group>
                  <string-name>
                     <surname>Beiden</surname>
                  </string-name>
               </person-group>
               <comment content-type="section">Miles Davis</comment>
               <source>The New Oxford Companion to Jazz</source>
               <year>2000</year>
            </mixed-citation>
         </ref>
         <ref id="d9249e952a1310">
            <mixed-citation id="d9249e956" publication-type="book">
Branch, T. 1988. Parting the Waters: Martin Luther King and the Civil Rights Movement 1954-63 (London,
Macmillan)<person-group>
                  <string-name>
                     <surname>Branch</surname>
                  </string-name>
               </person-group>
               <source>Parting the Waters: Martin Luther King and the Civil Rights Movement 1954-63</source>
               <year>1988</year>
            </mixed-citation>
         </ref>
         <ref id="d9249e981a1310">
            <mixed-citation id="d9249e985" publication-type="book">
Collier, J.L. 1978. The Making of Jazz: A Comprehensive History (London, Hart-Davis MacGibbon)<person-group>
                  <string-name>
                     <surname>Collier</surname>
                  </string-name>
               </person-group>
               <source>The Making of Jazz: A Comprehensive History</source>
               <year>1978</year>
            </mixed-citation>
         </ref>
         <ref id="d9249e1007a1310">
            <mixed-citation id="d9249e1011" publication-type="book">
Cook, B. 1973. Listen to the Blues (New York, C. Scribner's Sons)<person-group>
                  <string-name>
                     <surname>Cook</surname>
                  </string-name>
               </person-group>
               <source>Listen to the Blues</source>
               <year>1973</year>
            </mixed-citation>
         </ref>
         <ref id="d9249e1033a1310">
            <mixed-citation id="d9249e1037" publication-type="book">
Davis, M., (with Troupe, Q.) 1989. Miles: The Autobiography (London, Macmillan)<person-group>
                  <string-name>
                     <surname>Davis</surname>
                  </string-name>
               </person-group>
               <source>Miles: The Autobiography</source>
               <year>1989</year>
            </mixed-citation>
         </ref>
         <ref id="d9249e1059a1310">
            <mixed-citation id="d9249e1063" publication-type="book">
Ellison, R. 1967. 'Blues people', in Shadow and Act (London, Secker &amp; Warburg), pp. 247-58<person-group>
                  <string-name>
                     <surname>Ellison</surname>
                  </string-name>
               </person-group>
               <comment content-type="section">Blues people</comment>
               <fpage>247</fpage>
               <source>Shadow and Act</source>
               <year>1967</year>
            </mixed-citation>
            <mixed-citation id="d9249e1091" publication-type="book">
1973. 'An American dilemma: a review', in The Death of White Sociology, ed. J.A. Ladner (New York,
Vintage Books), pp. 81-5<person-group>
                  <string-name>
                     <surname>Ellison</surname>
                  </string-name>
               </person-group>
               <comment content-type="section">An American dilemma: a review</comment>
               <fpage>81</fpage>
               <source>The Death of White Sociology</source>
               <year>1973</year>
            </mixed-citation>
         </ref>
         <ref id="d9249e1124a1310">
            <mixed-citation id="d9249e1128" publication-type="book">
Gridley, M.C. 1978. Jazz Styles (Englewood Cliffs, NJ, and London, Prentice-Hall)<person-group>
                  <string-name>
                     <surname>Gridley</surname>
                  </string-name>
               </person-group>
               <source>Jazz Styles</source>
               <year>1978</year>
            </mixed-citation>
         </ref>
         <ref id="d9249e1150a1310">
            <mixed-citation id="d9249e1154" publication-type="book">
Hatch, D., and Millward, S. 1987. From Blues to Rock: An Analytical History of Pop Music (Manchester,
Manchester University Press)<person-group>
                  <string-name>
                     <surname>Hatch</surname>
                  </string-name>
               </person-group>
               <source>From Blues to Rock: An Analytical History of Pop Music</source>
               <year>1987</year>
            </mixed-citation>
         </ref>
         <ref id="d9249e1179a1310">
            <mixed-citation id="d9249e1183" publication-type="book">
Headlam, D. 2002. 'Appropriations of blues and gospel in popular music', in Cambridge Companion to Blues
and Gospel Music, ed. A. Moore (Cambridge, Cambridge University Press)<person-group>
                  <string-name>
                     <surname>Headlam</surname>
                  </string-name>
               </person-group>
               <comment content-type="section">Appropriations of blues and gospel in popular music</comment>
               <source>Cambridge Companion to Blues and Gospel Music</source>
               <year>2002</year>
            </mixed-citation>
         </ref>
         <ref id="d9249e1212a1310">
            <mixed-citation id="d9249e1216" publication-type="book">
Jameson, F. 1991. 'The cultural logic of late capitalism', in Postmodernism, Or, the Cultural Logic of Late
Capitalism (London, Verso), pp. 1-54<person-group>
                  <string-name>
                     <surname>Jameson</surname>
                  </string-name>
               </person-group>
               <comment content-type="section">The cultural logic of late capitalism</comment>
               <fpage>1</fpage>
               <source>Postmodernism, Or, the Cultural Logic of Late Capitalism</source>
               <year>1991</year>
            </mixed-citation>
         </ref>
         <ref id="d9249e1248a1310">
            <mixed-citation id="d9249e1252" publication-type="book">
Jost, E. 1975. Free Jazz (Graz, Universal Edition)<person-group>
                  <string-name>
                     <surname>Jost</surname>
                  </string-name>
               </person-group>
               <source>Free Jazz</source>
               <year>1975</year>
            </mixed-citation>
         </ref>
         <ref id="d9249e1274a1310">
            <mixed-citation id="d9249e1278" publication-type="other">
Kahn, A. 2000. Kind of Blue: The Making of the Miles Davis Masterpiece (New York, Da Capo Press)
Katz, I.J. 2004. 'Flamenco', Grove Music Online, ed. L. Macy (accessed 13/08/04), (http://
www.grovemusic.com)</mixed-citation>
         </ref>
         <ref id="d9249e1292a1310">
            <mixed-citation id="d9249e1296" publication-type="book">
Keil, C. 1991. Urban Blues (Chicago &amp; London, University of Chicago Press)<person-group>
                  <string-name>
                     <surname>Keil</surname>
                  </string-name>
               </person-group>
               <source>Urban Blues</source>
               <year>1991</year>
            </mixed-citation>
         </ref>
         <ref id="d9249e1318a1310">
            <mixed-citation id="d9249e1322" publication-type="other">
Kernfeld, B.D. 1981. Adderley, Coltrane, and Davis at the Twilight of Bebop: The Search for Melodic Coherence
(1958-9), Ph.D. Dissertation, Cornell (Ann Arbor)</mixed-citation>
         </ref>
         <ref id="d9249e1332a1310">
            <mixed-citation id="d9249e1336" publication-type="book">
Kerschbaumer, F. 1978. Miles Davis: Stilkritische Untersuchungen zur musikalischen Entwicklung seines
Peronsalstils (Graz, Akademische Druck und Verlagsanstalt)<person-group>
                  <string-name>
                     <surname>Kerschbaumer</surname>
                  </string-name>
               </person-group>
               <source>Miles Davis: Stilkritische Untersuchungen zur musikalischen Entwicklung seines Peronsalstils</source>
               <year>1978</year>
            </mixed-citation>
         </ref>
         <ref id="d9249e1361a1310">
            <mixed-citation id="d9249e1365" publication-type="book">
Lipsitz, G. 1998. 'The possessive investment in whiteness', in The Possessive Investment in Whiteness: How
White People Profit from Identity Politics (Philadelphia, Temple University Press), pp. 1-23<person-group>
                  <string-name>
                     <surname>Lipsitz</surname>
                  </string-name>
               </person-group>
               <comment content-type="section">The possessive investment in whiteness</comment>
               <fpage>1</fpage>
               <source>The Possessive Investment in Whiteness: How White People Profit from Identity Politics</source>
               <year>1998</year>
            </mixed-citation>
         </ref>
         <ref id="d9249e1397a1310">
            <mixed-citation id="d9249e1401" publication-type="book">
Mehegan, J.F. 1965. Contemporary Piano Styles: Jazz Improvisation IV (New York &amp; London, Watson-Guptill
Publications, Amsco)<person-group>
                  <string-name>
                     <surname>Mehegan</surname>
                  </string-name>
               </person-group>
               <source>Contemporary Piano Styles: Jazz Improvisation IV</source>
               <year>1965</year>
            </mixed-citation>
         </ref>
         <ref id="d9249e1426a1310">
            <mixed-citation id="d9249e1430" publication-type="book">
Middleton, R. 1972. Pop Music and the Blues: A Study of the Relationship and its Significance (London,
Gallancz)<person-group>
                  <string-name>
                     <surname>Middleton</surname>
                  </string-name>
               </person-group>
               <source>Pop Music and the Blues: A Study of the Relationship and its Significance</source>
               <year>1972</year>
            </mixed-citation>
            <mixed-citation id="d9249e1454" publication-type="book">
1990. Studying Popular Music (Milton Keynes &amp; Philadelphia, Open University Press)<person-group>
                  <string-name>
                     <surname>Middleton</surname>
                  </string-name>
               </person-group>
               <source>Studying Popular Music</source>
               <year>1990</year>
            </mixed-citation>
         </ref>
         <ref id="d9249e1477a1310">
            <mixed-citation id="d9249e1481" publication-type="book">
Monson, I. 1998. '"Oh Freedom": George Russell, John Coltrane, and modal jazz', in In the Course of
Performance: Studies in the World of Musical Improvisation, ed. B. Nettl with M. Russell (Chicago &amp; London,
University of Chicago Press), pp. 149-68<person-group>
                  <string-name>
                     <surname>Monson</surname>
                  </string-name>
               </person-group>
               <comment content-type="section">"Oh Freedom": George Russell, John Coltrane, and modal jazz</comment>
               <fpage>149</fpage>
               <source>In the Course of Performance: Studies in the World of Musical Improvisation</source>
               <year>1998</year>
            </mixed-citation>
         </ref>
         <ref id="d9249e1516a1310">
            <mixed-citation id="d9249e1520" publication-type="book">
Rose, A.M. 1964. The Negro in America: The Condensed Version of an American Dilemma (New York, Harper
&amp; Row)<person-group>
                  <string-name>
                     <surname>Rose</surname>
                  </string-name>
               </person-group>
               <source>The Negro in America: The Condensed Version of an American Dilemma</source>
               <year>1964</year>
            </mixed-citation>
         </ref>
         <ref id="d9249e1545a1310">
            <mixed-citation id="d9249e1549" publication-type="book">
Tirro, F. 1993. Jazz: A History (New York &amp; London, Norton)<person-group>
                  <string-name>
                     <surname>Tirro</surname>
                  </string-name>
               </person-group>
               <source>Jazz: A History</source>
               <year>1993</year>
            </mixed-citation>
         </ref>
         <ref id="d9249e1571a1310">
            <mixed-citation id="d9249e1575" publication-type="book">
Titon, J. 1993. 'Every day I make the blues: reflections on the 1960s blues revival', in Transforming Tradition:
Folk Music Revivals Examined, ed. N.V. Rosenberg (Urbana, University of Illinois Press), pp. 220-40<person-group>
                  <string-name>
                     <surname>Titon</surname>
                  </string-name>
               </person-group>
               <comment content-type="section">Every day I make the blues: reflections on the 1960s blues revival</comment>
               <fpage>220</fpage>
               <source>Transforming Tradition: Folk Music Revivals Examined</source>
               <year>1993</year>
            </mixed-citation>
         </ref>
         <ref id="d9249e1607a1310">
            <mixed-citation id="d9249e1611" publication-type="book">
Tomlinson, G. 1992. 'Cultural dialogics and jazz: a white historian signifies', in Disciplining Music:
Musicology and its Canons, ed. K. Bergeron and P.V. Bohlman (Chicago &amp; London, University of Chicago
Press), pp. 79-93<person-group>
                  <string-name>
                     <surname>Tomlinson</surname>
                  </string-name>
               </person-group>
               <comment content-type="section">Cultural dialogics and jazz: a white historian signifies</comment>
               <fpage>79</fpage>
               <source>Disciplining Music: Musicology and its Canons</source>
               <year>1992</year>
            </mixed-citation>
         </ref>
         <ref id="d9249e1646a1310">
            <mixed-citation id="d9249e1650" publication-type="book">
Ward, B. 1998. Just My Soul Responding: Rhythm and Blues, Black Consciousness and Race Relations (London,
University College London Press)<person-group>
                  <string-name>
                     <surname>Ward</surname>
                  </string-name>
               </person-group>
               <source>Just My Soul Responding: Rhythm and Blues, Black Consciousness and Race Relations</source>
               <year>1998</year>
            </mixed-citation>
         </ref>
         <ref id="d9249e1676a1310">
            <mixed-citation id="d9249e1680" publication-type="book">
Wright, R.N. 1964. 'The literature of the negro in the United States', in White Man, Listen! (Garden City,
Doubleday &amp; Co.), pp. 69-105<person-group>
                  <string-name>
                     <surname>Wright</surname>
                  </string-name>
               </person-group>
               <comment content-type="section">The literature of the negro in the United States</comment>
               <fpage>69</fpage>
               <source>White Man, Listen!</source>
               <year>1964</year>
            </mixed-citation>
         </ref>
      </ref-list>
   </back>
</article>
