<article xmlns:xsi="http://www.w3.org/2001/XMLSchema-instance"
         xmlns:xlink="http://www.w3.org/1999/xlink"
         xmlns:mml="http://www.w3.org/1998/Math/MathML"
         dtd-version="1.0"
         article-type="research-article">
   <front>
      <journal-meta>
         <journal-id journal-id-type="jstor">popularmusic</journal-id>
         <journal-id journal-id-type="jstor">j100590</journal-id>
         <journal-title-group>
            <journal-title>Popular Music</journal-title>
         </journal-title-group>
         <publisher>
            <publisher-name>Cambridge University Press</publisher-name>
         </publisher>
         <issn pub-type="ppub">02611430</issn>
         <issn pub-type="epub">14740095</issn>
      </journal-meta>
      <article-meta>
         <article-id pub-id-type="jstor">3877522</article-id>
         <title-group>
            <article-title>The Story of ORCH5, or, the Classical Ghost in the Hip-Hop Machine</article-title>
         </title-group>
         <contrib-group>
            <contrib contrib-type="author">
               <string-name>
                  <given-names>Robert</given-names>
                  <surname>Fink</surname>
               </string-name>
            </contrib>
         </contrib-group>
         <pub-date>
            <day>1</day>
            <month>10</month>
            <year>2005</year>
         </pub-date>
         <volume>24</volume>
         <issue>3</issue>
         <issue-id>i371788</issue-id>
         <fpage>339</fpage>
         <lpage>356</lpage>
         <page-range>339-356</page-range>
         <permissions>
            <copyright-statement>Copyright 2005 Cambridge University Press</copyright-statement>
         </permissions>
         <self-uri xlink:href="http://www.jstor.org/stable/3877522"/>
         <abstract>
            <p>Perhaps the first digital sample to become well known within popular music was actually a piece of Western art music, the fragment of Stravinsky's Firebird captured within the Fairlight Computer Musical Instrument, the first digital 'sampler', as 'ORCH5'. This loud orchestral attack was made famous by Bronx DJ Afrika Bambaataa, who incorporated the sound into his seminal 1982 dance track, 'Planet Rock'. Analysis of Kraftwerk's 'Trans Europe Express', also sampled for 'Planet Rock', provides an interpretive context for Bambaataa's use of ORCH5, as well as the hundreds of songs that deliberately sought to copy its sound. Kraftwerk's concerns about the decadence of European culture and art music were not fully shared by users of ORCH5 in New York City; its sound first became part of an ongoing Afro-futurist musical project, and by 1985 was fully naturalised within the hip-hop world, no more 'classical' than the sound of scratching vinyl. To trace the early popular history of ORCH5's distinctive effect, so crucial for early hip-hop, electro, and Detroit techno, is to begin to tell the post-canonic story of Western art music.</p>
         </abstract>
         <custom-meta-group>
            <custom-meta>
               <meta-name>lang</meta-name>
               <meta-value>eng</meta-value>
            </custom-meta>
         </custom-meta-group>
      </article-meta>
   </front>
   <back>
      <ref-list>
         <title>Endnotes</title>
         <ref id="d14543e176a1310">
            <label>1</label>
            <mixed-citation id="d14543e183" publication-type="journal">
Hütter interviewed by Sergey Chernov, St.
Petersburg Times, 972, 28 May 2004<person-group>
                  <string-name>
                     <surname>Hütter</surname>
                  </string-name>
               </person-group>
               <issue>28 May</issue>
               <volume>972</volume>
               <source>St.Petersburg Times</source>
               <year>2004</year>
            </mixed-citation>
            <mixed-citation id="d14543e214" publication-type="other">
Holmes 1996-1999</mixed-citation>
         </ref>
         <ref id="d14543e221a1310">
            <label>2</label>
            <mixed-citation id="d14543e228" publication-type="other">
Milton Babbitt's infa-
mous article in High Fidelity</mixed-citation>
            <mixed-citation id="d14543e237" publication-type="other">
Ziporyn(1998)</mixed-citation>
         </ref>
         <ref id="d14543e244a1310">
            <label>3</label>
            <mixed-citation id="d14543e253" publication-type="other">
Village Voice (Gann 1997)</mixed-citation>
            <mixed-citation id="d14543e259" publication-type="other">
http://www.artsjournal.com</mixed-citation>
            <mixed-citation id="d14543e266" publication-type="other">
Deems Taylor award, is streamed on
http: / / www.live365.com</mixed-citation>
         </ref>
         <ref id="d14543e276a1310">
            <label>4</label>
            <mixed-citation id="d14543e283" publication-type="other">
Holmes 1996-1999</mixed-citation>
            <mixed-citation id="d14543e289" publication-type="other">
Hollow Sun website (http://www.hollowsun.
com/vintage/fairlight/ )</mixed-citation>
         </ref>
         <ref id="d14543e300a1310">
            <label>5</label>
            <mixed-citation id="d14543e307" publication-type="other">
Schloss 2004,
pp. 12-15, 120-30</mixed-citation>
         </ref>
         <ref id="d14543e317a1310">
            <label>6</label>
            <mixed-citation id="d14543e326" publication-type="other">
Holmes (1996-1999)</mixed-citation>
         </ref>
         <ref id="d14543e333a1310">
            <label>7</label>
            <mixed-citation id="d14543e340" publication-type="other">
Cabaret' (Bussy 1990, p. 85)</mixed-citation>
         </ref>
         <ref id="d14543e347a1310">
            <label>8</label>
            <mixed-citation id="d14543e354" publication-type="other">
Bussy 1990, p. 125</mixed-citation>
         </ref>
         <ref id="d14543e361a1310">
            <label>9</label>
            <mixed-citation id="d14543e368" publication-type="other">
Schloss 2004, pp. 114-19</mixed-citation>
         </ref>
      </ref-list>
      <ref-list>
         <title>References</title>
         <ref id="d14543e384a1310">
            <mixed-citation id="d14543e388" publication-type="journal">
Babbitt, M. 1958. 'Who cares if you listen?', High Fidelity, 8/2 (February), pp. 38-40, 126<person-group>
                  <string-name>
                     <surname>Babbitt</surname>
                  </string-name>
               </person-group>
               <issue>2</issue>
               <fpage>38</fpage>
               <volume>8</volume>
               <source>High Fidelity</source>
               <year>1958</year>
            </mixed-citation>
         </ref>
         <ref id="d14543e420a1310">
            <mixed-citation id="d14543e424" publication-type="other">
Baker, A. 1999. Interview with Bill Brewster and Frank Broughton, 25 January 1999, reproduced in full at:
http://www.djhistory.com</mixed-citation>
         </ref>
         <ref id="d14543e434a1310">
            <mixed-citation id="d14543e438" publication-type="book">
Brewster, B., and Broughton, F. 2000. Last Night a DJ Saved My Life: the History of the Disc Jockey (New York,
Grove Press )<person-group>
                  <string-name>
                     <surname>Brewster</surname>
                  </string-name>
               </person-group>
               <source>Last Night a DJ Saved My Life: the History of the Disc Jockey</source>
               <year>2000</year>
            </mixed-citation>
         </ref>
         <ref id="d14543e463a1310">
            <mixed-citation id="d14543e467" publication-type="book">
Bussy, P. 1993. Kraftwerk: Man, Machine, and Music (London, SAF Publishing, Ltd)<person-group>
                  <string-name>
                     <surname>Bussy</surname>
                  </string-name>
               </person-group>
               <source>Kraftwerk: Man, Machine, and Music</source>
               <year>1993</year>
            </mixed-citation>
         </ref>
         <ref id="d14543e490a1310">
            <mixed-citation id="d14543e494" publication-type="other">
Crab, S. 1990-2004. '120 years of electronic music (update v3.0)', http://www.obsolete.com/120 years/</mixed-citation>
         </ref>
         <ref id="d14543e501a1310">
            <mixed-citation id="d14543e505" publication-type="book">
Dery, M. 1994. 'Black to the future', in Flame Wars: The Discourse of Cyber culture, ed. M. Dery (Durham, NC,
Duke University Press), pp. 179-222<person-group>
                  <string-name>
                     <surname>Dery</surname>
                  </string-name>
               </person-group>
               <comment content-type="section">Black to the future</comment>
               <fpage>179</fpage>
               <source>Flame Wars: The Discourse of Cyber culture</source>
               <year>1994</year>
            </mixed-citation>
         </ref>
         <ref id="d14543e537a1310">
            <mixed-citation id="d14543e541" publication-type="other">
Fairlight Instruments Pty Ltd. 1983. Brochure for Fairlight Computer Musical Instrument, online at:
http://www.hollowsun.com/vintage/fairlight/brochure.zip</mixed-citation>
         </ref>
         <ref id="d14543e551a1310">
            <mixed-citation id="d14543e555" publication-type="journal">
Fink, R. 1998. 'Elvis Everywhere: musicology and popular music studies at the twilight of the canon',
American Music, 16/2, pp. 135-79<object-id pub-id-type="doi">10.2307/3052563</object-id>
               <fpage>135</fpage>
            </mixed-citation>
         </ref>
         <ref id="d14543e571a1310">
            <mixed-citation id="d14543e575" publication-type="book">
Fricke, J., and Ahearn, C. 2002. Yes Yes Y'all: The Experience Music Project Oral History of Hip-Hop's First
Decade (New York, Da Capo)<person-group>
                  <string-name>
                     <surname>Fricke</surname>
                  </string-name>
               </person-group>
               <source>Yes Yes Y'all: The Experience Music Project Oral History of Hip-Hop's First Decade</source>
               <year>2002</year>
            </mixed-citation>
         </ref>
         <ref id="d14543e600a1310">
            <mixed-citation id="d14543e604" publication-type="journal">
Gann, K. 1997. 'Who Killed Classical Music? Forget it, Jake - it's uptown', Village Voice, 52/3 (January 21 ),
p. 60<person-group>
                  <string-name>
                     <surname>Gann</surname>
                  </string-name>
               </person-group>
               <issue>3</issue>
               <fpage>60</fpage>
               <volume>52</volume>
               <source>Village Voice</source>
               <year>1997</year>
            </mixed-citation>
         </ref>
         <ref id="d14543e640a1310">
            <mixed-citation id="d14543e644" publication-type="other">
Holmes, G. 1996-1999. The Holmes Page: Fairlight CMI, at: http://www.ghservices.com/gregh/fairligh/</mixed-citation>
         </ref>
         <ref id="d14543e651a1310">
            <mixed-citation id="d14543e655" publication-type="book">
Horowitz, J. 1995. The Post-Classical Predicament: Essays on Music and Society (Boston, Northeastern
University Press)<person-group>
                  <string-name>
                     <surname>Horowitz</surname>
                  </string-name>
               </person-group>
               <source>The Post-Classical Predicament: Essays on Music and Society</source>
               <year>1995</year>
            </mixed-citation>
            <mixed-citation id="d14543e679" publication-type="other">
---. 2005. Classical Music in America: A History of Its Rise and Fall (New York, Norton)</mixed-citation>
         </ref>
         <ref id="d14543e686a1310">
            <mixed-citation id="d14543e690" publication-type="book">
Huyssen, A. 1986. After the Great Divide: Modernism, Mass culture, Postmodernism (Bloomington, IN, Indiana
University Press)<person-group>
                  <string-name>
                     <surname>Huyssen</surname>
                  </string-name>
               </person-group>
               <source>After the Great Divide: Modernism, Mass culture, Postmodernism</source>
               <year>1986</year>
            </mixed-citation>
         </ref>
         <ref id="d14543e715a1310">
            <mixed-citation id="d14543e719" publication-type="book">
Kelley, R.D.G. 2002. Freedom Dreams: The Black Radical Imagination (Boston, Beacon Press)<person-group>
                  <string-name>
                     <surname>Kelley</surname>
                  </string-name>
               </person-group>
               <source>Freedom Dreams: The Black Radical Imagination</source>
               <year>2002</year>
            </mixed-citation>
         </ref>
         <ref id="d14543e741a1310">
            <mixed-citation id="d14543e745" publication-type="book">
Reynolds, S. 1998. Generation Ecstasy: into the World of Techno and Rave Culture (New York, Little, Brown)<person-group>
                  <string-name>
                     <surname>Reynolds</surname>
                  </string-name>
               </person-group>
               <source>Generation Ecstasy: into the World of Techno and Rave Culture</source>
               <year>1998</year>
            </mixed-citation>
         </ref>
         <ref id="d14543e767a1310">
            <mixed-citation id="d14543e771" publication-type="book">
Schloss, J. 2004. Making Beats: the Art of Sample-Based Hip-Hop (Middletown, CN, Wesleyan University
Press)<person-group>
                  <string-name>
                     <surname>Schloss</surname>
                  </string-name>
               </person-group>
               <source>Making Beats: the Art of Sample-Based Hip-Hop</source>
               <year>2004</year>
            </mixed-citation>
         </ref>
         <ref id="d14543e797a1310">
            <mixed-citation id="d14543e801" publication-type="other">
Steshko, J. 2000. Stravinsky's Firebird: Genesis, Sources, and the Centrality of the 1919 Suite (Ph.D. thesis,
UCLA)</mixed-citation>
         </ref>
         <ref id="d14543e811a1310">
            <mixed-citation id="d14543e815" publication-type="book">
Ziporyn, E. 1998. 'Who listens if you care?', in Strunk's Source Readings in Music History, ed. L. Treitler (New
York, Norton), pp. 1,311-18<person-group>
                  <string-name>
                     <surname>Ziporyn</surname>
                  </string-name>
               </person-group>
               <comment content-type="section">Who listens if you care?</comment>
               <fpage>1</fpage>
               <source>Strunk's Source Readings in Music History</source>
               <year>1998</year>
            </mixed-citation>
         </ref>
      </ref-list>
      <ref-list>
         <title>Discography</title>
         <ref id="d14543e856a1310">
            <mixed-citation id="d14543e860" publication-type="other">
Afrika Bambaataa &amp; the Soulsonic Force, 'Planet Rock' (1982), Don't Stop ... Planet Rock. Tommy Boy
TBCD 1052. 1992. Written and produced by Arthur Baker and John Robie</mixed-citation>
         </ref>
         <ref id="d14543e870a1310">
            <mixed-citation id="d14543e874" publication-type="other">
Afrika Bambaataa, United DJs of America Presents Afrika Bambaataa: Electro Funk Breakdown (mix CD, 1999).
DMC DM 40012-2. 1999</mixed-citation>
         </ref>
         <ref id="d14543e884a1310">
            <mixed-citation id="d14543e888" publication-type="other">
Art of Noise (Anne Dudley, Trevor Horn), 'Close (to the Edit)', (Who's Afraid of) The Art of Noise (1984).
Universal CD 53194. 1998</mixed-citation>
         </ref>
         <ref id="d14543e898a1310">
            <mixed-citation id="d14543e902" publication-type="other">
Kate Bush, 'The Dreaming', The Dreaming (1982). Capitol CD 46361. 1990
Aaron Carl, 'Down (Electro Mix)' (ca. 1986), Timeless: The Essential Metroplex Classics Mixed by Juan Atkins.
Metroplex MCD-01. 2003</mixed-citation>
         </ref>
         <ref id="d14543e916a1310">
            <mixed-citation id="d14543e920" publication-type="other">
Cybotron (Juan Atkins), 'Clear' (1983), Clear. Fantasy Records FCD 4537-2. 1990
Funk, Inc., 'Kool is Back' (1972), Funk, Inc. Prestige PRCD 24156-2. 1995</mixed-citation>
         </ref>
         <ref id="d14543e930a1310">
            <mixed-citation id="d14543e934" publication-type="other">
Grandmaster Flash, 'Flash Tears the Roof Off' (turntable mix), The Official Adventures of Grandmaster Flash.
Strut CD 011. 2002</mixed-citation>
         </ref>
         <ref id="d14543e944a1310">
            <mixed-citation id="d14543e948" publication-type="other">
Jive Rhythm Trax (David Linn), '122 B.P.M.' (1982), Street Jams: Electric Funk, Vol. 2. Rhino R2 70756. 1992</mixed-citation>
         </ref>
         <ref id="d14543e955a1310">
            <mixed-citation id="d14543e959" publication-type="other">
The Jonzun Crew (Michael Johnson, Maurice Starr), 'Pack Jam (Look Out for the OVC)', originally released
on Lost in Space (Tommy Boy TBP-1001, 1983), reissued on Street Jams: Electric Funk, Vol. 2. Rhino R2
70756. 1992</mixed-citation>
         </ref>
         <ref id="d14543e972a1310">
            <mixed-citation id="d14543e976" publication-type="other">
Knights of the Turntables, 'Techno Scratch' (1984), The Wild Bunch: Story of a Sound System. Strut CD 019.
2002</mixed-citation>
         </ref>
         <ref id="d14543e986a1310">
            <mixed-citation id="d14543e990" publication-type="other">
Kraftwerk, 'Numbers', Computer World. Elektra/Asylum 9 3549-2. 1981</mixed-citation>
         </ref>
         <ref id="d14543e998a1310">
            <mixed-citation id="d14543e1002" publication-type="other">
Kraftwerk, Trans Europe Express. Capitol CDP 0777. 1977</mixed-citation>
         </ref>
         <ref id="d14543e1009a1310">
            <mixed-citation id="d14543e1013" publication-type="other">
Mantronix (Kurtis Khaleel), 'Needle to the Groove', Mantronix: The Album. Warlock 8707. 1985</mixed-citation>
         </ref>
         <ref id="d14543e1020a1310">
            <mixed-citation id="d14543e1024" publication-type="other">
Derrick May, 'A Relic Mix', Derrick May: Innovator. Transmat TMT CD 4. 1997</mixed-citation>
         </ref>
         <ref id="d14543e1031a1310">
            <mixed-citation id="d14543e1035" publication-type="other">
Model 500 (Juan Atkins), 'Off To Battle' (1987), Timeless: The Essential Metroplex Classics Mixed by Juan
Atkins. Metroplex MCD-01. 2003</mixed-citation>
         </ref>
         <ref id="d14543e1045a1310">
            <mixed-citation id="d14543e1049" publication-type="other">
Planet Patrol, 'Play At Your Own Risk' (1983), Electro Science Mixed by the Freestylers. Urban Theory
URBCD 03. 2000. Written and produced by Arthur Baker and John Robie.</mixed-citation>
         </ref>
         <ref id="d14543e1059a1310">
            <mixed-citation id="d14543e1063" publication-type="other">
Rhythim Is Rhythim (Derrick May), 'Strings of Life' (original mix, Transmat MS 4, 1987), Derrick May:
Innovator. Transmat TMT CD 4. 1997</mixed-citation>
         </ref>
         <ref id="d14543e1074a1310">
            <mixed-citation id="d14543e1078" publication-type="other">
Twilight 22 (Gordon Bahary, Joseph Saulter), 'Siberian Nights', originally released on Twilight 22
(Vanguard VSD-79452, 1984), reissued on Street Jams: Electric Funk, Vol. 2. Rhino R2 70756. 1992</mixed-citation>
         </ref>
         <ref id="d14543e1088a1310">
            <mixed-citation id="d14543e1092" publication-type="other">
David Vorhaus et al., 'Fairlight IIx Sample Library, Disc 17', Pro-Rec Audio Sampling CD. 2003</mixed-citation>
         </ref>
         <ref id="d14543e1099a1310">
            <mixed-citation id="d14543e1103" publication-type="other">
Yes, 'Owner of a Lonely Heart', 90125. Atlantic CD 90125. 1983</mixed-citation>
         </ref>
      </ref-list>
   </back>
</article>
