<article dtd-version="1.0" article-type="research-article">
   <front>
      <journal-meta>
         <journal-id xmlns:xlink="http://www.w3.org/1999/xlink" journal-id-type="jstor">popularmusic</journal-id>
         <journal-id xmlns:xlink="http://www.w3.org/1999/xlink" journal-id-type="jstor">j100590</journal-id>
         <journal-title-group xmlns:xlink="http://www.w3.org/1999/xlink">
            <journal-title>Popular Music</journal-title>
         </journal-title-group>
         <publisher>
            <publisher-name>Cambridge University Press</publisher-name>
         </publisher>
         <issn xmlns:xlink="http://www.w3.org/1999/xlink" pub-type="ppub">02611430</issn>
         <issn xmlns:xlink="http://www.w3.org/1999/xlink" pub-type="epub">14740095</issn>
      </journal-meta>
      <article-meta>
         <article-id xmlns:xlink="http://www.w3.org/1999/xlink" pub-id-type="jstor">40212427</article-id>
         <article-id pub-id-type="pub-doi">10.1017/S026114300800161X</article-id>
         <title-group>
            <article-title>Mandopop under Siege: Culturally Bound Criticisms of Taiwan's Pop Music</article-title>
         </title-group>
         <contrib-group>
            <contrib>
               <string-name xmlns:xlink="http://www.w3.org/1999/xlink">
                  <given-names>Marc L.</given-names>
                  <surname>Moskowitz</surname>
               </string-name>
            </contrib>
         </contrib-group>
         <pub-date xmlns:xlink="http://www.w3.org/1999/xlink">
            <day>1</day>
            <month>1</month>
            <year>2009</year>
         </pub-date>
         <volume>28</volume>
         <issue>1</issue>
         <issue-id xmlns:xlink="http://www.w3.org/1999/xlink">i40007221</issue-id>
         <fpage>69</fpage>
         <lpage>83</lpage>
         <permissions>
            <copyright-statement>Copyright 2009 Cambridge University Press</copyright-statement>
         </permissions>
         <self-uri xmlns:xlink="http://www.w3.org/1999/xlink"
                   xlink:href="http://www.jstor.org/stable/40212427"/>
         <abstract>
            <p>This article examines the cultural biases embedded in critiques of Mandopop (Mandarin Chinese pop music). Contemporary commercialised Mandopop is generally recognised as beginning around 1980, drawing on musical traditions from the early twentieth century. In the 1980s and early 1990s, Taiwan's popular music swept across China and many in the PRC government reacted to the values embedded in Taiwan's lyrics with mistrust and disdain, expressing a fear that Taiwan and Hong Kong's cultural incursion would result in the PRC's loss of national identity. On the other side of the strait, people in Taiwan complained of Mandopop's fast pace and changing nature and linked this to similar trends in Taiwan's society. More recently, several of Taiwan's scholars have critiqued Mandopop for promoting patriarchal gender roles, and English language publications complain of a lack of individualism in that songs are produced in teams of composers, lyricists and performers. I examine the cultural contexts of these critiques in order to come to a better understanding of the most popular Chinese language music in the world.</p>
         </abstract>
         <custom-meta-group xmlns:xlink="http://www.w3.org/1999/xlink">
            <custom-meta>
               <meta-name>lang</meta-name>
               <meta-value>eng</meta-value>
            </custom-meta>
         </custom-meta-group>
      </article-meta>
   </front>
   <back>
      <ref-list>
         <title>Endnotes</title>
         <ref id="d9624e119a1310">
            <label>2</label>
            <mixed-citation id="d9624e128" publication-type="other">
(Wells 1997, p. 208).</mixed-citation>
            <mixed-citation id="d9624e134" publication-type="other">
(Ceng and Liu 1997, pp. 145-6).</mixed-citation>
            <mixed-citation id="d9624e141" publication-type="other">
(Ceng and
Liu 1997).</mixed-citation>
         </ref>
         <ref id="d9624e151a1310">
            <label>3</label>
            <mixed-citation id="d9624e158" publication-type="other">
Leng (1991, pp. 30-1);</mixed-citation>
            <mixed-citation id="d9624e164" publication-type="other">
Gold (1993, p. 915);</mixed-citation>
            <mixed-citation id="d9624e170" publication-type="other">
Nonini and Ong (1997,
p. 15);</mixed-citation>
            <mixed-citation id="d9624e180" publication-type="other">
Yang (1997, pp. 299-301, 309-10);</mixed-citation>
            <mixed-citation id="d9624e186" publication-type="other">
Ho (2000, p. 343);</mixed-citation>
            <mixed-citation id="d9624e192" publication-type="other">
de Kloet (2001, p. 182);</mixed-citation>
            <mixed-citation id="d9624e198" publication-type="other">
Baranovitch (2003, p. 12).</mixed-citation>
         </ref>
         <ref id="d9624e205a1310">
            <label>4</label>
            <mixed-citation id="d9624e212" publication-type="other">
Brace (1991, p. 49);</mixed-citation>
            <mixed-citation id="d9624e218" publication-type="other">
Jones
(1994, p. 159);</mixed-citation>
            <mixed-citation id="d9624e227" publication-type="other">
Baranovitch ( 2003, pp. 20-2, 130-
1);</mixed-citation>
            <mixed-citation id="d9624e237" publication-type="other">
Huang (2003, pp. 186, 195);</mixed-citation>
            <mixed-citation id="d9624e243" publication-type="other">
de Kloet (2005a,
pp. 230-3; 2005b, p. 611; 2005c, pp. 322-3).</mixed-citation>
         </ref>
         <ref id="d9624e253a1310">
            <label>5</label>
            <mixed-citation id="d9624e260" publication-type="other">
Kondo (1990, p. 74);</mixed-citation>
            <mixed-citation id="d9624e266" publication-type="other">
Ohnuki-Tierney (1993, p. 4);</mixed-citation>
            <mixed-citation id="d9624e272" publication-type="other">
Appadurai (1996,
p. 41);</mixed-citation>
            <mixed-citation id="d9624e282" publication-type="other">
Hobsbawm (1997a, 1997b).</mixed-citation>
         </ref>
         <ref id="d9624e290a1310">
            <label>6</label>
            <mixed-citation id="d9624e297" publication-type="other">
Ceng (1997, pp. 169-71);</mixed-citation>
            <mixed-citation id="d9624e303" publication-type="other">
Ke and Zhang
(1995, p. 113);</mixed-citation>
            <mixed-citation id="d9624e312" publication-type="other">
Liu (1999, pp. 61, 83);</mixed-citation>
            <mixed-citation id="d9624e319" publication-type="other">
Su (1999,
p. 36);</mixed-citation>
            <mixed-citation id="d9624e328" publication-type="other">
Xiao and Su (2002, pp. 189-90).</mixed-citation>
         </ref>
         <ref id="d9624e335a1310">
            <label>7</label>
            <mixed-citation id="d9624e342" publication-type="other">
(Thompson 2002, p. 62 ).</mixed-citation>
         </ref>
         <ref id="d9624e349a1310">
            <label>8</label>
            <mixed-citation id="d9624e356" publication-type="other">
Honig and Hershatter (1988, pp. 7-8);</mixed-citation>
            <mixed-citation id="d9624e362" publication-type="other">
Harrell (1994, p. 166);</mixed-citation>
            <mixed-citation id="d9624e368" publication-type="other">
Brenner (1998, p. 10);</mixed-citation>
            <mixed-citation id="d9624e375" publication-type="other">
Ong (1999, p. 53).</mixed-citation>
         </ref>
         <ref id="d9624e382a1310">
            <label>11</label>
            <mixed-citation id="d9624e389" publication-type="other">
Ogawa (1998, p. 49);</mixed-citation>
            <mixed-citation id="d9624e395" publication-type="other">
Ceng (1999, p. 4);</mixed-citation>
            <mixed-citation id="d9624e401" publication-type="other">
Drew (2001, p. 20);</mixed-citation>
            <mixed-citation id="d9624e408" publication-type="other">
Baranovitch (2003, p. 46).</mixed-citation>
         </ref>
         <ref id="d9624e415a1310">
            <label>12</label>
            <mixed-citation id="d9624e422" publication-type="other">
(Di Genova 2005, p. 18)</mixed-citation>
         </ref>
         <ref id="d9624e429a1310">
            <label>13</label>
            <mixed-citation id="d9624e436" publication-type="other">
Van Maanen (1992);</mixed-citation>
            <mixed-citation id="d9624e442" publication-type="other">
Ho (1994);</mixed-citation>
            <mixed-citation id="d9624e448" publication-type="other">
Ohnuki-
Tierney (1997);</mixed-citation>
            <mixed-citation id="d9624e458" publication-type="other">
Watson (1997a, 1997b, 1997c);</mixed-citation>
            <mixed-citation id="d9624e464" publication-type="other">
Wu (1997),</mixed-citation>
            <mixed-citation id="d9624e470" publication-type="other">
Raz (1999);</mixed-citation>
            <mixed-citation id="d9624e476" publication-type="other">
Morris (2002, 2004a,
2004b);</mixed-citation>
         </ref>
      </ref-list>
      <ref-list>
         <title>References</title>
         <ref id="d9624e495a1310">
            <mixed-citation id="d9624e499" publication-type="other">
Adorno, T. [1941] 2000. 'On popular music', in On Record: Rock, Pop, and the Written Word, ed. S. Frith and
A. Goodwin (New York, Routledge), pp. 301-14</mixed-citation>
         </ref>
         <ref id="d9624e509a1310">
            <mixed-citation id="d9624e513" publication-type="other">
Adrian, B. 2003. Framing the Bride: Globalizing Beauty and Romance in Taiwan's Bridal Industry (Berkeley,
University of California Press.)</mixed-citation>
         </ref>
         <ref id="d9624e523a1310">
            <mixed-citation id="d9624e527" publication-type="other">
Allen, R. 2001. 'On reading soaps: a semiotic primer', in Popular Culture: Production and Consumption
(Oxford, Blackwell Publishers), pp. 234-42</mixed-citation>
         </ref>
         <ref id="d9624e537a1310">
            <mixed-citation id="d9624e541" publication-type="other">
Appadurai, A. 1996. Modernity at Large: Cultural Dimensions of Globalization (Minneapolis, Minn.,
University of Minnesota Press)</mixed-citation>
         </ref>
         <ref id="d9624e552a1310">
            <mixed-citation id="d9624e556" publication-type="other">
Baranovitch, N. 2003. China's New Voices: Popular Music, Ethnicity, Gender, and Politics, 1978-1997
(Berkeley, University of California Press)</mixed-citation>
         </ref>
         <ref id="d9624e566a1310">
            <mixed-citation id="d9624e570" publication-type="other">
Becker, H. 2001. 'Art as collective action', in Popular Culture: Production and Consumption, ed. C.L.
Harrington and D.D. Bielby (Oxford, Blackwell Publishers), pp. 67-79</mixed-citation>
         </ref>
         <ref id="d9624e580a1310">
            <mixed-citation id="d9624e584" publication-type="other">
Benjamin, W. [1955] 1969. Illuminations (New York, Schocken Books)</mixed-citation>
         </ref>
         <ref id="d9624e591a1310">
            <mixed-citation id="d9624e595" publication-type="other">
Bhabha, H. 1994. The Location of Culture (New York, Routledge)</mixed-citation>
         </ref>
         <ref id="d9624e602a1310">
            <mixed-citation id="d9624e606" publication-type="other">
Brace, T. 1991. 'Popular music in contemporary Beijing: modernism and cultural identity', Asian Music, 22,
pp. 43-66</mixed-citation>
         </ref>
         <ref id="d9624e616a1310">
            <mixed-citation id="d9624e620" publication-type="other">
Brenner, S. 1998. The Domestication of Desire: Women, Wealth, and Modernity in Java (Princeton, Princeton
University Press)</mixed-citation>
         </ref>
         <ref id="d9624e631a1310">
            <mixed-citation id="d9624e635" publication-type="other">
Cawelti, J. 2001. 'The concept of formula in the study of popular culture', in Popular Culture: Production and
Consumvtion, ed. C.L. Harrington and D.D. Bielby (Oxford, Blackwell Publishers), pp. 203-9</mixed-citation>
         </ref>
         <ref id="d9624e645a1310">
            <mixed-citation id="d9624e649" publication-type="other">
Ceng, D. 1999. Hero Worship and the Worship of Beautiful Women: Popular Music and the Culture of Fascination
(Yingxiong chongbai yu meiren chongbai: liuxing gequ de wenhua meili) (Beijing, China United Culture
Publishing)</mixed-citation>
         </ref>
         <ref id="d9624e662a1310">
            <mixed-citation id="d9624e666" publication-type="other">
Ceng, H. 1997. Social Changes Reflected in the Verses of Popular Music in Taiwan: 1945-1995 (You liuxing
yinyue de geci yanbian lai kan Taiwan de shehui bianqian: 1945-1995) (Taipei, Wunan Library Publishing
Company)</mixed-citation>
         </ref>
         <ref id="d9624e679a1310">
            <mixed-citation id="d9624e683" publication-type="other">
Ceng, W., and Liu, L. 1997. 'A report on a survey on teenagers' views and attitudes regarding idols, popular
music, and slang (Qingshaonian dui ouxiang, liuxing gequ, liuxing yongqu, zhi kanfa yu taidu diaocha
baovao)', Journal of Student Counseling (Xuesheng fudao), 41, pp. 145-8</mixed-citation>
         </ref>
         <ref id="d9624e696a1310">
            <mixed-citation id="d9624e700" publication-type="other">
Ching, L. 1995. 'Imaginings in the Empire of the Sun: Japanese mass culture in Asia', in Asia/Pacific as Space
of Cultural Production, ed. R. Wilson and A. Dirlik (Durham, North Carolina, Duke University Press),
pp. 262-83</mixed-citation>
         </ref>
         <ref id="d9624e713a1310">
            <mixed-citation id="d9624e717" publication-type="other">
Chun, A., and Rossiter, N. 2004. 'Introduction: cultural imaginaries, musical communities, reflexive
practices', in Refashioning Pop Music in Asia: Cosmopolitan Flows, Political Tempos, and Aesthetic Industries,
ed. A. Chun, N. Rossiter and B. Shoesmith (London, Taylor &amp; Francis Inc.), PP- 1-14</mixed-citation>
         </ref>
         <ref id="d9624e731a1310">
            <mixed-citation id="d9624e735" publication-type="other">
de Kloet, J. 2001. Red Sonic Trajectories: Popular Music and Youth in Urban China (Amsterdam, Academisch
Proefschrift)</mixed-citation>
            <mixed-citation id="d9624e744" publication-type="other">
2003. 'Notes on the opaque seduction of (Canto)pop: sonic imaginations', IIAS Newsletter, 32</mixed-citation>
            <mixed-citation id="d9624e750" publication-type="other">
2005a. 'Authenticating geographies and temporalities: representations of Chinese rock in China', Visual
Anthropology, 18, pp. 229-55</mixed-citation>
            <mixed-citation id="d9624e759" publication-type="other">
2005b. 'Popular music and youth in urban China-the Dakou generation', The China Quarterly, 183,
pp. 609-26</mixed-citation>
            <mixed-citation id="d9624e769" publication-type="other">
2005c. 'Sonic sturdiness: the globalization of "Chinese" rock and pop', Critical Studies in Media
Communication, 22, pp. 321-38</mixed-citation>
         </ref>
         <ref id="d9624e779a1310">
            <mixed-citation id="d9624e783" publication-type="other">
Di Genova, T. 2005. 'We pop the question to Taiwan's "Young Heavenly King" ', Taipei Times, p. 18</mixed-citation>
         </ref>
         <ref id="d9624e790a1310">
            <mixed-citation id="d9624e794" publication-type="other">
Drake, K. 2003. 'Cool Jay', in Time Asia, pp. 75-86</mixed-citation>
         </ref>
         <ref id="d9624e801a1310">
            <mixed-citation id="d9624e805" publication-type="other">
Drew, R. 2001. Karaoke Nights: An Ethnographic Rhapsody (Walnut Creek, CA, Alta Mira Press)</mixed-citation>
         </ref>
         <ref id="d9624e812a1310">
            <mixed-citation id="d9624e816" publication-type="other">
Dyer, R. [1979] 2000. 'In defense of disco', in On Record: Rock, Pop, and the Written Word, ed. S. Frith and A.
Goodwin (New York, Routledee), pp. 410-8</mixed-citation>
         </ref>
         <ref id="d9624e826a1310">
            <mixed-citation id="d9624e830" publication-type="other">
Eswn, C. 2006. 'People are foolish, the money is abundant, come quickly (ren sha, qian duo, su lai)', Blog
posting, ESWN Culture Blog, &lt;http://www.zonaeuropa.com/culture/c20060404_1.htm&gt;, accessed 15
April 2006</mixed-citation>
         </ref>
         <ref id="d9624e844a1310">
            <mixed-citation id="d9624e848" publication-type="other">
Fiske, J. 2001. 'Intertextuality', in Popular Culture: Production and Consumption, ed. C.L. Harrington and D.D.
Bielby (Oxford, Blackwell Publishers), pp. 219-33</mixed-citation>
         </ref>
         <ref id="d9624e858a1310">
            <mixed-citation id="d9624e862" publication-type="other">
Frith, S. 1988. Music for Pleasure: Essays in the Sociology of Pop (New York, Routledge)</mixed-citation>
            <mixed-citation id="d9624e868" publication-type="other">
1996. Performing Rites: On the Value of Popular Music (Cambridge, MA, Harvard University Press)</mixed-citation>
         </ref>
         <ref id="d9624e875a1310">
            <mixed-citation id="d9624e879" publication-type="other">
Fung, A., and Curtin, M. 2002. 'The anomalies of being Faye (Wong): gender politics in Chinese popular
music', International Journal of Cultural Studies, 5, pp. 263-90</mixed-citation>
         </ref>
         <ref id="d9624e889a1310">
            <mixed-citation id="d9624e893" publication-type="other">
Geertz, C. 1973. The Interpretation of Cultures (New York, Basic Books)</mixed-citation>
         </ref>
         <ref id="d9624e900a1310">
            <mixed-citation id="d9624e904" publication-type="other">
Gold, T. 1993. 'Go with your feelings: Hong Kong and Taiwan popular culture in Greater China', The China
Quarterly, 136, pp. 907-25</mixed-citation>
         </ref>
         <ref id="d9624e914a1310">
            <mixed-citation id="d9624e918" publication-type="other">
Goodwin, A. [1988] 2000. 'Sample and hold: pop music in the digital age of reproduction', in On Record:
Rock, Pop, and the Written Word, ed. S. Frith and A. Goodwin (New York, Routledge), pp. 258-73</mixed-citation>
         </ref>
         <ref id="d9624e929a1310">
            <mixed-citation id="d9624e933" publication-type="other">
Habermas, J. 1989. The Structural Transformation of the Public Sphere: An Inquiry into a Category of Bourgeois
Society (Cambridge, Massachusetts, MIT Press)</mixed-citation>
         </ref>
         <ref id="d9624e943a1310">
            <mixed-citation id="d9624e947" publication-type="other">
Harrell, S. 1994. 'Playing in the valley: a metonym of modernization in Taiwan', in Cultural Change in
Postwar Taiwan, ed. H. Chun-chieh (Boulder, Colorado, Westview Press.), pp. 161-83</mixed-citation>
         </ref>
         <ref id="d9624e957a1310">
            <mixed-citation id="d9624e961" publication-type="other">
Hebdige, D. 1987. Cut 'N' Mix: Culture, Identity and Caribbean Music (New York, Routledge)
1991. Subculture: The Meaning ofStyle'(New York, Routledge), first published 1979</mixed-citation>
         </ref>
         <ref id="d9624e971a1310">
            <mixed-citation id="d9624e975" publication-type="other">
Hennion, A. 1983. 'The production of success: an anti-musicology of the pop song', Popular Music, 3,
pp. 159-93</mixed-citation>
         </ref>
         <ref id="d9624e985a1310">
            <mixed-citation id="d9624e989" publication-type="other">
Ho, J. 1994. 'The cultural logic of capital: the case of McDonaldization in Taiwan (Taiwan de maidanglaohua-
kuaguofuwuye ziben de wenhua luoji)', A Radical Quarterly in Social Studies (Taiwan shehui yanjiu jikan), 16,
pp. 1-20</mixed-citation>
         </ref>
         <ref id="d9624e1002a1310">
            <mixed-citation id="d9624e1006" publication-type="other">
Ho, W. 2000. 'The political meaning of Hong Kong popular music: a review of sociopolitical relations
between Hone Kone and the People's Republic of China since the 1980s', Popular Music, 19, pp. 341-53</mixed-citation>
         </ref>
         <ref id="d9624e1017a1310">
            <mixed-citation id="d9624e1021" publication-type="other">
Hobsbawm, E. 1997a. 'Introduction: inventing traditions', in The Inventing of Tradition, ed. E. Hobsbawm
and T. Ranger (New York, Cambridge University Press), pp. 1-14
1997b. 'Mass-producing traditions: Europe 1870-1914', in The Inventing of Tradition, ed. E. Hobsbawm
and T. Ranger (New York, Cambridge University Press), pp. 263-308</mixed-citation>
         </ref>
         <ref id="d9624e1037a1310">
            <mixed-citation id="d9624e1041" publication-type="other">
Honig, E., and Hershatter, G. 1988. Personal Voices: Chinese Women in the 1980 's (Stanford, Stanford
University Press)</mixed-citation>
         </ref>
         <ref id="d9624e1051a1310">
            <mixed-citation id="d9624e1055" publication-type="other">
Huang, H. 2003. 'Voices from Chinese rock, past and present tense: social commentary and construction of
identity in Yaogun Yinyue, from Tiananmen to the present', Popular Music and Society, 26, pp. 183-202</mixed-citation>
         </ref>
         <ref id="d9624e1065a1310">
            <mixed-citation id="d9624e1069" publication-type="other">
Iwabuchi, K. 2002. Recentering Globalization: Popular Culture and Japanese Transnationahsm. (Durham, Duke
University Press.)</mixed-citation>
         </ref>
         <ref id="d9624e1079a1310">
            <mixed-citation id="d9624e1083" publication-type="other">
Johnson, K. [1983] 1985. Women, the Family and Peasant Revolution in China (Chicago, The University of
Chicago Press)</mixed-citation>
         </ref>
         <ref id="d9624e1093a1310">
            <mixed-citation id="d9624e1097" publication-type="other">
Jones, A. 1994. 'The politics of popular music in post-Tiananmen China', in Popular Protest and Political
Culture in Modern China, ed. J. Wasserstrom and E. Perry (San Francisco, Westview Press), pp. 148-66</mixed-citation>
            <mixed-citation id="d9624e1106" publication-type="other">
2001. Yellow Music: Media Culture and Colonial Modernity in the Chinese Jazz Age (London, Duke
University Press)</mixed-citation>
         </ref>
         <ref id="d9624e1117a1310">
            <mixed-citation id="d9624e1121" publication-type="other">
Ke, Y., and Zhang, J. 1995. Mass Media's Women, Women's Mass Media-Part One (Meiti de nüren, nüren de
meiti-shang) (Taipei, Shuoren Publishing House, Ltd)</mixed-citation>
         </ref>
         <ref id="d9624e1131a1310">
            <mixed-citation id="d9624e1135" publication-type="other">
Kealy, E. [1979] 2000. 'From craft to art: the case of sound mixers and popular music', in On Record: Rock,
Pop, and the Written Word, ed. S. Frith and A. Goodwin (New York, Routledge), pp. 207-20</mixed-citation>
         </ref>
         <ref id="d9624e1145a1310">
            <mixed-citation id="d9624e1149" publication-type="other">
Kondo, D. 1990. Crafting Selves: Power, Gender, and Discourses of Identity in a Japanese Workplace (Chicago,
The University of Chicago Press)</mixed-citation>
         </ref>
         <ref id="d9624e1159a1310">
            <mixed-citation id="d9624e1163" publication-type="other">
Leng, S. (trans. P. Rigs). 1991. "The shock of Hong Kong and Taiwan popular songs', Popular Music and
Society, 15, pp. 23-32</mixed-citation>
         </ref>
         <ref id="d9624e1173a1310">
            <mixed-citation id="d9624e1177" publication-type="other">
Liang, H. 2001. 'Taiwan's popular music culture from the perspective of the wild popularity of Japan and
the popularity of Korea (Cong harifeng yu hanliu tan Taiwan yinyue wenhua)', [Taipei] China Publishing
Company {[Taipei] Zhongguo chuban gongsi), pp. 176-9</mixed-citation>
         </ref>
         <ref id="d9624e1190a1310">
            <mixed-citation id="d9624e1194" publication-type="other">
Liu, H. 1999. An Analysis of the Ways in which Mandopop Serves as an Educational Tool about Dating (Yi guoyu
liuxing gequ jinxing liangxing yi jiaoxue zhe chengxiao fenxi)' , M.A. thesis, Hualian, (Taiwan, Donghua
University)</mixed-citation>
         </ref>
         <ref id="d9624e1208a1310">
            <mixed-citation id="d9624e1212" publication-type="other">
Liu, X. 1984. The Origin and Development of Chinese Popular Music's Melodies (Zhongguo liuxing gequ yuanliu)
(Taipei, Government Information Office of Taiwan)</mixed-citation>
         </ref>
         <ref id="d9624e1222a1310">
            <mixed-citation id="d9624e1226" publication-type="other">
Momphard, D. 2003. 'Features: brothers gonna work it out', Taipei Times, p. 16</mixed-citation>
         </ref>
         <ref id="d9624e1233a1310">
            <mixed-citation id="d9624e1237" publication-type="other">
Morris, A. 2002. ' "I believe you can fly": basketball culture in postsocialist China', in Popular China:
Unofficial Culture in a Globalizing Society, ed. R.P.M. Perry Link and P.G. Pickowicz (New York, Rowman
&amp; Littlefield Publishers), pp. 9-38</mixed-citation>
            <mixed-citation id="d9624e1249" publication-type="other">
2004a. 'Baseball, history, the local and the global in Taiwan', in The Minor Arts of Daily Life: Popular
Culture in Taiwan, ed. D. Jordan, A. Morris and M. Moskowitz (Honolulu, University of Hawai'i Press),
pp. 176-203</mixed-citation>
            <mixed-citation id="d9624e1261" publication-type="other">
2004b. Marrow of the Nation: A History of Sport and Physical Culture in Republican China (Berkeley,
Universitv of California Press)</mixed-citation>
         </ref>
         <ref id="d9624e1271a1310">
            <mixed-citation id="d9624e1275" publication-type="other">
MTV.com 2005. 'Interview on Johnny Cash', &lt;http://www.mtv.com/bands/az/nine_inch_nails/
artist.jhtml&gt;, accessed 18 July 2005</mixed-citation>
         </ref>
         <ref id="d9624e1285a1310">
            <mixed-citation id="d9624e1289" publication-type="other">
Nonini, D., and Ong, A. 1997. 'Introduction', in Ungrounded Empires: The Cultural Politics of Modern Chinese
Transnationalism, ed. A. Ong and D.M. Nonini (New York, Routledge), pp. 3-33</mixed-citation>
         </ref>
         <ref id="d9624e1299a1310">
            <mixed-citation id="d9624e1303" publication-type="other">
Ogawa, H. 1998. 'The effects of karaoke on music in Japan', in Karaoke around the World: Global Technology,
Local Singing, ed. T. Mitsui and H. Shuhei (New York, Routledee Press), pp. 45-54</mixed-citation>
         </ref>
         <ref id="d9624e1314a1310">
            <mixed-citation id="d9624e1318" publication-type="other">
Ohnuki-Tierney, E. 1993. Rice as Self: Japanese Identities Through Time (Princeton, New Jersey, Princeton
University Press)</mixed-citation>
            <mixed-citation id="d9624e1327" publication-type="other">
1997. 'McDonald's in Japan: changing manners and etiquette', in Golden Arches East: McDonald's in East
Asia, ed. J. Watson (Stanford, California, Stanford University Press), pp. 161-82</mixed-citation>
         </ref>
         <ref id="d9624e1337a1310">
            <mixed-citation id="d9624e1341" publication-type="other">
Ong, A. 1999. Flexible Citizenship: The Cultural Logics of Transnationality (Durham, North Carolina, Duke
University Press)</mixed-citation>
         </ref>
         <ref id="d9624e1351a1310">
            <mixed-citation id="d9624e1355" publication-type="other">
Raz, A. 1999. Riding the Black Ship: Japan and Tokyo Disneyland (Cambridge, MA, Harvard University Press)</mixed-citation>
         </ref>
         <ref id="d9624e1362a1310">
            <mixed-citation id="d9624e1366" publication-type="other">
Robinson, D., Buck, E., Cuthbert, M., et al. 1991. Music at the Margins: Popular Music and Global Cultural
Diversity (London, Saee Publications)</mixed-citation>
         </ref>
         <ref id="d9624e1376a1310">
            <mixed-citation id="d9624e1380" publication-type="other">
Stacey, J. 1983. Patriarchy and Socialist Revolution in China (Berkeley, University of California Press.)</mixed-citation>
         </ref>
         <ref id="d9624e1387a1310">
            <mixed-citation id="d9624e1391" publication-type="other">
Stokes, D. 2004. 'Popping the myth of Chinese rock', in Refashioning Pop Music in Asia: Cosmopolitan Flows,
Political Tempos, and Aesthetic Industries, ed. A. Chun, N. Rossiter and B. Shoesmith (London, Taylor &amp;
Francis Inc.), pp. 32-48</mixed-citation>
         </ref>
         <ref id="d9624e1405a1310">
            <mixed-citation id="d9624e1409" publication-type="other">
Su, Z. 1999. 'Conceptions of the value of love in Taiwan's pop music: 1989-1998 (Taiwan liuxing yinyue
zhong de aiqing jiazhiguan: 1989-1998)', M.A. thesis (Kaohsiung, Taiwan, Zhone Shan University)</mixed-citation>
         </ref>
         <ref id="d9624e1419a1310">
            <mixed-citation id="d9624e1423" publication-type="other">
Tanaka, K. 1998. 'Japanese women's magazines: the language of aspiration', in The Worlds of Japanese
Popular Culture: Gender, Shifting Boundaries and Global Cultures, ed. D. Martinez (New York, Cambridge
University Press), pp. 110-32</mixed-citation>
         </ref>
         <ref id="d9624e1436a1310">
            <mixed-citation id="d9624e1440" publication-type="other">
Taussig, M. 1993. Mimesis and Alterity: A Particular History of the Senses (New York, Routledee)</mixed-citation>
         </ref>
         <ref id="d9624e1447a1310">
            <mixed-citation id="d9624e1451" publication-type="other">
Thompson, E. 2002. 'Rocking East and West: The USA in Malaysian music (an American remix)', in Global
Goes Local: Popular Culture in Asia. ed. T. Craie and R. Kine ( Vancouver. USB Press), dd. 58-79</mixed-citation>
         </ref>
         <ref id="d9624e1461a1310">
            <mixed-citation id="d9624e1465" publication-type="other">
Van Maanen, J. 1992. 'Displacing Disney: some notes on the flow of culture', Qualitative Sociology, 15,
pp. 5-35</mixed-citation>
         </ref>
         <ref id="d9624e1475a1310">
            <mixed-citation id="d9624e1479" publication-type="other">
Watson, J. 1997a. Golden Arches East: McDonald's in East Asia (Stanford, California, Stanford University
Press)</mixed-citation>
            <mixed-citation id="d9624e1488" publication-type="other">
1997b. 'Introduction: transnationalism, localization, and fast foods in East Asia', in Golden Arches East:
McDonald's in East Asia, ed. J. Watson (Stanford, California, Stanford University Press), pp. 1-38</mixed-citation>
            <mixed-citation id="d9624e1497" publication-type="other">
1997c. 'McDonald's in Hong Kong: consumerism, dietary change, and the rise of a children's culture', in
Golden Arches East: McDonald's in East Asia, ed. J. Watson (Stanford, California, Stanford University
Press), pp. 77-109</mixed-citation>
         </ref>
         <ref id="d9624e1511a1310">
            <mixed-citation id="d9624e1515" publication-type="other">
Weinstein, D. 1991. Heavy Metal: A Cultural Sociology (New York, Lexington Books)</mixed-citation>
         </ref>
         <ref id="d9624e1522a1310">
            <mixed-citation id="d9624e1526" publication-type="other">
Wells, A. 1997. 'The international music business in Taiwan: the cultural transmission of Western and
Chinese music', Media Asia, 24, pp. 206-13</mixed-citation>
         </ref>
         <ref id="d9624e1536a1310">
            <mixed-citation id="d9624e1540" publication-type="other">
Witzleben, L. 1999. 'Cantopop and Mandopop in pre-postcolonial Hong Kong: identity negotiations in the
performance of Anita Mui Yim-fong', Popular Music, 18, pp. 241-58</mixed-citation>
         </ref>
         <ref id="d9624e1550a1310">
            <mixed-citation id="d9624e1554" publication-type="other">
Wong, J. 2003. 'Taiwan's popular music advances to Mainland China-new developments and predica-
ments for popular music on both sides of The Straights ( Taiwan liuxing yinyue qianjin dalu-liang an liuxing
yinyue de kunjing ji xinji)', in Publishing Almanac Editorial Board (Chuban nianjian bian ji wei yuanhui)
(Taipei, China Publishing Company), pp. 152-7</mixed-citation>
         </ref>
         <ref id="d9624e1570a1310">
            <mixed-citation id="d9624e1574" publication-type="other">
Wu, D. 1997. 'McDonald's in Taipei: hamburgers, betel nuts, and national identity', in Golden Arches East:
McDonald's in East Asia. ed. T. Watson (Stanford, California. Stanford University Press), dd. 110-35</mixed-citation>
         </ref>
         <ref id="d9624e1584a1310">
            <mixed-citation id="d9624e1588" publication-type="other">
Xiao, P., and Zhensheng, S. 2002. 'Penetrating the dense fog of blind love: unraveling the world of love in
Taiwan's music - 1989-1998 (Jiekai fenghuaxueyue de miwu: jiedu Taiwan liuxing yinyue zhong de aiqing
shine-1989-1998)', Journalism Studies (Xinwenxue yanjiu), 17, pp. 167-95</mixed-citation>
         </ref>
         <ref id="d9624e1602a1310">
            <mixed-citation id="d9624e1606" publication-type="other">
Xu, X. 2002. 'Independent report - Taiwan music dominates the world's Chinese music market (Dujia
baodao Taiwan yinyue chenba quanqiu huaren shichang)', Wealth (Caixun), 246, pp. 323-7</mixed-citation>
         </ref>
         <ref id="d9624e1616a1310">
            <mixed-citation id="d9624e1620" publication-type="other">
Yang, 1. 1992. 'The history of popular music in Taiwan', Popular Music and Society, 18, pp. 55-66</mixed-citation>
         </ref>
         <ref id="d9624e1627a1310">
            <mixed-citation id="d9624e1631" publication-type="other">
Yang, M. 1997. 'Mass media and transnational subjectivity in Shanghai: notes on (re)cosmopolitianism in a
Chinese metropolis', in Ungrounded Empires: The Cultural Politics of Modern Chinese Transnationalism, ed.
A. Ong and D. Nonini (New York, Routledge), pp. 287-319</mixed-citation>
         </ref>
      </ref-list>
      <ref-list>
         <title>Discography</title>
         <ref id="d9624e1653a1310">
            <mixed-citation id="d9624e1657" publication-type="other">
Johnny Cash, 'Hurt' (Single release). Lost Highway Records. 2003</mixed-citation>
         </ref>
         <ref id="d9624e1664a1310">
            <mixed-citation id="d9624e1668" publication-type="other">
Jay Chou (Zhou Jielun). November's Chopin (shiyi yue de xiaobang). Taipei, Taiwan: Warner Music [n.d.]</mixed-citation>
         </ref>
         <ref id="d9624e1675a1310">
            <mixed-citation id="d9624e1679" publication-type="other">
Counting Crows (with Vanessa Carlton), 'Big Yellow Taxi', Films About Ghosts. Geffer Records. 2003</mixed-citation>
         </ref>
         <ref id="d9624e1686a1310">
            <mixed-citation id="d9624e1690" publication-type="other">
Joni Mitchell, 'Big Yellow Taxi', Ladies of the Canyon. Warner Brothers. 1970</mixed-citation>
         </ref>
         <ref id="d9624e1698a1310">
            <mixed-citation id="d9624e1702" publication-type="other">
Nine Inch Nails, 'Hurt', Downward Spiral. Interscope Records. 1994</mixed-citation>
         </ref>
      </ref-list>
   </back>
</article>
