<article dtd-version="1.0" article-type="research-article">
   <front>
      <journal-meta>
         <journal-id xmlns:xlink="http://www.w3.org/1999/xlink" journal-id-type="jstor">popularmusic</journal-id>
         <journal-id xmlns:xlink="http://www.w3.org/1999/xlink" journal-id-type="jstor">j100590</journal-id>
         <journal-title-group xmlns:xlink="http://www.w3.org/1999/xlink">
            <journal-title>Popular Music</journal-title>
         </journal-title-group>
         <publisher>
            <publisher-name>Cambridge University Press</publisher-name>
         </publisher>
         <issn xmlns:xlink="http://www.w3.org/1999/xlink" pub-type="ppub">02611430</issn>
         <issn xmlns:xlink="http://www.w3.org/1999/xlink" pub-type="epub">14740095</issn>
      </journal-meta>
      <article-meta>
         <article-id xmlns:xlink="http://www.w3.org/1999/xlink" pub-id-type="jstor">40541423</article-id>
         <article-id pub-id-type="pub-doi">10.1017/S0261143009001743</article-id>
         <title-group>
            <article-title>Mediating Music: Materiality and Silence in Madonna's 'Don't Tell Me'</article-title>
         </title-group>
         <contrib-group>
            <contrib>
               <string-name xmlns:xlink="http://www.w3.org/1999/xlink">
                  <given-names>Anne</given-names>
                  <surname>Danielsen</surname>
               </string-name>
            </contrib>
            <contrib>
               <string-name xmlns:xlink="http://www.w3.org/1999/xlink">
                  <given-names>Arnt</given-names>
                  <surname>Maasø</surname>
               </string-name>
            </contrib>
         </contrib-group>
         <pub-date xmlns:xlink="http://www.w3.org/1999/xlink">
            <day>1</day>
            <month>5</month>
            <year>2009</year>
         </pub-date>
         <volume>28</volume>
         <issue>2</issue>
         <issue-id xmlns:xlink="http://www.w3.org/1999/xlink">i40023341</issue-id>
         <fpage>127</fpage>
         <lpage>142</lpage>
         <permissions>
            <copyright-statement>Copyright 2009 Cambridge University Press</copyright-statement>
         </permissions>
         <self-uri xmlns:xlink="http://www.w3.org/1999/xlink"
                   xlink:href="http://www.jstor.org/stable/40541423"/>
         <abstract>
            <p>This article investigates how the concrete sound of and recording process behind a pop tune relate to the possibilities and constraints of its electronic media. After a brief presentation of some theoretical issues related to the question of mediation and materiality, we address the claim that digitisation erases the material aspects of mediation through an investigation of contemporary popular music. Through a close analysis of the sound (and the silence) in Madonna's song 'Don't Tell Me', from the album Music (2000), as well as in a handful of related examples, we argue that one can indeed identify specific aural qualities associated with digital sound, and that these qualities may be used to achieve different aesthetic effects as well as to shed light on mediation and medium specificity as such.</p>
         </abstract>
         <custom-meta-group xmlns:xlink="http://www.w3.org/1999/xlink">
            <custom-meta>
               <meta-name>lang</meta-name>
               <meta-value>eng</meta-value>
            </custom-meta>
         </custom-meta-group>
      </article-meta>
   </front>
   <back>
      <ref-list>
         <title>Endnotes</title>
         <ref id="d9779e140a1310">
            <label>1</label>
            <mixed-citation id="d9779e147" publication-type="other">
Middleton (1990, p. 4)</mixed-citation>
         </ref>
         <ref id="d9779e154a1310">
            <label>2</label>
            <mixed-citation id="d9779e161" publication-type="other">
Joe Henry
(Madonna's brother-in-law) with the title
'Stop' (and later released on the album Scar,
2001).</mixed-citation>
            <mixed-citation id="d9779e176" publication-type="other">
Dreaming Wide Awake (2005),</mixed-citation>
         </ref>
         <ref id="d9779e183a1310">
            <label>3</label>
            <mixed-citation id="d9779e190" publication-type="other">
Jaworski (1993)</mixed-citation>
            <mixed-citation id="d9779e196" publication-type="other">
Maasø (2002a).</mixed-citation>
         </ref>
         <ref id="d9779e203a1310">
            <label>4</label>
            <mixed-citation id="d9779e210" publication-type="other">
Mott (1990)</mixed-citation>
            <mixed-citation id="d9779e216" publication-type="other">
Maasø (2002a).</mixed-citation>
         </ref>
         <ref id="d9779e224a1310">
            <label>5</label>
            <mixed-citation id="d9779e231" publication-type="other">
Duck
Amuck (Chuck Tones 1953).</mixed-citation>
         </ref>
         <ref id="d9779e241a1310">
            <label>7</label>
            <mixed-citation id="d9779e248" publication-type="other">
Maasø (2002a, pp. 95-6);</mixed-citation>
            <mixed-citation id="d9779e254" publication-type="other">
Peters (1999,
pp. 160-1);</mixed-citation>
            <mixed-citation id="d9779e263" publication-type="other">
Schäfer (1994, p. 256).</mixed-citation>
         </ref>
         <ref id="d9779e270a1310">
            <label>9</label>
            <mixed-citation id="d9779e277" publication-type="other">
(Auner
2000, p. 6).</mixed-citation>
         </ref>
         <ref id="d9779e287a1310">
            <label>10</label>
            <mixed-citation id="d9779e294" publication-type="other">
(Hawkins 2002, p. 42).</mixed-citation>
         </ref>
         <ref id="d9779e301a1310">
            <label>11</label>
            <mixed-citation id="d9779e308" publication-type="other">
(Feenberg 1999, p. 77).</mixed-citation>
         </ref>
         <ref id="d9779e315a1310">
            <label>12</label>
            <mixed-citation id="d9779e322" publication-type="other">
Simon Frith (1988, p. 4)</mixed-citation>
         </ref>
         <ref id="d9779e330a1310">
            <label>13</label>
            <mixed-citation id="d9779e337" publication-type="other">
http://en.wikipedia.org/
wiki/Don%27t_Tell_Me_%28Madonna_song%29,
accessed March 27, 2007</mixed-citation>
         </ref>
         <ref id="d9779e350a1310">
            <label>14</label>
            <mixed-citation id="d9779e359" publication-type="other">
Maasø 2002a</mixed-citation>
         </ref>
         <ref id="d9779e366a1310">
            <label>15</label>
            <mixed-citation id="d9779e373" publication-type="other">
(Feenberg 1999, p. 77).</mixed-citation>
         </ref>
         <ref id="d9779e380a1310">
            <label>16</label>
            <mixed-citation id="d9779e387" publication-type="other">
Berman (1982).</mixed-citation>
         </ref>
      </ref-list>
      <ref-list>
         <title>References</title>
         <ref id="d9779e403a1310">
            <mixed-citation id="d9779e407" publication-type="other">
Albiez, S. 2004. 'The day the music died laughing: Madonna and country', in Madonna's Drowned Worlds:
New Approaches to Her Subcultural Transformations, ed. S. Fouz-Hernández and F. Jarman-Ivens
(Aldershot, Ashgate), pp. 120-37</mixed-citation>
         </ref>
         <ref id="d9779e420a1310">
            <mixed-citation id="d9779e424" publication-type="other">
Auner, J. 2000. 'Making old machines speak: images of technology in recent music', Echo: A
Music-Centered Journal, 2, &lt;http://www.echo.ucla.edu/volume2-issue2/table-of-contents.html&gt;,
accessed March 2006</mixed-citation>
         </ref>
         <ref id="d9779e437a1310">
            <mixed-citation id="d9779e441" publication-type="other">
Berman, M. 1982. All That Is Solid Melts into Air: The Experience of Modernity (New York, Simon and
Schuster)</mixed-citation>
         </ref>
         <ref id="d9779e451a1310">
            <mixed-citation id="d9779e455" publication-type="other">
Brøvig-Andersen, R. 2007. Musikk og medienng. Teknologi relatert til sound og groove i trip-hop-musikk
(Oslo, University of Oslo, Department of Musicology)</mixed-citation>
         </ref>
         <ref id="d9779e466a1310">
            <mixed-citation id="d9779e470" publication-type="other">
Clarke, E.F. 2007. 'The impact of recording on listening', 20th Century Music, 4/1, pp. 47-70</mixed-citation>
         </ref>
         <ref id="d9779e477a1310">
            <mixed-citation id="d9779e481" publication-type="other">
Danielsen, A. 2006a. 'Mediation and the musicalization of reality on Public Enemy's Fear of a Black
Planet', Proc. from the Art of Record Production Conference (London), &lt;http://www.
artofrecordproduction.com/content/view/26/52/&gt;, accessed June 2007
2006b. Presence and Pleasure: the Funk Grooves of James Brown and Parliament (Middletown, CT,
Wesleyan University Press)</mixed-citation>
         </ref>
         <ref id="d9779e500a1310">
            <mixed-citation id="d9779e504" publication-type="other">
Eco, U. 1976. A Theory of Semiotics (Bloomineton, Indiana University Press)</mixed-citation>
         </ref>
         <ref id="d9779e511a1310">
            <mixed-citation id="d9779e515" publication-type="other">
Eno, B. 1999. 'The revenge of the intuitive: turn off the options, and turn up the intimacy', Wired, 7,
&lt;http://www.wired.com/wired/archive/7.01/eno_pr.html&gt;, accessed March 2006</mixed-citation>
         </ref>
         <ref id="d9779e525a1310">
            <mixed-citation id="d9779e529" publication-type="other">
Fagerjord, A., and Storsul, T. 2007. 'Questioning convergence', in Ambivalence Towards Convergence:
Digitalization and Media Change, ed. T. Storsul and D. Stuedahl (Güteborg, Nordicom)</mixed-citation>
         </ref>
         <ref id="d9779e539a1310">
            <mixed-citation id="d9779e543" publication-type="other">
Feenberg, A. 1999. Questioning Technology (London, Routledge)</mixed-citation>
         </ref>
         <ref id="d9779e551a1310">
            <mixed-citation id="d9779e555" publication-type="other">
Frith, S. 1988. 'The real thing -Bruce Springsteen', in Music for Pleasure, ed. S. Frith (London, Polity
Press), pp. 94-101</mixed-citation>
         </ref>
         <ref id="d9779e565a1310">
            <mixed-citation id="d9779e569" publication-type="other">
Frith, S. and Goodwin, A. 1990. On Record: Rock, Pop, and the Written Word (London, Routledge)</mixed-citation>
         </ref>
         <ref id="d9779e576a1310">
            <mixed-citation id="d9779e580" publication-type="other">
Hawkins, S. 2002. Settling the Pop Score: Pop Texts and Identity Politics (Aldershot, Ashgate)
2004a. 'On performativity and production in Madonna's music', in Music, Space and Place: Popular
Music and Cultural Identity, éd. S. Whiteley, A. Bennett and S. Hawkins (Aldershot, Ashgate),
pp. 180-90
2004b. 'Dragging out camp: narrative agendas in Madonna's musical production', in Madonna's
Drowned Worlds: New Approaches to Her Subcultural Transformations, éd. S. Fouz-Hernández and F.
Jarman-Ivens (Aldershot, Ashgate), pp. 3-21</mixed-citation>
         </ref>
         <ref id="d9779e606a1310">
            <mixed-citation id="d9779e610" publication-type="other">
Hesmondhaleh, D. 2002. The Cultural Industries (London, Saee)</mixed-citation>
         </ref>
         <ref id="d9779e617a1310">
            <mixed-citation id="d9779e621" publication-type="other">
Jameson, F. 1984. 'Postmodernism, or the cultural logic of late capitalism', New Left Review, 146,
pp. 53-92</mixed-citation>
         </ref>
         <ref id="d9779e631a1310">
            <mixed-citation id="d9779e635" publication-type="other">
Jaworski, A. 1993. The Power of Silence: Social and Pragmatic Perspectives (Newbury Park, CA, Sage)</mixed-citation>
         </ref>
         <ref id="d9779e643a1310">
            <mixed-citation id="d9779e647" publication-type="other">
Katz, M. 2005. Capturing Sound: How Technology Has Changed Music (Berkeley, University of California
Press)</mixed-citation>
         </ref>
         <ref id="d9779e657a1310">
            <mixed-citation id="d9779e661" publication-type="other">
Kittler, F.A. 1999. Gramophone, Film, Typewriter (Stanford, Stanford University Press)</mixed-citation>
         </ref>
         <ref id="d9779e668a1310">
            <mixed-citation id="d9779e672" publication-type="other">
Krauss, R., and Broodthaers, M. 2000. 'A Voyage on the North Sea': Art in the Age of the Post-Medium
Condition (New York, Thames and Hudson)</mixed-citation>
         </ref>
         <ref id="d9779e682a1310">
            <mixed-citation id="d9779e686" publication-type="other">
Maas0, A. 2002a. 'Se-hva-som-skjer!': En Studie av lyd som kommunikativt virkemiddel i TV (Oslo, Unipub)
2002b. 'Rollen til radio og TV i formidling av populeermusikk', in Populœrmusikken i kulturpolitikken,
ed. J. Gripsrud (Oslo, Norsk kulturrád), pp. 356-93</mixed-citation>
         </ref>
         <ref id="d9779e699a1310">
            <mixed-citation id="d9779e703" publication-type="other">
Middleton. R. 1990. Studving Povular Music (Milton Kevnes. Oven University Press)</mixed-citation>
         </ref>
         <ref id="d9779e710a1310">
            <mixed-citation id="d9779e714" publication-type="other">
Mott, R.L. 1990. Sound Effects: Radio, TV, and Film (Boston, Focal Press)</mixed-citation>
         </ref>
         <ref id="d9779e722a1310">
            <mixed-citation id="d9779e726" publication-type="other">
Negus, K. 1999. Music Genres and Corporate Cultures (London, Routledee)</mixed-citation>
         </ref>
         <ref id="d9779e733a1310">
            <mixed-citation id="d9779e737" publication-type="other">
Peters, J.D. 1999. Speaking into the Air: A History of the Idea of Communication (Chicago, Chicago
University Press)</mixed-citation>
         </ref>
         <ref id="d9779e747a1310">
            <mixed-citation id="d9779e751" publication-type="other">
Rothenbuhler, E.W. and Peters, J.D. 1997. 'Defining phonography: an experiment in theory', Musical
Quarterly, 81, pp. 242-64</mixed-citation>
         </ref>
         <ref id="d9779e761a1310">
            <mixed-citation id="d9779e765" publication-type="other">
Schäfer, R.M. 1994. The Soundscape: Our Sonic Environment and the Tuning of the World (Rochester, VT,
Destiny Books)</mixed-citation>
         </ref>
      </ref-list>
   </back>
</article>
