<article dtd-version="1.0" article-type="research-article">
   <front>
      <journal-meta>
         <journal-id xmlns:xlink="http://www.w3.org/1999/xlink" journal-id-type="jstor">popularmusic</journal-id>
         <journal-id xmlns:xlink="http://www.w3.org/1999/xlink" journal-id-type="jstor">j100590</journal-id>
         <journal-title-group xmlns:xlink="http://www.w3.org/1999/xlink">
            <journal-title>Popular Music</journal-title>
         </journal-title-group>
         <publisher>
            <publisher-name>Cambridge University Press</publisher-name>
         </publisher>
         <issn xmlns:xlink="http://www.w3.org/1999/xlink" pub-type="ppub">02611430</issn>
         <issn xmlns:xlink="http://www.w3.org/1999/xlink" pub-type="epub">14740095</issn>
      </journal-meta>
      <article-meta>
         <article-id xmlns:xlink="http://www.w3.org/1999/xlink" pub-id-type="jstor">40541427</article-id>
         <article-id pub-id-type="pub-doi">10.1017/S0261143009001780</article-id>
         <title-group>
            <article-title>Beyond the Stars and Stripes: Charting Van Dyke Parks' New World Musical Voyage</article-title>
         </title-group>
         <contrib-group>
            <contrib>
               <string-name xmlns:xlink="http://www.w3.org/1999/xlink">
                  <given-names>Dale</given-names>
                  <surname>Carter</surname>
               </string-name>
            </contrib>
         </contrib-group>
         <pub-date xmlns:xlink="http://www.w3.org/1999/xlink">
            <day>1</day>
            <month>5</month>
            <year>2009</year>
         </pub-date>
         <volume>28</volume>
         <issue>2</issue>
         <issue-id xmlns:xlink="http://www.w3.org/1999/xlink">i40023341</issue-id>
         <fpage>197</fpage>
         <lpage>216</lpage>
         <permissions>
            <copyright-statement>Copyright 2009 Cambridge University Press</copyright-statement>
         </permissions>
         <self-uri xmlns:xlink="http://www.w3.org/1999/xlink"
                   xlink:href="http://www.jstor.org/stable/40541427"/>
         <abstract>
            <p>During the early 1970s the American songwriter, musician and producer Van Dyke Parks completed work on a series of albums exploring the musical contours of the circum-Caribbean region and, through them, broader patterns and issues in twentieth-century US-Caribbean relations. Focusing on the connections between the United States and the (former) British colony of Trinidad and Tobago as articulated via the latter's calypso and steel band traditions, these recordings (two solo albums and two productions) not only explore the grammar, vocabulary and subject matter of a new world music before the phrase ' world music' was conceived; they also invite a range of scholarly interpretations. Drawing on a selection of theoretical concepts -notably cultural imperialism, the Black Atlantic, minstrelsy, and world music itself-this article offers a set of formalist and contextualist readings intended to rehearse Parks' Caribbean work as both a case study in (and a challenge to aspects of) the inter-disciplinary analysis of popular music.</p>
         </abstract>
         <custom-meta-group xmlns:xlink="http://www.w3.org/1999/xlink">
            <custom-meta>
               <meta-name>lang</meta-name>
               <meta-value>eng</meta-value>
            </custom-meta>
         </custom-meta-group>
      </article-meta>
   </front>
   <back>
      <ref-list>
         <title>References</title>
         <ref id="d9851e119a1310">
            <mixed-citation id="d9851e123" publication-type="other">
Aho, W. 1987. 'Steel band music in Trinidad and Tobago: the creation of a people's music', Latin
American Music Review. 8/1, pd. 26-58</mixed-citation>
         </ref>
         <ref id="d9851e133a1310">
            <mixed-citation id="d9851e137" publication-type="other">
Bernard, H.R. 2006. Research Methods in Anthropology: Qualitative and Quantitative Approaches, 4th edn
(Lanham, MD, Rowman Altamira)</mixed-citation>
         </ref>
         <ref id="d9851e147a1310">
            <mixed-citation id="d9851e151" publication-type="other">
Bilby, K. 1985. The Caribbean as a musical region , in Caribbean Contours, ed. S.W. Mintz and S. Price
(Baltimore, Johns Hopkins University Press), pp. 181-218</mixed-citation>
         </ref>
         <ref id="d9851e161a1310">
            <mixed-citation id="d9851e165" publication-type="other">
Brown, E.D. 1990. 'Carnival, calypso, and steelband in Trinidad', The Black Perspective in Music, 18/1-2,
pp. 81-100</mixed-citation>
         </ref>
         <ref id="d9851e176a1310">
            <mixed-citation id="d9851e180" publication-type="other">
Cantwell, R. 1996. When We Were Good: The Folk Revival (Cambridge, Harvard University Press)</mixed-citation>
         </ref>
         <ref id="d9851e187a1310">
            <mixed-citation id="d9851e191" publication-type="other">
Carmody, R. 1999. 'Pansie Cola's Parks', available at http://www.pansiecola.demon.co.uk/vandyke.
html, accessed 16 August 2003</mixed-citation>
         </ref>
         <ref id="d9851e201a1310">
            <mixed-citation id="d9851e205" publication-type="other">
Chude-Sokei, L. 1996. The Black Atlantic: Paul Gilroy and the fractured landscape of race , American
Quarterly, 48/4, pp. 740-5</mixed-citation>
         </ref>
         <ref id="d9851e215a1310">
            <mixed-citation id="d9851e219" publication-type="other">
Cockrell, D. 1997. Demons of Disorder: Early Blackface Minstrels and Their World (New York, Cambridge
Universitv Press)</mixed-citation>
         </ref>
         <ref id="d9851e229a1310">
            <mixed-citation id="d9851e233" publication-type="other">
Cornyn, S. 2003. Unpublished personal interview, West Hollywood, 1 October</mixed-citation>
         </ref>
         <ref id="d9851e240a1310">
            <mixed-citation id="d9851e244" publication-type="other">
Cowley, J. 1999. Liner notes to Calypso After Midnight! The Live Midnight Special Concert, Town Hall, New
York City 1946, Rounder Records CD 116611841-2</mixed-citation>
         </ref>
         <ref id="d9851e255a1310">
            <mixed-citation id="d9851e259" publication-type="other">
2000 Liner notes to Lord Invader, Calypso in New York, Smithsonian Folkways Recordings SFW CD
40454</mixed-citation>
         </ref>
         <ref id="d9851e269a1310">
            <mixed-citation id="d9851e273" publication-type="other">
DeWalt, K.M., DeWalt, B.K. and Wayland, C.b. 1998. 'Participant observation', in Handbook of Methods in
Cultural Anthropology, ed. H.R. Bernard (Walnut Creek, CA, AltaMira Press), pp. 259-99</mixed-citation>
         </ref>
         <ref id="d9851e283a1310">
            <mixed-citation id="d9851e287" publication-type="other">
Dudley, S. 2002. 'Dropping the bomb: steelband performance and meaning in 1960s Trinidad', Ethno-
musicology, 46/1, pp. 135-64</mixed-citation>
         </ref>
         <ref id="d9851e297a1310">
            <mixed-citation id="d9851e301" publication-type="other">
2004 Carnival Music in Trinidad: Experiencing Music, Expressing Culture (New York, Oxford University
Press)</mixed-citation>
         </ref>
         <ref id="d9851e311a1310">
            <mixed-citation id="d9851e315" publication-type="other">
Eldndge, M. 2U02. Ihere goes the transnational neighborhood: calypso buys a bungalow , Callaloo, 25/2,
pp. 620-38</mixed-citation>
         </ref>
         <ref id="d9851e325a1310">
            <mixed-citation id="d9851e329" publication-type="other">
Feld, S. 2000. 'A sweet lullaby for world music', Public Culture, 12/1, pp. 145-71</mixed-citation>
         </ref>
         <ref id="d9851e337a1310">
            <mixed-citation id="d9851e341" publication-type="other">
Fitzgerald, J., and Hayward, P. 1999. Musical transport: Van Dyke Parks, Americana, and the applied
Orientalism of Tokyo Rose' , in Widening the Horizon: Exoticism in Post-War Popular Music, ed. P.
Hayward (Sydney, John Libbey), pp. 145-67</mixed-citation>
         </ref>
         <ref id="d9851e354a1310">
            <mixed-citation id="d9851e358" publication-type="other">
Frith, S. 2000. The discourse of world music', in Western Music and Its Others: Difference, Representation,
and Appropriation in Music, ed. G. Born and D. Hesmondhalgh (Berkeley, University of California
Pressi. DD. 305-22</mixed-citation>
         </ref>
         <ref id="d9851e371a1310">
            <mixed-citation id="d9851e375" publication-type="other">
Gardner, L.C. 1960. Economie Aspects of New Deal Diplomacy (Madison, University of Wisconsin Press)</mixed-citation>
         </ref>
         <ref id="d9851e382a1310">
            <mixed-citation id="d9851e386" publication-type="other">
Gillett, C. 1998. 'World music prophets', Other, available at http://www.developments.org.uk/articles/
world-music-prophets/, accessed 15 May 2006</mixed-citation>
         </ref>
         <ref id="d9851e396a1310">
            <mixed-citation id="d9851e400" publication-type="other">
Gilrov. P. 1993. The Black Atlantic: Modernity and Double Consciousness (London. Versoi</mixed-citation>
         </ref>
         <ref id="d9851e407a1310">
            <mixed-citation id="d9851e411" publication-type="other">
Goodwin, A., and Gore, J. 1990. 'World beat and the cultural imperialism debate', Socialist Review, 20/3,
pp. 63-80</mixed-citation>
         </ref>
         <ref id="d9851e422a1310">
            <mixed-citation id="d9851e426" publication-type="other">
Green, D. 1971. The Containment of Latin America (Chicago, Ouadranele)</mixed-citation>
         </ref>
         <ref id="d9851e433a1310">
            <mixed-citation id="d9851e437" publication-type="other">
Guilbault, J. 2002. 'The politics of calypso in a world of music industries', in Popular Music Studies, ed. D.
Hesmondhalgh and K. Negus (London, Arnold), pp. 191-204</mixed-citation>
         </ref>
         <ref id="d9851e447a1310">
            <mixed-citation id="d9851e451" publication-type="other">
Hill, D.R. 1998.' '' I am happy just to be in this sweet land of liberty'': the New York City calypso craze
of the 1930s and 1940s', in Island Sounds in the Global City, ed. R. Allen and L. Wilcken (New York,
Institute for Studies in American Music and the New York Folklore Society), DD. 74-92</mixed-citation>
         </ref>
         <ref id="d9851e464a1310">
            <mixed-citation id="d9851e468" publication-type="other">
Hill, E. 1972. The Trinidad Carnival: Mandate for a National Theatre (Austin, University of Texas Press)</mixed-citation>
         </ref>
         <ref id="d9851e475a1310">
            <mixed-citation id="d9851e479" publication-type="other">
Holton, G.E.L. 2000. 'Oil, race, and calypso in Trinidad and Tobago, 1909-1990', in Latin American
Popular Culture: An Introduction, ed. W.H. Beezlet and L.A. Curcio-Nagy (Wilmington, Delaware,
Scholarly Resources), pp. 201-12</mixed-citation>
         </ref>
         <ref id="d9851e492a1310">
            <mixed-citation id="d9851e496" publication-type="other">
Hoskyns, B. 2005. Hotel California: Singer-Songwriters and Cocaine Cowboys in the LA Canyons, 1967-1976
(London, Fourth Estate)</mixed-citation>
         </ref>
         <ref id="d9851e507a1310">
            <mixed-citation id="d9851e511" publication-type="other">
Kibbee, M. 2003. Unpublished personal interview, Beverly Hills, 20 October</mixed-citation>
         </ref>
         <ref id="d9851e518a1310">
            <mixed-citation id="d9851e522" publication-type="other">
Laing, D. 1986. 'The music industry and the "cultural imperialism" thesis', Media, Culture and Society,
8/3, pp. 331-41</mixed-citation>
         </ref>
         <ref id="d9851e532a1310">
            <mixed-citation id="d9851e536" publication-type="other">
Lhamon, W.T. 1998. Raising Cain: Blackface Performance from Jim Crow to Hip Hop (Cambridge, Harvard
University Press)</mixed-citation>
         </ref>
         <ref id="d9851e546a1310">
            <mixed-citation id="d9851e550" publication-type="other">
Liverpool, H.U. 1994. 'Researching steelband and calypso music in the British Caribbean and the U.S.
Virgin Islands', Black Music Research Journal, 14/2, pp. 179-201</mixed-citation>
         </ref>
         <ref id="d9851e560a1310">
            <mixed-citation id="d9851e564" publication-type="other">
Lloyd, R. 1988. 'One brief shining moment: the miraculous half decade when Warners was the heart of
rock &amp; roll', L.A. Style, 4/6, pp. 148-53, 197, 240-2</mixed-citation>
         </ref>
         <ref id="d9851e574a1310">
            <mixed-citation id="d9851e578" publication-type="other">
Lott, E. 1991. "The seeming counterfeit": racial politics and early blackface minstrelsy', American
Quarterly, 43/2, pp. 223-54
1993. Love and Theft: Blackface Minstrelsy and the American Working Class (New York, Oxford
University Press)</mixed-citation>
         </ref>
         <ref id="d9851e595a1310">
            <mixed-citation id="d9851e599" publication-type="other">
Lux, W.R. 1972. 'Black Power in the Caribbean', Journal of Black Studies, 3/2, pd. 207-25</mixed-citation>
         </ref>
         <ref id="d9851e606a1310">
            <mixed-citation id="d9851e610" publication-type="other">
Manuel, P., with Bilby, K., and Largey, M. 2006. Caribbean Currents: Caribbean Music from Rumba to
Reggae (Philadelphia, Temple University Press)</mixed-citation>
         </ref>
         <ref id="d9851e620a1310">
            <mixed-citation id="d9851e624" publication-type="other">
Negus, K. 1996. Popular Music in Theory. An Introduction (London, Polity)</mixed-citation>
         </ref>
         <ref id="d9851e631a1310">
            <mixed-citation id="d9851e635" publication-type="other">
Neptune, H.R. 2007. Caliban and the Yankees: Trinidad and the United States Occupation (Chapel Hill,
University of North Carolina Press)</mixed-citation>
         </ref>
         <ref id="d9851e645a1310">
            <mixed-citation id="d9851e649" publication-type="other">
Nizer, L. 1961. My Life in Court (New York, Doubleday)</mixed-citation>
         </ref>
         <ref id="d9851e656a1310">
            <mixed-citation id="d9851e660" publication-type="other">
Noblett, R. 1985. The golden age of calypso', Musical Traditions, 4, available at http://www.mustrad.
org.uk/articles/calypso.htm, accessed 7 July 2003</mixed-citation>
         </ref>
         <ref id="d9851e671a1310">
            <mixed-citation id="d9851e675" publication-type="other">
Parks, V.D. 1971. The Esso Trinidad Steelband', The Guardian of Stateside Steelbands, 1/1, available at
http://www.vandykeparks.com/miscfiles/TGOSS.html, accessed 16 September 2003
1998. The Esso Trinidad "Tripoli" Steelband, Captain Huge Borde, "from oil to royalty"', available at
http://www.songcycler.de/esso.html, accessed 11 June 2004
2003. UnDublished Dersonal interview. Los Anéeles, 9 October</mixed-citation>
         </ref>
         <ref id="d9851e694a1310">
            <mixed-citation id="d9851e698" publication-type="other">
Perez, L.A. Jr 1975. Tourism in the West Indies', Journal of Communication, 25/2, pp. 136-43</mixed-citation>
         </ref>
         <ref id="d9851e705a1310">
            <mixed-citation id="d9851e709" publication-type="other">
Regis, L. 1999. lhe Political Calypso: lrue Opposition in Trinidad and Tobago, 1962-1987 (Gainesville,
University Press of Florida)</mixed-citation>
         </ref>
         <ref id="d9851e719a1310">
            <mixed-citation id="d9851e723" publication-type="other">
Reif, F. 2001. The Esso Trinidad Tripoli Steel Band', available at http://www.songcycler.de/esso.html,
accessed 16 July 2003</mixed-citation>
         </ref>
         <ref id="d9851e733a1310">
            <mixed-citation id="d9851e737" publication-type="other">
Roach, C. 1997. 'Cultural imperialism and resistance in media theory and literary theory', Media, Culture
and Society, 19, pp. 47-66</mixed-citation>
         </ref>
         <ref id="d9851e747a1310">
            <mixed-citation id="d9851e751" publication-type="other">
Rohlehr, G. 1985. '"Man talking to man": calypso and social confrontation in Trinidad from 1970 to 1984',
Caribbean Quarterly, 31/2, pp. 1-13</mixed-citation>
         </ref>
         <ref id="d9851e762a1310">
            <mixed-citation id="d9851e766" publication-type="other">
1990. Calypso and Society in I-he-Independence Trinidad (Port-of-Spain, Gordon Rohlehr)</mixed-citation>
         </ref>
         <ref id="d9851e773a1310">
            <mixed-citation id="d9851e777" publication-type="other">
1998. '"We getting the Kaiso that we deserve": calypso and the world music market', The Drama
Review, 42/3, pp. 82-95</mixed-citation>
         </ref>
         <ref id="d9851e787a1310">
            <mixed-citation id="d9851e791" publication-type="other">
Sarlin, B. 1975. Turn It Up (I Can't Hear the Music): The Best of the New Singer/Songwriters (London,
Coronet)</mixed-citation>
         </ref>
         <ref id="d9851e801a1310">
            <mixed-citation id="d9851e805" publication-type="other">
Silva, N., and Nelson, D. 2003. 'Liberace and the Trinidad Tripoli Steel Band', available at http: //www.
npr.org/programs/lnfsound/stories/030304.liberace.html, accessed 14 August 2006</mixed-citation>
         </ref>
         <ref id="d9851e815a1310">
            <mixed-citation id="d9851e819" publication-type="other">
Stowe, D.W. 1998. The politics of Café Society', Journal of American History, 84/4, pp. 1,384-406</mixed-citation>
         </ref>
         <ref id="d9851e826a1310">
            <mixed-citation id="d9851e830" publication-type="other">
Stuempfle, S. 1995. The Steelband Movement: The Forging of a National Art in Trinidad and Tobago
(Philadelphia, University of Pennsylvania Press)
2004. 'Documenting calypso in New York and the Atlantic world7, Institute for Studies in American
Music Newsletter, 2, pp. 1-4</mixed-citation>
         </ref>
         <ref id="d9851e847a1310">
            <mixed-citation id="d9851e851" publication-type="other">
Taylor, T.D. 1999. Global Pop: World Music, World Markets (London and New York, Routledge)</mixed-citation>
         </ref>
         <ref id="d9851e858a1310">
            <mixed-citation id="d9851e862" publication-type="other">
Tomlinson, J. 2002. Cultural Imperialism: A Critical Introduction (London, Continuum)</mixed-citation>
         </ref>
         <ref id="d9851e869a1310">
            <mixed-citation id="d9851e873" publication-type="other">
Toynbee, J. 2002. 'Mainstreaming, from hegemonic centre to global networks', in Popular Music Studies,
ed. D. Hesmondhaleh and K. Neeus (London, Arnold), pp. 149-63</mixed-citation>
         </ref>
         <ref id="d9851e883a1310">
            <mixed-citation id="d9851e887" publication-type="other">
Waronker, L. 2003. Unpublished personal interview, Beverly Hills, 10 October</mixed-citation>
         </ref>
         <ref id="d9851e894a1310">
            <mixed-citation id="d9851e898" publication-type="other">
White, L.A. 2001. 'Reconsidering cultural imperialism theory', Transnational Broadcasting Studies, 6, avail-
able at http://www.openj-gate.org/include/redirect.asp?JCode=121787&amp;Source=&amp;type=J&amp;url=http%
3A%2F%2Fwww%2Etbsjournal%2Ecom%2FArchives%2FSpring01%2FArab%2Ehtml, accessed 22 Sep-
tember 2004</mixed-citation>
         </ref>
         <ref id="d9851e914a1310">
            <mixed-citation id="d9851e918" publication-type="other">
Wickham, A. 2004. Unpublished personal interview, London, 17 May</mixed-citation>
         </ref>
      </ref-list>
      <ref-list>
         <title>Discography</title>
         <ref id="d9851e934a1310">
            <mixed-citation id="d9851e938" publication-type="other">
The Esso Trinidad Steel Band, The Esso Trinidad Steel Band. Warner Brothers LP: WS 1917. 1971,
produced by Van Dyke Parks</mixed-citation>
         </ref>
         <ref id="d9851e948a1310">
            <mixed-citation id="d9851e952" publication-type="other">
Mighty Sparrow, Hot and Sweet. Warner Brothers LP: BS 2771. 1974, produced by Van Dyke Parks and
Andrew Wickham</mixed-citation>
         </ref>
         <ref id="d9851e962a1310">
            <mixed-citation id="d9851e966" publication-type="other">
Van Dyke Parks, Clang of the Yankee Reaper. Warner Brothers LP: WB 56161. 1975, produced by Andrew
Wickham and Trevor Lawrence</mixed-citation>
         </ref>
         <ref id="d9851e976a1310">
            <mixed-citation id="d9851e980" publication-type="other">
Discover America. Warner Brothers LP: WB 26043. 1972, Produced by Durry Parks and Linda Perry</mixed-citation>
         </ref>
      </ref-list>
   </back>
</article>
