<article dtd-version="1.0" article-type="research-article">
   <front>
      <journal-meta>
         <journal-id xmlns:xlink="http://www.w3.org/1999/xlink" journal-id-type="jstor">popularmusic</journal-id>
         <journal-id xmlns:xlink="http://www.w3.org/1999/xlink" journal-id-type="jstor">j100590</journal-id>
         <journal-title-group xmlns:xlink="http://www.w3.org/1999/xlink">
            <journal-title>Popular Music</journal-title>
         </journal-title-group>
         <publisher>
            <publisher-name>Cambridge University Press</publisher-name>
         </publisher>
         <issn xmlns:xlink="http://www.w3.org/1999/xlink" pub-type="ppub">02611430</issn>
         <issn xmlns:xlink="http://www.w3.org/1999/xlink" pub-type="epub">14740095</issn>
      </journal-meta>
      <article-meta>
         <article-id xmlns:xlink="http://www.w3.org/1999/xlink" pub-id-type="jstor">40926917</article-id>
         <title-group>
            <article-title>Configuring the sound-box 1965–1972</article-title>
         </title-group>
         <contrib-group>
            <contrib>
               <string-name xmlns:xlink="http://www.w3.org/1999/xlink">
                  <given-names>RUTH</given-names>
                  <surname>DOCKWRAY</surname>
               </string-name>
            </contrib>
            <contrib>
               <string-name xmlns:xlink="http://www.w3.org/1999/xlink">
                  <given-names>ALLAN F.</given-names>
                  <surname>MOORE</surname>
               </string-name>
            </contrib>
         </contrib-group>
         <pub-date xmlns:xlink="http://www.w3.org/1999/xlink">
            <day>1</day>
            <month>5</month>
            <year>2010</year>
         </pub-date>
         <volume>29</volume>
         <issue>2</issue>
         <issue-id xmlns:xlink="http://www.w3.org/1999/xlink">i40041660</issue-id>
         <fpage>181</fpage>
         <lpage>197</lpage>
         <permissions>
            <copyright-statement>© Cambridge University Press 2010</copyright-statement>
         </permissions>
         <self-uri xmlns:xlink="http://www.w3.org/1999/xlink"
                   xlink:href="http://www.jstor.org/stable/40926917"/>
         <abstract>
            <p>When a stereophonic track is heard through headphones or over loudspeakers, the image of a virtual performance is created in the mind. This virtual performance, which exists exclusively on the record, can he conceptualised in terms of the 'sound-box' (Moore 1993), a four-dimensional virtual space within which sounds can be located through: lateral placement within the stereo field; foreground and background placement due to volume and distortion; height according to sound vibration frequency; and time. From the mid-1960s, the increasing shift from mono to stereo meant that producers and engineers had to contend with the notion and potential of a song's sonic arrangement or mix, resulting in a disparity of sonic placement and a diverse range of sound-box configurations. By 1972, a normative positioning of sound sources within the sound-box was established, which we term the 'diagonal mix'. This article focuses on the consolidation of this norm by means of a 'taxonomy of mixes' and the utilisation of visual representations which detail the sound-box configurations of a variety of pop/rock, easy listening and psychedelic tracks from 1966 to 1972.</p>
         </abstract>
         <custom-meta-group xmlns:xlink="http://www.w3.org/1999/xlink">
            <custom-meta>
               <meta-name>lang</meta-name>
               <meta-value>eng</meta-value>
            </custom-meta>
         </custom-meta-group>
      </article-meta>
   </front>
   <back>
      <ref-list>
         <title>Endnotes</title>
         <ref id="d1308e229a1310">
            <label>6</label>
            <mixed-citation id="d1308e236" publication-type="other">
Moore
and Dockwray (2010).</mixed-citation>
         </ref>
         <ref id="d1308e246a1310">
            <label>8</label>
            <mixed-citation id="d1308e255" publication-type="other">
Simon
Zagorski-Thomas for this insightful observation
(pers. commun., 14 May 2009).</mixed-citation>
         </ref>
         <ref id="d1308e268a1310">
            <label>10</label>
            <mixed-citation id="d1308e275" publication-type="other">
Moore and Dockwray (2010).</mixed-citation>
         </ref>
         <ref id="d1308e282a1310">
            <label>11</label>
            <mixed-citation id="d1308e289" publication-type="other">
The Meanings of
Spatialization, is planned to appear between
2009 and 2011.</mixed-citation>
         </ref>
      </ref-list>
      <ref-list>
         <title>References</title>
         <ref id="d1308e311a1310">
            <mixed-citation id="d1308e315" publication-type="other">
Anon 2003. 'How do I create a stereo mix from mono material?', Sound On Sound, December, http://www.soun-
donsound.com/sos/dec03/articles/qanda.htm (accessed 2 June 2008)</mixed-citation>
         </ref>
         <ref id="d1308e325a1310">
            <mixed-citation id="d1308e329" publication-type="other">
Bartlett, B., and Bartlett, J. 2002. Practical Recording Techniques (3rd edn) (London, Focal Press)</mixed-citation>
         </ref>
         <ref id="d1308e336a1310">
            <mixed-citation id="d1308e340" publication-type="other">
Borthwick, S., and Moy, R. 2004. Popular Music Genres: An Introduction (Edinburgh, Edinburgh University Press)</mixed-citation>
         </ref>
         <ref id="d1308e347a1310">
            <mixed-citation id="d1308e351" publication-type="other">
Chanan, M. 1995. Repeated Takes: A Short History of Recording and its Effects on Music (London, Verso)</mixed-citation>
         </ref>
         <ref id="d1308e359a1310">
            <mixed-citation id="d1308e363" publication-type="other">
Crabbe, J. 1968. HI-FI in the Home (London, Blandford)</mixed-citation>
         </ref>
         <ref id="d1308e370a1310">
            <mixed-citation id="d1308e374" publication-type="other">
Droney, M. 2003. Mix Masters: Platinum Engineers Reveal Their becrets tor buccess (Berklee, Berklee Fress)</mixed-citation>
         </ref>
         <ref id="d1308e381a1310">
            <mixed-citation id="d1308e385" publication-type="other">
Eisenberg, E. 2005. The Recording Angel: Music, Records and Culture from Aristotle to Zappa (2nd edn) (Yale, Yale
University Press)</mixed-citation>
         </ref>
         <ref id="d1308e395a1310">
            <mixed-citation id="d1308e399" publication-type="other">
Gambaccini, P., Rice, T., and Rice, J. 1996. Guinness Top 40 Charts (Middlesex, Guinness)</mixed-citation>
         </ref>
         <ref id="d1308e406a1310">
            <mixed-citation id="d1308e410" publication-type="other">
Gibson, D. 2005. The Art of Mixing (2nd edn) (Boston, Course Technology)</mixed-citation>
         </ref>
         <ref id="d1308e417a1310">
            <mixed-citation id="d1308e421" publication-type="other">
Gracyk, T. 1996. Rhythm and Noise (London, I.B. Taurus)</mixed-citation>
         </ref>
         <ref id="d1308e429a1310">
            <mixed-citation id="d1308e433" publication-type="other">
Hodgson, J. 2007. 'Outline for a theory of recording practice with reference to the mix for Pink Floyd s Speak
to Me" (1973)', Journal on the Art of Record Production, 1/1, http://www.artofrecordproduction.com (accessed
13 February 2007)</mixed-citation>
         </ref>
         <ref id="d1308e446a1310">
            <mixed-citation id="d1308e450" publication-type="other">
Jones, S. 1992. Rock Formation (London, Sage)</mixed-citation>
         </ref>
         <ref id="d1308e457a1310">
            <mixed-citation id="d1308e461" publication-type="other">
Katz, M. 2004. Capturing Sound (California, California Press)</mixed-citation>
         </ref>
         <ref id="d1308e468a1310">
            <mixed-citation id="d1308e472" publication-type="other">
Kehew, B., and Ryan, K. 2006. Recording The Beatles (Texas, eurve Bender)</mixed-citation>
         </ref>
         <ref id="d1308e479a1310">
            <mixed-citation id="d1308e483" publication-type="other">
Martin, G., with Pearson, W. 1994. With a Little Help from My Friends (Boston, Little Brown)</mixed-citation>
         </ref>
         <ref id="d1308e490a1310">
            <mixed-citation id="d1308e494" publication-type="other">
Middleton, R. 1993. 'Popular music analysis and musicologi bridging the gap', Popular Music, 12/2, pp. 177-90</mixed-citation>
         </ref>
         <ref id="d1308e502a1310">
            <mixed-citation id="d1308e506" publication-type="other">
Moore, A.F. 1983. Rock: The Primary Text (Milton Keynes, Open University Press)</mixed-citation>
         </ref>
         <ref id="d1308e513a1310">
            <mixed-citation id="d1308e517" publication-type="other">
Moore, A.F. 2001. Rock: The Primary Text: Developing A Musicology of Rock (2nd edn) (Aldershot, Ashgate)</mixed-citation>
         </ref>
         <ref id="d1308e524a1310">
            <mixed-citation id="d1308e528" publication-type="other">
Moore, A.F. 2005. The persona-environment relation in recorded song', Music Theory Online, 1174.</mixed-citation>
         </ref>
         <ref id="d1308e535a1310">
            <mixed-citation id="d1308e539" publication-type="other">
Moore, A.F., and Dockwray, R. (2010). The establishment of the virtual performance space in rock,
Twentieth-Century Music, 5/2, pp. 219-41</mixed-citation>
         </ref>
         <ref id="d1308e549a1310">
            <mixed-citation id="d1308e553" publication-type="other">
Morton, D. 2000. Off the Record (New Brunswick, Rutgers University Press)</mixed-citation>
         </ref>
         <ref id="d1308e560a1310">
            <mixed-citation id="d1308e564" publication-type="other">
Moylan, W. 2007. Understanding and Crafting the Mix (2nd edn) (Burlington, Focal Press)</mixed-citation>
         </ref>
         <ref id="d1308e572a1310">
            <mixed-citation id="d1308e576" publication-type="other">
Rumsey, F. 2002. 'Spatial quality evaluation for reproduced sound: terminology, meaning, and a scene-based
paradigm', Journal of the Audio Engineering Society, 50/9, pp. 651-66</mixed-citation>
         </ref>
         <ref id="d1308e586a1310">
            <mixed-citation id="d1308e590" publication-type="other">
Schafer, R.M. 2006. The music of the environment', in Audio Culture: Readings in Modern Music (pp. 29-39)
(London, Continuum)</mixed-citation>
         </ref>
         <ref id="d1308e600a1310">
            <mixed-citation id="d1308e604" publication-type="other">
Whitburn, J. 2004. The Billboard Book of Top 40 Hits (8th edn) (New York, Billboard)</mixed-citation>
         </ref>
         <ref id="d1308e611a1310">
            <mixed-citation id="d1308e615" publication-type="other">
White, P. 2000. 'Improving your stereo mixing', Sound on Sound, October, http://www.soundonsound.com/sos/
oct00/articles/stereomix.htm (accessed 9 January 2007)</mixed-citation>
         </ref>
         <ref id="d1308e625a1310">
            <mixed-citation id="d1308e629" publication-type="other">
Whiteley, S. 1990. 'Progressive rock and psychedelic coding in the work of Jimi Hendrix'pular Music, 9/1, pp.
37-60</mixed-citation>
         </ref>
         <ref id="d1308e639a1310">
            <mixed-citation id="d1308e643" publication-type="other">
Whiteley, S. 1992. The Space Between the Notes: Rock and the Counter-Culture (London, Routledge)</mixed-citation>
         </ref>
         <ref id="d1308e651a1310">
            <mixed-citation id="d1308e655" publication-type="other">
Zak, A.J. III 2001. The Poetics of Rock: Cutting Tracks, Making Records (California, California University Press)</mixed-citation>
         </ref>
      </ref-list>
      <ref-list>
         <title>Discography</title>
         <ref id="d1308e671a1310">
            <mixed-citation id="d1308e675" publication-type="other">
Herb Alpert &amp; the Tijuana Brass, 'What Now My Love' [1966]. The Very Best of Herb Alpert. A&amp;M, 396906-1.
1986</mixed-citation>
         </ref>
         <ref id="d1308e685a1310">
            <mixed-citation id="d1308e689" publication-type="other">
Herb Alpert &amp; the Tijuana Brass, 'Casino Royale' [1967]. The Very Best of Herb Alpert. A&amp;M, 396906-1. 1986</mixed-citation>
         </ref>
         <ref id="d1308e696a1310">
            <mixed-citation id="d1308e700" publication-type="other">
Argent, 'Celebration' [1970]. Ring of Hands. BGO, BGOCD480. 2000</mixed-citation>
         </ref>
         <ref id="d1308e707a1310">
            <mixed-citation id="d1308e711" publication-type="other">
Bee Gees. 'World' [19671. Their Greatest Hits: The Record. Polvdor (UK). 589400-2. 2001</mixed-citation>
         </ref>
         <ref id="d1308e719a1310">
            <mixed-citation id="d1308e723" publication-type="other">
Carpenters, 'Goodbye to Love' [1972]. The Singles 1969-1973. A&amp;M, AMLH 63601. 1973</mixed-citation>
         </ref>
         <ref id="d1308e730a1310">
            <mixed-citation id="d1308e734" publication-type="other">
Cher, 'Bang Bang' [1966]. The Very Best of Cher. Warner Bros, R2 73852. 2003</mixed-citation>
         </ref>
         <ref id="d1308e741a1310">
            <mixed-citation id="d1308e745" publication-type="other">
Neil Diamond, 'Cracklin' Rosie' [1970]. The Greatest Hits 1966-1992. Columbia, 471502. 1992</mixed-citation>
         </ref>
         <ref id="d1308e752a1310">
            <mixed-citation id="d1308e756" publication-type="other">
Julie Driscoll, Brian Auger and the Trinity, 'This Wheel's on Fire' [1968]. Various -Our Generation. Teledisc,
TELCD 39. 1989</mixed-citation>
         </ref>
         <ref id="d1308e766a1310">
            <mixed-citation id="d1308e770" publication-type="other">
Aretha Franklin, 'Think' [1968]. Aretha's Gold. Atlantic, 7567-81445-2. 1993</mixed-citation>
         </ref>
         <ref id="d1308e777a1310">
            <mixed-citation id="d1308e781" publication-type="other">
Isaac Hayes, 'Walk On By7 [1969]. The Man! The Ultimate Isaac Hayes (1969-1977). Stax, CDSXE2 133. 2001</mixed-citation>
         </ref>
         <ref id="d1308e789a1310">
            <mixed-citation id="d1308e793" publication-type="other">
Brenda Holloway, you've Made Me So Very Happy' [1967]. The Motown Anthology. Motown, 980765-8. 2005</mixed-citation>
         </ref>
         <ref id="d1308e800a1310">
            <mixed-citation id="d1308e804" publication-type="other">
Jimi Hendrix Experience, 'Spanish Castle Magic'. Axis: Bold as Love. Polydor, SPELP 03. 1967</mixed-citation>
         </ref>
         <ref id="d1308e811a1310">
            <mixed-citation id="d1308e815" publication-type="other">
Jimi Hendrix Experience, 'Purple Haze' [1967]. Are You Experienced? MCA MCD, 11608. 1997</mixed-citation>
         </ref>
         <ref id="d1308e822a1310">
            <mixed-citation id="d1308e826" publication-type="other">
Jimi Hendrix Experience, 'Crosstown Traffic' [1968]. Electric Ladyland. MCA, MCD 11600. 1997</mixed-citation>
         </ref>
         <ref id="d1308e833a1310">
            <mixed-citation id="d1308e837" publication-type="other">
Jimi Hendrix Experience, 'Voodoo Chile (Slight Return)' [1968]. Electric Ladyland. MCA, MCD 11600. 1997</mixed-citation>
         </ref>
         <ref id="d1308e844a1310">
            <mixed-citation id="d1308e848" publication-type="other">
Engelbert Humperdinck, 'There Goes My Everything' [1967]. Engelbert: His Greatest Love Songs. Universal
Music, TV 0602498335109. 2004</mixed-citation>
         </ref>
         <ref id="d1308e859a1310">
            <mixed-citation id="d1308e863" publication-type="other">
Tom Jones, 'Daughter of Darkness' [1970]. The Definitive Tom Jones 1964-2002. Universal Records, 882957-2.
2003</mixed-citation>
         </ref>
         <ref id="d1308e873a1310">
            <mixed-citation id="d1308e877" publication-type="other">
David McWilliams, 'Days of Pearly Spencer7 [1967]. The Days of Pearly Spencer. EMI, SRS 5075. 1971</mixed-citation>
         </ref>
         <ref id="d1308e884a1310">
            <mixed-citation id="d1308e888" publication-type="other">
Matt Monro, 'Born Free' [1966]. John Barry -The Best of the EMI Years. EMI, 07243 523073 2 6. 1999</mixed-citation>
         </ref>
         <ref id="d1308e895a1310">
            <mixed-citation id="d1308e899" publication-type="other">
Des O'Connor, 'Dick-a-Dum-Dum (King's Road) [1969]. Des O'Connor. . . By Special Request. EMI, MFP50007.
1977</mixed-citation>
         </ref>
         <ref id="d1308e909a1310">
            <mixed-citation id="d1308e913" publication-type="other">
Pink Flovd. 'See Emilv Plav' [1967]. Relics. EMI. MFP 50397. 1971</mixed-citation>
         </ref>
         <ref id="d1308e920a1310">
            <mixed-citation id="d1308e924" publication-type="other">
Cliff Richard, 'Congratulations' [1968]. Cliff Richard -The Hit List. EMI, 7243 8 30917 2 0. 1994</mixed-citation>
         </ref>
         <ref id="d1308e932a1310">
            <mixed-citation id="d1308e936" publication-type="other">
Cliff Richard, 'Goodbye Sam, Hello Samantha' [19701. Cliff Richard -The Hit List. EMI, 7243 8 3091720. 1994</mixed-citation>
         </ref>
         <ref id="d1308e943a1310">
            <mixed-citation id="d1308e947" publication-type="other">
Small Faces, 'Itchycoo Park' [19671. The Small Faces -The Collection. Castle Communications, CCSCD 108. 1986</mixed-citation>
         </ref>
         <ref id="d1308e954a1310">
            <mixed-citation id="d1308e958" publication-type="other">
Tomorrow, 'My White Bicycle' [1967] . Various -Nuggets II -Original Arty facts from the British Empire and Beyond
1964-1969. Rhino, R2 76787. 2001</mixed-citation>
         </ref>
         <ref id="d1308e968a1310">
            <mixed-citation id="d1308e972" publication-type="other">
Roger Williams, 'Born Free' [1966]. Various -The Real Popcorn Collection Vol. 2. Paradiso, PA 3911/9. 1997</mixed-citation>
         </ref>
      </ref-list>
   </back>
</article>
