<article dtd-version="1.0" article-type="research-article">
   <front>
      <journal-meta>
         <journal-id xmlns:xlink="http://www.w3.org/1999/xlink" journal-id-type="jstor">popularmusic</journal-id>
         <journal-id xmlns:xlink="http://www.w3.org/1999/xlink" journal-id-type="jstor">j100590</journal-id>
         <journal-title-group xmlns:xlink="http://www.w3.org/1999/xlink">
            <journal-title>Popular Music</journal-title>
         </journal-title-group>
         <publisher>
            <publisher-name>Cambridge University Press</publisher-name>
         </publisher>
         <issn xmlns:xlink="http://www.w3.org/1999/xlink" pub-type="ppub">02611430</issn>
         <issn xmlns:xlink="http://www.w3.org/1999/xlink" pub-type="epub">14740095</issn>
      </journal-meta>
      <article-meta>
         <article-id xmlns:xlink="http://www.w3.org/1999/xlink" pub-id-type="jstor">40926940</article-id>
         <title-group>
            <article-title>Marking time and sounding difference: Brubeck, temporality and modernity</article-title>
         </title-group>
         <contrib-group>
            <contrib>
               <string-name xmlns:xlink="http://www.w3.org/1999/xlink">
                  <given-names>ANDY</given-names>
                  <surname>BIRTWISTLE</surname>
               </string-name>
            </contrib>
         </contrib-group>
         <pub-date xmlns:xlink="http://www.w3.org/1999/xlink">
            <day>1</day>
            <month>10</month>
            <year>2010</year>
         </pub-date>
         <volume>29</volume>
         <issue>3</issue>
         <issue-id xmlns:xlink="http://www.w3.org/1999/xlink">i40041661</issue-id>
         <fpage>351</fpage>
         <lpage>371</lpage>
         <permissions>
            <copyright-statement>© Cambridge University Press 2010</copyright-statement>
         </permissions>
         <self-uri xmlns:xlink="http://www.w3.org/1999/xlink"
                   xlink:href="http://www.jstor.org/stable/40926940"/>
         <abstract>
            <p>In critical writing on the music of Dave Brubeck, little attention has been paid to the use of polyrhythm, despite the fact that this has been central to Brubeck's approach to jazz since the late 1940s. Focusing on work recorded by the 'classic' Dave Brubeck Quartet, the article aims to re-evaluate Brubeck's use ofpolyrhythm by situating it within a cultural history of modernity, rather than the established discourses of jazz musicology. The article revisits the early 1960s to reconstruct the context provided for the music not only by articles printed in the music press, but also by news stories and features run in the popular press, and by the visual signifiers that coalesce around Brubeck. Articulated through the key tropes of modernity and difference, the press's construction of Brubeck during this period signals the broad cultural context of Modernism as an alternative frame within which his musical practice might be usefully situated. The artide explores how two key cultural artefacts emerging from this context - Brubeck's Oakland home, and the Miró canvas featured on the cover of the album Time Further Out - might serve to provide a productive means by which to re-evaluate the radical potential of Brubeck's polyrhythm.</p>
         </abstract>
         <custom-meta-group xmlns:xlink="http://www.w3.org/1999/xlink">
            <custom-meta>
               <meta-name>lang</meta-name>
               <meta-value>eng</meta-value>
            </custom-meta>
         </custom-meta-group>
      </article-meta>
   </front>
   <back>
      <ref-list>
         <title>Endnotes</title>
         <ref id="d1555e143a1310">
            <label>1</label>
            <mixed-citation id="d1555e150" publication-type="other">
Ralph Gleason (Jazz Casual 1961).</mixed-citation>
         </ref>
         <ref id="d1555e157a1310">
            <label>2</label>
            <mixed-citation id="d1555e164" publication-type="other">
Brubeck Collection, Holt-Atherton Special
Collections, University of the Pacific. MS l.A.1.37.</mixed-citation>
         </ref>
         <ref id="d1555e174a1310">
            <label>3</label>
            <mixed-citation id="d1555e181" publication-type="other">
Brubeck Collection, Holt-Atherton Special
Collections, University of the Pacific. MS l.A.1.9.</mixed-citation>
         </ref>
      </ref-list>
      <ref-list>
         <title>References</title>
         <ref id="d1555e200a1310">
            <mixed-citation id="d1555e204" publication-type="other">
Blewett, D. 1962. 'Lullaby of Brubeck', Daily Sketch, 16 November</mixed-citation>
         </ref>
         <ref id="d1555e211a1310">
            <mixed-citation id="d1555e215" publication-type="other">
Brown, T. 1961. 'Jazz -or party tricks?', Melody Maker, 25 November, p. 5</mixed-citation>
         </ref>
         <ref id="d1555e222a1310">
            <mixed-citation id="d1555e226" publication-type="other">
Brubeck, D. 1950a. 'Jazz as an art form', Musical Digest, 16, pp. 16CM</mixed-citation>
         </ref>
         <ref id="d1555e233a1310">
            <mixed-citation id="d1555e237" publication-type="other">
Brubeck, D. 1950b. 'Jazz' evolvement as art form', Down Beat, 27 January, pp. 12-15 [part 1]; 10 February,
pp. 13-18 [part 2]</mixed-citation>
         </ref>
         <ref id="d1555e248a1310">
            <mixed-citation id="d1555e252" publication-type="other">
Brvan, J. 1961. 'A Bach-like Brubeck', San Francisco Examiner, 15 October</mixed-citation>
         </ref>
         <ref id="d1555e259a1310">
            <mixed-citation id="d1555e263" publication-type="other">
Business Week. 1958. 'Dave Brubeck and his "tree house"', Business Week, 24 May, p. 93</mixed-citation>
         </ref>
         <ref id="d1555e270a1310">
            <mixed-citation id="d1555e274" publication-type="other">
Chaplin, J. 1961. 'Brubeck found a fourth dimension in creative works', Wolverhampton Express and Star, 6
December</mixed-citation>
         </ref>
         <ref id="d1555e284a1310">
            <mixed-citation id="d1555e288" publication-type="other">
Clayton, P. 1962. 'Time and emotion', Jazz News, 28 November, p. 15</mixed-citation>
         </ref>
         <ref id="d1555e295a1310">
            <mixed-citation id="d1555e299" publication-type="other">
Drummond, P. 1979. 'Notions of avant-garde cinema', in Film as Film: Formal Experiment in Film 1910-1975.
Arts Council of Great Britain, pp. 9-16</mixed-citation>
         </ref>
         <ref id="d1555e309a1310">
            <mixed-citation id="d1555e313" publication-type="other">
Drury, M. 1958. 'The private life of Dave Brubeck', Good Housekeeping, February, pp. 52–211</mixed-citation>
         </ref>
         <ref id="d1555e321a1310">
            <mixed-citation id="d1555e325" publication-type="other">
Dupin, J. 2004. Miró (Paris, Rammarion)</mixed-citation>
         </ref>
         <ref id="d1555e332a1310">
            <mixed-citation id="d1555e336" publication-type="other">
Elliott, G.A. 1960. 'Symphony joins Brubeck jazz combo in rare event Frida/, Grand Rapids Press, 6 November</mixed-citation>
         </ref>
         <ref id="d1555e343a1310">
            <mixed-citation id="d1555e347" publication-type="other">
Fox, C. 1961. 'Review, Berstein Plays Brubeck Plays Bernstein, by Dave Brubeck Quartet/New York Philharmonic',
The Gramophone, February, p. 461</mixed-citation>
         </ref>
         <ref id="d1555e357a1310">
            <mixed-citation id="d1555e361" publication-type="other">
Gioia, T. 1988. The Imperfect Art: Reflections on Jazz And Modern Culture (Stanford, Stanford Alumni Association)</mixed-citation>
         </ref>
         <ref id="d1555e368a1310">
            <mixed-citation id="d1555e372" publication-type="other">
Green, B. 1961. 'Jazz-Fanciers' idol', The Observer, 26 November</mixed-citation>
         </ref>
         <ref id="d1555e379a1310">
            <mixed-citation id="d1555e383" publication-type="other">
Hentoff, N. 1952. 'Altoist Paul Desmond is vital factor in success of Dave Brubeck Quartet', Down Beat, 18 April,
p. 13</mixed-citation>
         </ref>
         <ref id="d1555e394a1310">
            <mixed-citation id="d1555e398" publication-type="other">
Hentoff, N. 1955. 'Inside Dave Brubeck', Record Whirl, May, pp. 26-31</mixed-citation>
         </ref>
         <ref id="d1555e405a1310">
            <mixed-citation id="d1555e409" publication-type="other">
House, G. 1954. 'Jazz and rocks in a Hilltop House', San Francisco Examiner (Modern Living Section), 5
December</mixed-citation>
         </ref>
         <ref id="d1555e419a1310">
            <mixed-citation id="d1555e423" publication-type="other">
Jazz Casual 1961. The Dave Brubeck Quartet. KQED TV, San Francisco, 17 October. Available on: John Coltrane
Quartet/Dave Brubeck Quartet. 2001. Ralph Gleason's Jazz Casual (Andorra, Idem Home Video [video: DVD])</mixed-citation>
         </ref>
         <ref id="d1555e433a1310">
            <mixed-citation id="d1555e437" publication-type="other">
Jazz World. 1957. 'Brubeck vs. the critics', Jazz World, July, pp. 61-3</mixed-citation>
         </ref>
         <ref id="d1555e444a1310">
            <mixed-citation id="d1555e448" publication-type="other">
Kileallon, L. 1959. 'Night with the jazz stars', Evening Citizen, 29 September</mixed-citation>
         </ref>
         <ref id="d1555e455a1310">
            <mixed-citation id="d1555e459" publication-type="other">
Kincaid, D. 1961. 'Bal du lac Fills Wisconsin Club for Friends of Art Benefit', The Milwaukee Journal, 21 August</mixed-citation>
         </ref>
         <ref id="d1555e467a1310">
            <mixed-citation id="d1555e471" publication-type="other">
Kolodin, M.I. 1959. 'Music to my ears, 'Faust' with a flair -jazz with the Philharmonic', Saturday Review, 26
December, pp. 44-5</mixed-citation>
         </ref>
         <ref id="d1555e481a1310">
            <mixed-citation id="d1555e485" publication-type="other">
Lees, G. 1961. 'About this man Brubeck', Down Beat, 22 June, pp. 22–4</mixed-citation>
         </ref>
         <ref id="d1555e492a1310">
            <mixed-citation id="d1555e496" publication-type="other">
Listener's Guide. 1962. 'Debussy', Listener's Guide, November, pp. 10-14</mixed-citation>
         </ref>
         <ref id="d1555e503a1310">
            <mixed-citation id="d1555e507" publication-type="other">
Lunn, E. 1985. Marxism and Modernism: An Historical Study ofLukács, Brecht, Benjamin, and Adorno (London,
Versoi</mixed-citation>
         </ref>
         <ref id="d1555e517a1310">
            <mixed-citation id="d1555e521" publication-type="other">
Mandeles, C. 1981. 'Jackson Pollock and jazz: structural parallels', Arts Magazine, October, pp. 139–40</mixed-citation>
         </ref>
         <ref id="d1555e528a1310">
            <mixed-citation id="d1555e532" publication-type="other">
O'Flynn, K.M. 1960. 'Bringing the outdoors indoors', San Francisco News-Call Bulletin, 14 January</mixed-citation>
         </ref>
         <ref id="d1555e540a1310">
            <mixed-citation id="d1555e544" publication-type="other">
Piper, A. 1993. 'The logic of Modernism', Callaloo, 16.3, pp. 574–8</mixed-citation>
         </ref>
         <ref id="d1555e551a1310">
            <mixed-citation id="d1555e555" publication-type="other">
Preslar, L. 1959. 'Brubeck and crew play here', Winston-Salem Journal, 7 March</mixed-citation>
         </ref>
         <ref id="d1555e562a1310">
            <mixed-citation id="d1555e566" publication-type="other">
Republic and Gazette. 1958. 'Dave Brubeck and his "tree house"', Republic and Gazette, 23 June</mixed-citation>
         </ref>
         <ref id="d1555e573a1310">
            <mixed-citation id="d1555e577" publication-type="other">
Schneider, F. 1961. 'On the party line', Sarasota Herald-Tribune, 16 April</mixed-citation>
         </ref>
         <ref id="d1555e584a1310">
            <mixed-citation id="d1555e588" publication-type="other">
Serraino, P. 2006. NorCalMod: Icons of Northern California Modernism (San Francisco, Chronicle Books)</mixed-citation>
         </ref>
         <ref id="d1555e595a1310">
            <mixed-citation id="d1555e599" publication-type="other">
Shaw, A. 1954. 'The cool generation', Esquire, May, pp. 42-104</mixed-citation>
         </ref>
         <ref id="d1555e607a1310">
            <mixed-citation id="d1555e611" publication-type="other">
Shaw, A. 1956. 'West Coast jazz', Esquire, September, pp. 79-127</mixed-citation>
         </ref>
         <ref id="d1555e618a1310">
            <mixed-citation id="d1555e622" publication-type="other">
Soby, J.T. 1959. Joan Miró (New York, MOMA)</mixed-citation>
         </ref>
         <ref id="d1555e629a1310">
            <mixed-citation id="d1555e633" publication-type="other">
Storb, I., and Fischer, K.G. 1994. Dave Brubeck: Improvisations and Compositions –The Idea of Cultural Exchange
(New York, Peter Lane)</mixed-citation>
         </ref>
         <ref id="d1555e643a1310">
            <mixed-citation id="d1555e647" publication-type="other">
Struble, J.W. 1995. The History of American Classical Music: MacDowell Through Minimalism (London, Robert
Hale)</mixed-citation>
         </ref>
         <ref id="d1555e657a1310">
            <mixed-citation id="d1555e661" publication-type="other">
The Echo. 1966. '20th century arts festival7, The Echo -Danbury State College, 3/10, 11 March, p. 1</mixed-citation>
         </ref>
         <ref id="d1555e668a1310">
            <mixed-citation id="d1555e672" publication-type="other">
The Guardian. 1958. The art of Dave Brubeck. Rhythm on rhythm', The Guardian, 17 February</mixed-citation>
         </ref>
         <ref id="d1555e680a1310">
            <mixed-citation id="d1555e684" publication-type="other">
The Observer. 1961. 'Profile : Dave Brubeck', The Observer, 19 November</mixed-citation>
         </ref>
         <ref id="d1555e691a1310">
            <mixed-citation id="d1555e695" publication-type="other">
Time. 1954. 'The man on cloud no. 7', Time, 8 November, pp. 67-76</mixed-citation>
         </ref>
         <ref id="d1555e702a1310">
            <mixed-citation id="d1555e706" publication-type="other">
Time. 1961. 'Successful failure', Time, 15 December, p. 41</mixed-citation>
         </ref>
         <ref id="d1555e713a1310">
            <mixed-citation id="d1555e717" publication-type="other">
TV Times. 1960. Untitled news item, TV Times, 4 March</mixed-citation>
         </ref>
         <ref id="d1555e724a1310">
            <mixed-citation id="d1555e728" publication-type="other">
Ulanov, B. 1953. 'A talk with Dave Brubeck', Metronome, April, pp. 13-30</mixed-citation>
         </ref>
         <ref id="d1555e735a1310">
            <mixed-citation id="d1555e739" publication-type="other">
Williams, R. 1989. The Politics of Modernism: Against the New Conformists (London, Verso)</mixed-citation>
         </ref>
         <ref id="d1555e747a1310">
            <mixed-citation id="d1555e751" publication-type="other">
Wright, P. 1961. 'Brubeck: a personal opinion', Coda, January, pp. 19-20</mixed-citation>
         </ref>
      </ref-list>
      <ref-list>
         <title>Selected discography</title>
         <ref id="d1555e767a1310">
            <mixed-citation id="d1555e771" publication-type="other">
Dave Brubeck Octet. Dave Brubeck Octet featuring Paul Desmond, Cal Tjader, David Van Kreidt, Dick Collins.
Fantasy Records, OJCCD-101-2. 1991</mixed-citation>
         </ref>
         <ref id="d1555e781a1310">
            <mixed-citation id="d1555e785" publication-type="other">
The Dave Brubeck Quartet, Time Out. Columbia, CL 1397. 1959</mixed-citation>
         </ref>
         <ref id="d1555e792a1310">
            <mixed-citation id="d1555e796" publication-type="other">
The Dave Brubeck Quartet, Time Changes. Columbia, CS 8927. 1964</mixed-citation>
         </ref>
         <ref id="d1555e803a1310">
            <mixed-citation id="d1555e807" publication-type="other">
The Dave Brubeck Quartet, Time In. Columbia, CS 9312. 1966</mixed-citation>
         </ref>
         <ref id="d1555e815a1310">
            <mixed-citation id="d1555e819" publication-type="other">
The Dave Brubeck Quartet. Time Further Out: Miro Reflections, CS8490. [1996 CD reissue: Columbia/Legacy,
CK64668]</mixed-citation>
         </ref>
      </ref-list>
   </back>
</article>
