<article dtd-version="1.0" article-type="research-article">
   <front>
      <journal-meta>
         <journal-id xmlns:xlink="http://www.w3.org/1999/xlink" journal-id-type="jstor">popularmusic</journal-id>
         <journal-id xmlns:xlink="http://www.w3.org/1999/xlink" journal-id-type="jstor">j100590</journal-id>
         <journal-title-group xmlns:xlink="http://www.w3.org/1999/xlink">
            <journal-title>Popular Music</journal-title>
         </journal-title-group>
         <publisher>
            <publisher-name>Cambridge University Press</publisher-name>
         </publisher>
         <issn xmlns:xlink="http://www.w3.org/1999/xlink" pub-type="ppub">02611430</issn>
         <issn xmlns:xlink="http://www.w3.org/1999/xlink" pub-type="epub">14740095</issn>
      </journal-meta>
      <article-meta>
         <article-id xmlns:xlink="http://www.w3.org/1999/xlink" pub-id-type="jstor">4500300</article-id>
         <title-group>
            <article-title>For-the-Record Aesthetics and Robert Johnson's Blues Style as a Product of Recorded Culture</article-title>
         </title-group>
         <contrib-group>
            <contrib contrib-type="author">
               <string-name xmlns:xlink="http://www.w3.org/1999/xlink">
                  <given-names>Eric W.</given-names>
                  <surname>Rothenbuhler</surname>
               </string-name>
            </contrib>
         </contrib-group>
         <pub-date xmlns:xlink="http://www.w3.org/1999/xlink">
            <day>1</day>
            <month>1</month>
            <year>2007</year>
         </pub-date>
         <volume>26</volume>
         <issue>1</issue>
         <issue-id xmlns:xlink="http://www.w3.org/1999/xlink">i405526</issue-id>
         <fpage>65</fpage>
         <lpage>81</lpage>
         <page-range>65-81</page-range>
         <permissions>
            <copyright-statement>Copyright 2007 Cambridge University Press</copyright-statement>
         </permissions>
         <self-uri xmlns:xlink="http://www.w3.org/1999/xlink"
                   xlink:href="http://www.jstor.org/stable/4500300"/>
         <abstract>
            <p>Robert Johnson (1911-1938) is the most venerated of all pre-war blues musicians; the veneration borders on hagiography. Recently published revisionist literature has constructed a sociologically realistic portrayal of a professional musician working among other musicians for a contemporary audience in a specific historical context. This has left unexplained, however, the veneration granted to his music by the audience for his records from the 1960s to today. This paper presents the case that these two bodies of fact can be connected and the one serve as an explanation for the other. As Robert Johnson learned his craft from records and radio, and polished his songs to be recorded, he effectively developed a 'for-the-record' aesthetic that made his music sound different to that of his Delta contemporaries and many others who used musical techniques honed in performance for an audience. Decades later, when a 'for-the-record' aesthetic was the taken-for-granted standard in popular musical culture, Robert Johnson's records sounded better than those of his contemporaries, and the audience from the 1960s to today has had a reason to think that he and his music were special.</p>
         </abstract>
         <custom-meta-group xmlns:xlink="http://www.w3.org/1999/xlink">
            <custom-meta>
               <meta-name>lang</meta-name>
               <meta-value>eng</meta-value>
            </custom-meta>
         </custom-meta-group>
      </article-meta>
   </front>
   <back>
      <ref-list>
         <title>References</title>
         <ref id="d2947e122a1310">
            <mixed-citation id="d2947e126" publication-type="book">
Ainslie, S., and Whitehill, D. 1992. Robert Johnson: At the Crossroads (Milwaukee, Hal Leonard)<person-group>
                  <string-name xmlns:xlink="http://www.w3.org/1999/xlink">
                     <surname>Ainslie</surname>
                  </string-name>
               </person-group>
               <source>Robert Johnson: At the Crossroads</source>
               <year>1992</year>
            </mixed-citation>
         </ref>
         <ref id="d2947e148a1310">
            <mixed-citation id="d2947e152" publication-type="book">
Barlow, W. 1989. Looking Up At Down: The Emergence of Blues Culture (Philadelphia, Temple University
Press)<person-group>
                  <string-name xmlns:xlink="http://www.w3.org/1999/xlink">
                     <surname>Barlow</surname>
                  </string-name>
               </person-group>
               <source>Looking Up At Down: The Emergence of Blues Culture</source>
               <year>1989</year>
            </mixed-citation>
         </ref>
         <ref id="d2947e177a1310">
            <mixed-citation id="d2947e181" publication-type="journal">
Bennighof, J. 1997. 'Some ramblings on Robert Johnson's mind: Critical analysis and aesthetic value in Delta
blues', American Music, 15, pp. 137-58<object-id pub-id-type="doi">10.2307/3052729</object-id>
               <fpage>137</fpage>
            </mixed-citation>
         </ref>
         <ref id="d2947e197a1310">
            <mixed-citation id="d2947e201" publication-type="book">
Blesh, R. 1946. Shining Trumpets: A History of Jazz (New York, Knopf)<person-group>
                  <string-name xmlns:xlink="http://www.w3.org/1999/xlink">
                     <surname>Blesh</surname>
                  </string-name>
               </person-group>
               <source>Shining Trumpets: A History of Jazz</source>
               <year>1946</year>
            </mixed-citation>
         </ref>
         <ref id="d2947e224a1310">
            <mixed-citation id="d2947e228" publication-type="book">
Calt, S. 1990. Liner notes for The Roots of Robert Johnson (Yazoo 1073)<person-group>
                  <string-name xmlns:xlink="http://www.w3.org/1999/xlink">
                     <surname>Calt</surname>
                  </string-name>
               </person-group>
               <source>Liner notes for The Roots of Robert Johnson</source>
               <year>1990</year>
            </mixed-citation>
            <mixed-citation id="d2947e249" publication-type="book">
1994. I'd Rather Be the Devil: Skip James and the Blues (New York, Da Capo Press)<person-group>
                  <string-name xmlns:xlink="http://www.w3.org/1999/xlink">
                     <surname>Calt</surname>
                  </string-name>
               </person-group>
               <source>I'd Rather Be the Devil: Skip James and the Blues</source>
               <year>1994</year>
            </mixed-citation>
         </ref>
         <ref id="d2947e271a1310">
            <mixed-citation id="d2947e275" publication-type="book">
Carlson, L. 1993. Away Down In the Alley: The Great Blues Guitar of Lonnie Johnson. (Pacific, MO, Mel Bay)<person-group>
                  <string-name xmlns:xlink="http://www.w3.org/1999/xlink">
                     <surname>Carlson</surname>
                  </string-name>
               </person-group>
               <source>Away Down In the Alley: The Great Blues Guitar of Lonnie Johnson</source>
               <year>1993</year>
            </mixed-citation>
         </ref>
         <ref id="d2947e297a1310">
            <mixed-citation id="d2947e301" publication-type="book">
Chanan, M. 1995. Repeated Takes: A Short History of Recording and Its Effects on Music (New York, Verso)<person-group>
                  <string-name xmlns:xlink="http://www.w3.org/1999/xlink">
                     <surname>Chanan</surname>
                  </string-name>
               </person-group>
               <source>Repeated Takes: A Short History of Recording and Its Effects on Music</source>
               <year>1995</year>
            </mixed-citation>
         </ref>
         <ref id="d2947e323a1310">
            <mixed-citation id="d2947e327" publication-type="book">
Charters, S.B. 1975(1959). The Country Blues, New edn (New York, Da Capo Press)<person-group>
                  <string-name xmlns:xlink="http://www.w3.org/1999/xlink">
                     <surname>Charters</surname>
                  </string-name>
               </person-group>
               <source>The Country Blues</source>
               <year>1975</year>
            </mixed-citation>
         </ref>
         <ref id="d2947e349a1310">
            <mixed-citation id="d2947e353" publication-type="journal">
Cowley, J. 1981. 'Really the "Walking Blues": Son House, Muddy Waters, Robert Johnson and the
development of a traditional blues', Popular Music, 1, pp. 57-72<object-id pub-id-type="jstor">10.2307/853243</object-id>
               <fpage>57</fpage>
            </mixed-citation>
         </ref>
         <ref id="d2947e369a1310">
            <mixed-citation id="d2947e373" publication-type="book">
Eisenberg, E. 1987. The Recording Angel: The Experience of Music from Aristotle to Zappa (New York, Penguin)<person-group>
                  <string-name xmlns:xlink="http://www.w3.org/1999/xlink">
                     <surname>Eisenberg</surname>
                  </string-name>
               </person-group>
               <source>The Recording Angel: The Experience of Music from Aristotle to Zappa</source>
               <year>1987</year>
            </mixed-citation>
         </ref>
         <ref id="d2947e396a1310">
            <mixed-citation id="d2947e400" publication-type="book">
Evans, D. 1982. Big Road Blues: Tradition and Creativity in the Folk Blues (Berkeley, University of California
Press)<person-group>
                  <string-name xmlns:xlink="http://www.w3.org/1999/xlink">
                     <surname>Evans</surname>
                  </string-name>
               </person-group>
               <source>Big Road Blues: Tradition and Creativity in the Folk Blues</source>
               <year>1982</year>
            </mixed-citation>
         </ref>
         <ref id="d2947e425a1310">
            <mixed-citation id="d2947e429" publication-type="book">
Ferris, W. 1978. Blues from the Delta (New York, Da Capo Press)<person-group>
                  <string-name xmlns:xlink="http://www.w3.org/1999/xlink">
                     <surname>Ferris</surname>
                  </string-name>
               </person-group>
               <source>Blues from the Delta</source>
               <year>1978</year>
            </mixed-citation>
         </ref>
         <ref id="d2947e451a1310">
            <mixed-citation id="d2947e455" publication-type="journal">
Ford, C. 1998. 'Robert Johnson's rhythms', Popular Music, 17/1, pp. 71-93<object-id pub-id-type="jstor">10.2307/853273</object-id>
            </mixed-citation>
         </ref>
         <ref id="d2947e465a1310">
            <mixed-citation id="d2947e469" publication-type="book">
Guralnick, P. 1989(1971). Feel Like Going Home: Portraits in Blues and Rock 'n' Roll (San Francisco, Harper
Collins)<person-group>
                  <string-name xmlns:xlink="http://www.w3.org/1999/xlink">
                     <surname>Guralnick</surname>
                  </string-name>
               </person-group>
               <source>Feel Like Going Home: Portraits in Blues and Rock 'n' Roll</source>
               <year>1989</year>
            </mixed-citation>
            <mixed-citation id="d2947e493" publication-type="book">
1989. Searching for Robert Johnson (New York, Dutton)<person-group>
                  <string-name xmlns:xlink="http://www.w3.org/1999/xlink">
                     <surname>Guralnick</surname>
                  </string-name>
               </person-group>
               <source>Searching for Robert Johnson</source>
               <year>1989</year>
            </mixed-citation>
         </ref>
         <ref id="d2947e515a1310">
            <mixed-citation id="d2947e519" publication-type="book">
Komara, E. 1998. 'Recordings before November 1936 of melodic precedents of Robert Johnson's recorded
songs', in Chasing That Devil Music: Searching for the Blues, by G. D. Wardlow (San Francisco, Miller
Freeman), pp. 204-6<person-group>
                  <string-name xmlns:xlink="http://www.w3.org/1999/xlink">
                     <surname>Komara</surname>
                  </string-name>
               </person-group>
               <comment content-type="section">Recordings before November 1936 of melodic precedents of Robert Johnson's recorded songs</comment>
               <fpage>204</fpage>
               <source>Chasing That Devil Music: Searching for the Blues</source>
               <year>1998</year>
            </mixed-citation>
         </ref>
         <ref id="d2947e554a1310">
            <mixed-citation id="d2947e558" publication-type="book">
LaVere, S.C. 1990. Liner notes for Robert Johnson: The Complete Recordings (Columbia C3 46222).<person-group>
                  <string-name xmlns:xlink="http://www.w3.org/1999/xlink">
                     <surname>LaVere</surname>
                  </string-name>
               </person-group>
               <source>Liner notes for Robert Johnson: The Complete Recordings</source>
               <year>1990</year>
            </mixed-citation>
         </ref>
         <ref id="d2947e581a1310">
            <mixed-citation id="d2947e585" publication-type="book">
Levine, L.W. 1977. Black Culture and Black Consciousness: Afro-American Folk Thought from Slavery to Freedom
(New York, Oxford University Press)<person-group>
                  <string-name xmlns:xlink="http://www.w3.org/1999/xlink">
                     <surname>Levine</surname>
                  </string-name>
               </person-group>
               <source>Black Culture and Black Consciousness: Afro-American Folk Thought from Slavery to Freedom</source>
               <year>1977</year>
            </mixed-citation>
         </ref>
         <ref id="d2947e610a1310">
            <mixed-citation id="d2947e614" publication-type="book">
Marcus, G. 1982. Mystery Train, 2nd edn (New York, Dutton)<person-group>
                  <string-name xmlns:xlink="http://www.w3.org/1999/xlink">
                     <surname>Marcus</surname>
                  </string-name>
               </person-group>
               <edition>2</edition>
               <source>Mystery Train</source>
               <year>1982</year>
            </mixed-citation>
         </ref>
         <ref id="d2947e639a1310">
            <mixed-citation id="d2947e643" publication-type="book">
Millard, A. 1995. America on Record: A History of Recorded Sound (Cambridge, Cambridge University Press)<person-group>
                  <string-name xmlns:xlink="http://www.w3.org/1999/xlink">
                     <surname>Millard</surname>
                  </string-name>
               </person-group>
               <source>America on Record: A History of Recorded Sound</source>
               <year>1995</year>
            </mixed-citation>
         </ref>
         <ref id="d2947e665a1310">
            <mixed-citation id="d2947e669" publication-type="book">
Palmer, R. 1981. Deep Blues (New York, Viking)<person-group>
                  <string-name xmlns:xlink="http://www.w3.org/1999/xlink">
                     <surname>Palmer</surname>
                  </string-name>
               </person-group>
               <source>Deep Blues</source>
               <year>1981</year>
            </mixed-citation>
         </ref>
         <ref id="d2947e691a1310">
            <mixed-citation id="d2947e695" publication-type="book">
Pearson, B.L., and McCulloch, B. 2003. Robert Johnson: Lost and Found (Urbana, University of Illinois Press)<person-group>
                  <string-name xmlns:xlink="http://www.w3.org/1999/xlink">
                     <surname>Pearson</surname>
                  </string-name>
               </person-group>
               <source>Robert Johnson: Lost and Found</source>
               <year>2003</year>
            </mixed-citation>
         </ref>
         <ref id="d2947e717a1310">
            <mixed-citation id="d2947e721" publication-type="book">
Richards, K. 1990. 'Well, this is it', in Liner notes for Robert Johnson: The Complete Recordings (Columbia C3
46222), pp. 21-2<person-group>
                  <string-name xmlns:xlink="http://www.w3.org/1999/xlink">
                     <surname>Richards</surname>
                  </string-name>
               </person-group>
               <comment content-type="section">Well, this is it</comment>
               <fpage>21</fpage>
               <source>Liner notes for Robert Johnson: The Complete Recordings</source>
               <year>1990</year>
            </mixed-citation>
            <mixed-citation id="d2947e752" publication-type="book">
Robert Johnson: King of the Delta Blues Singers. Liner notes, 1961 (Columbia CL 1654)<comment content-type="section">Liner notes</comment>
               <source>Robert Johnson: King of the Delta Blues Singers. Liner notes</source>
               <year>1961</year>
            </mixed-citation>
         </ref>
         <ref id="d2947e769a1310">
            <mixed-citation id="d2947e773" publication-type="book">
Rothenbuhler, E.W. 2005. 'The strange career of Robert Johnson's records', in Afterlife as Afterimage:
Understanding Posthumous Fame, ed. S. Jones and J. Jensen (New York, Peter Lang), pp. 209-34<person-group>
                  <string-name xmlns:xlink="http://www.w3.org/1999/xlink">
                     <surname>Rothenbuhler</surname>
                  </string-name>
               </person-group>
               <comment content-type="section">The strange career of Robert Johnson's records</comment>
               <fpage>209</fpage>
               <source>Afterlife as Afterimage: Understanding Posthumous Fame</source>
               <year>2005</year>
            </mixed-citation>
            <mixed-citation id="d2947e804" publication-type="book">
2006. 'The myth of Robert Johnson', paper presented at the 2006 International Communication Associ-
ation Annual Convention. Dresden, Germany, May<person-group>
                  <string-name xmlns:xlink="http://www.w3.org/1999/xlink">
                     <surname>Rothenbuhler</surname>
                  </string-name>
               </person-group>
               <comment content-type="section">The myth of Robert Johnson</comment>
               <source>2006 International Communication Association Annual Convention. Dresden, Germany, May</source>
               <year>2006</year>
            </mixed-citation>
         </ref>
         <ref id="d2947e833a1310">
            <mixed-citation id="d2947e837" publication-type="book">
Rothenbuhler, E.W., and McCourt, T. 2004. 'The economics of the recording industry', in Media Economics:
Theory and Practice (3rd edn), ed. A. Alexander, J. Owers, R. Carveth, C.A. Hollifield and A.N. Greco
(Mahwah, NJ, Lawrence Erlbaum Associates), pp. 221-48<person-group>
                  <string-name xmlns:xlink="http://www.w3.org/1999/xlink">
                     <surname>Rothenbuhler</surname>
                  </string-name>
               </person-group>
               <edition>3</edition>
               <comment content-type="section">The economics of the recording industry</comment>
               <fpage>221</fpage>
               <source>Media Economics: Theory and Practice</source>
               <year>2004</year>
            </mixed-citation>
         </ref>
         <ref id="d2947e875a1310">
            <mixed-citation id="d2947e879" publication-type="journal">
Rothenbuhler, E.W., and Peters, J.D. 1997. 'Defining phonography: an experiment in theory', Musical
Quarterly, 81, pp. 242-64<object-id pub-id-type="jstor">10.2307/742464</object-id>
               <fpage>242</fpage>
            </mixed-citation>
         </ref>
         <ref id="d2947e895a1310">
            <mixed-citation id="d2947e899" publication-type="book">
Wald, E. 2004. Escaping the Delta: Robert Johnson and the Invention of the Blues (New York, Harper Collins)<person-group>
                  <string-name xmlns:xlink="http://www.w3.org/1999/xlink">
                     <surname>Wald</surname>
                  </string-name>
               </person-group>
               <source>Escaping the Delta: Robert Johnson and the Invention of the Blues</source>
               <year>2004</year>
            </mixed-citation>
         </ref>
         <ref id="d2947e921a1310">
            <mixed-citation id="d2947e925" publication-type="book">
Wardlow, G.D. 1998. Chasin' That Devil Music: Searching for the Blues (San Francisco, Miller Freeman)<person-group>
                  <string-name xmlns:xlink="http://www.w3.org/1999/xlink">
                     <surname>Wardlow</surname>
                  </string-name>
               </person-group>
               <source>Chasin' That Devil Music: Searching for the Blues</source>
               <year>1998</year>
            </mixed-citation>
         </ref>
         <ref id="d2947e947a1310">
            <mixed-citation id="d2947e951" publication-type="book">
Welding, P. 1970. Liner notes for Robert Johnson: King of the Delta Blues Singers, Vol. 2 (Columbia C 30034)<person-group>
                  <string-name xmlns:xlink="http://www.w3.org/1999/xlink">
                     <surname>Welding</surname>
                  </string-name>
               </person-group>
               <volume>2</volume>
               <source>Liner notes for Robert Johnson: King of the Delta Blues Singers</source>
               <year>1970</year>
            </mixed-citation>
         </ref>
         <ref id="d2947e977a1310">
            <mixed-citation id="d2947e981" publication-type="book">
Zak, A. 2001. The Poetics of Rock: Cutting Tracks, Making Records (Berkeley, University of California Press)<person-group>
                  <string-name xmlns:xlink="http://www.w3.org/1999/xlink">
                     <surname>Zak</surname>
                  </string-name>
               </person-group>
               <source>The Poetics of Rock: Cutting Tracks, Making Records</source>
               <year>2001</year>
            </mixed-citation>
         </ref>
      </ref-list>
      <ref-list>
         <title>Discography</title>
         <ref id="d2947e1012a1310">
            <mixed-citation id="d2947e1016" publication-type="other">
Son House, Delta Blues. Biograph BCD 118</mixed-citation>
         </ref>
         <ref id="d2947e1023a1310">
            <mixed-citation id="d2947e1027" publication-type="other">
Robert Johnson, The Complete Recordings. Columbia C3 46222</mixed-citation>
         </ref>
         <ref id="d2947e1034a1310">
            <mixed-citation id="d2947e1038" publication-type="other">
King of the Delta Blues Singers. Columbia CL1654</mixed-citation>
         </ref>
         <ref id="d2947e1045a1310">
            <mixed-citation id="d2947e1049" publication-type="other">
King of the Delta Blues Singers, Vol.2. Columbia C 30034</mixed-citation>
         </ref>
         <ref id="d2947e1057a1310">
            <mixed-citation id="d2947e1061" publication-type="other">
Charley Patton, Founder of the Delta Blues. Yazoo 1020</mixed-citation>
         </ref>
         <ref id="d2947e1068a1310">
            <mixed-citation id="d2947e1072" publication-type="other">
King of the Delta Blues: The Music of Charley Patton. Yazoo 2001</mixed-citation>
         </ref>
         <ref id="d2947e1079a1310">
            <mixed-citation id="d2947e1083" publication-type="other">
Masters of the Delta Blues: The Friends of Charley Patton. Yazoo 2002</mixed-citation>
         </ref>
         <ref id="d2947e1090a1310">
            <mixed-citation id="d2947e1094" publication-type="other">
The Roots of Robert Johnson. Yazoo 1073</mixed-citation>
         </ref>
         <ref id="d2947e1101a1310">
            <mixed-citation id="d2947e1105" publication-type="other">
Muddy Waters, The Complete Plantation Recordings. Chess CHD9344</mixed-citation>
         </ref>
      </ref-list>
   </back>
</article>
