<article dtd-version="1.0" article-type="research-article">
   <front>
      <journal-meta>
         <journal-id xmlns:xlink="http://www.w3.org/1999/xlink" journal-id-type="jstor">popularmusic</journal-id>
         <journal-id xmlns:xlink="http://www.w3.org/1999/xlink" journal-id-type="jstor">j100590</journal-id>
         <journal-title-group xmlns:xlink="http://www.w3.org/1999/xlink">
            <journal-title>Popular Music</journal-title>
         </journal-title-group>
         <publisher>
            <publisher-name>Cambridge University Press</publisher-name>
         </publisher>
         <issn xmlns:xlink="http://www.w3.org/1999/xlink" pub-type="ppub">02611430</issn>
         <issn xmlns:xlink="http://www.w3.org/1999/xlink" pub-type="epub">14740095</issn>
      </journal-meta>
      <article-meta>
         <article-id xmlns:xlink="http://www.w3.org/1999/xlink" pub-id-type="jstor">4500317</article-id>
         <title-group>
            <article-title>Techno, "Frankenstein" and Copyright</article-title>
         </title-group>
         <contrib-group>
            <contrib>
               <string-name>Mark A. McCutcheon</string-name>
            </contrib>
         </contrib-group>
         <pub-date xmlns:xlink="http://www.w3.org/1999/xlink">
            <day>1</day>
            <month>5</month>
            <year>2007</year>
         </pub-date>
         <volume>26</volume>
         <issue>2</issue>
         <issue-id xmlns:xlink="http://www.w3.org/1999/xlink">i405387</issue-id>
         <fpage>259</fpage>
         <lpage>280</lpage>
         <page-range>259-280</page-range>
         <permissions>
            <copyright-statement>Copyright 2007 Cambridge University Press</copyright-statement>
         </permissions>
         <self-uri xmlns:xlink="http://www.w3.org/1999/xlink"
                   xlink:href="http://www.jstor.org/stable/4500317"/>
         <abstract>
            <p>This essay argues that the widespread but not widely recognised adaptation of "Frankenstein" in contemporary dance music problematises the 'technological' constitution of modern copyright law as an instrument wielded by corporations to exert increasing control over cultural production. The argument first surveys recent accounts of intellectual property law's responses to sound recording technologies, then historicises the modern discourse of technology, which subtends such responses, as a fetish of industrial capitalism conditioned by "Frankenstein". The increasing ubiquity of cinematic "Frankenstein" adaptations in the latter two decades of the twentieth century outlines the popular cultural milieu in which Detroit techno developed its futuristic aesthetic, and which provided subsequent dance music producers with samples that contributed to techno's popularisation. These cultural and economic contexts intersect in an exemplary case study: the copyright infringement dispute in 1999 and 2000 between Detroit's Underground Resistance (UR) techno label and the transnational majors Sony and BMG.</p>
         </abstract>
         <custom-meta-group xmlns:xlink="http://www.w3.org/1999/xlink">
            <custom-meta>
               <meta-name>lang</meta-name>
               <meta-value>eng</meta-value>
            </custom-meta>
         </custom-meta-group>
      </article-meta>
   </front>
   <back>
      <ref-list>
         <title>Endnotes</title>
         <ref id="d4096e116a1310">
            <label>1</label>
            <mixed-citation id="d4096e123" publication-type="other">
Bernd Herzogenrath (2000)</mixed-citation>
            <mixed-citation id="d4096e129" publication-type="other">
Shelley's 'hideous progeny' (Shelley
1992, p. 10</mixed-citation>
         </ref>
         <ref id="d4096e139a1310">
            <label>2</label>
            <mixed-citation id="d4096e146" publication-type="other">
Kathleen Sullivan's (1999)</mixed-citation>
            <mixed-citation id="d4096e152" publication-type="other">
Morton
2002, p. 56</mixed-citation>
         </ref>
         <ref id="d4096e162a1310">
            <label>4</label>
            <mixed-citation id="d4096e169" publication-type="other">
Reynolds (1999)</mixed-citation>
            <mixed-citation id="d4096e175" publication-type="other">
ibid., pp. 203-4</mixed-citation>
         </ref>
      </ref-list>
      <ref-list>
         <title>References</title>
         <ref id="d4096e191a1310">
            <mixed-citation id="d4096e195" publication-type="other">
'430 West'. 2004. Discogs: Building the Definitive Database of Electronic Music &lt;http:/ /www.discogs.com/
label/430_West&gt;</mixed-citation>
         </ref>
         <ref id="d4096e205a1310">
            <mixed-citation id="d4096e209" publication-type="other">
'About Underground Resistance', [n.d.] Underground Resistance &lt;http://www.undergroundresistance
.com/about.html &gt;</mixed-citation>
         </ref>
         <ref id="d4096e219a1310">
            <mixed-citation id="d4096e223" publication-type="book">
Adorno, T. 1991. 'On the fetish character in music and the regression of listening', in The Culture Industry:
Selected Essays on Mass Culture, ed. J.M. Bernstein (London, Routledge), pp. 26-52<person-group>
                  <string-name xmlns:xlink="http://www.w3.org/1999/xlink">
                     <surname>Adorno</surname>
                  </string-name>
               </person-group>
               <comment content-type="section">On the fetish character in music and the regression of listening</comment>
               <fpage>26</fpage>
               <source>The Culture Industry: Selected Essays on Mass Culture</source>
               <year>1991</year>
            </mixed-citation>
         </ref>
         <ref id="d4096e255a1310">
            <mixed-citation id="d4096e259" publication-type="book">
Aldiss, B. 1986. Trillion Year Spree: The History of Science Fiction (New York, Atheneum)<person-group>
                  <string-name xmlns:xlink="http://www.w3.org/1999/xlink">
                     <surname>Aldiss</surname>
                  </string-name>
               </person-group>
               <source>Trillion Year Spree: The History of Science Fiction</source>
               <year>1986</year>
            </mixed-citation>
         </ref>
         <ref id="d4096e282a1310">
            <mixed-citation id="d4096e286" publication-type="journal">
Askew. 13 January 2000. '430 West joins UR fight against Majors', e-mail to Detroit Techno (313) mailing list<person-group>
                  <string-name xmlns:xlink="http://www.w3.org/1999/xlink">
                     <surname>Askew</surname>
                  </string-name>
               </person-group>
               <issue>13 January</issue>
               <source>430 West joins UR fight against Majors</source>
               <year>2000</year>
            </mixed-citation>
         </ref>
         <ref id="d4096e311a1310">
            <mixed-citation id="d4096e315" publication-type="journal">
A-Zed. 8 March 2000. 'Re: (313) Jaguar Mixes', e-mail to Detroit Techno (313) mailing list<person-group>
                  <string-name xmlns:xlink="http://www.w3.org/1999/xlink">
                     <surname>A-Z</surname>
                  </string-name>
               </person-group>
               <issue>8 March</issue>
               <source>Re: (313) Jaguar Mixes</source>
               <year>2000</year>
            </mixed-citation>
         </ref>
         <ref id="d4096e340a1310">
            <mixed-citation id="d4096e344" publication-type="book">
Baidick, C. 1987. In Frankenstein's Shadow: Myth, Monstrosity, and Nineteenth-Century Writing (Oxford,
Clarendon Press)<person-group>
                  <string-name xmlns:xlink="http://www.w3.org/1999/xlink">
                     <surname>Baidick</surname>
                  </string-name>
               </person-group>
               <source>In Frankenstein's Shadow: Myth, Monstrosity, and Nineteenth-Century Writing</source>
               <year>1987</year>
            </mixed-citation>
         </ref>
         <ref id="d4096e369a1310">
            <mixed-citation id="d4096e373" publication-type="journal">
Bate, D. 4 February 2000. 'WEB ARTICLES REGARDING UR vs SONY???', e-mail to Detroit Techno (313)
mailing list<person-group>
                  <string-name xmlns:xlink="http://www.w3.org/1999/xlink">
                     <surname>Bate</surname>
                  </string-name>
               </person-group>
               <issue>4 February</issue>
               <source>WEB ARTICLES REGARDING UR vs SONY???</source>
               <year>2000</year>
            </mixed-citation>
         </ref>
         <ref id="d4096e402a1310">
            <mixed-citation id="d4096e406" publication-type="journal">
Bettig, R.V. 1992. 'Critical perspectives on the history and philosophy of copyright', Critical Studies in Mass
Communication, 9/2, pp. 13-55<person-group>
                  <string-name xmlns:xlink="http://www.w3.org/1999/xlink">
                     <surname>Bettig</surname>
                  </string-name>
               </person-group>
               <issue>2</issue>
               <fpage>13</fpage>
               <volume>9</volume>
               <source>Critical Studies in Mass Communication</source>
               <year>1992</year>
            </mixed-citation>
         </ref>
         <ref id="d4096e441a1310">
            <mixed-citation id="d4096e445" publication-type="journal">
Campbell, G. 11 June 2003. Personal interview<person-group>
                  <string-name xmlns:xlink="http://www.w3.org/1999/xlink">
                     <surname>Campbell</surname>
                  </string-name>
               </person-group>
               <issue>11 June</issue>
               <source>Personal interview</source>
               <year>2003</year>
            </mixed-citation>
         </ref>
         <ref id="d4096e471a1310">
            <mixed-citation id="d4096e475" publication-type="journal">
Carlyle, T. 1829. 'Signs of the times', Edinburgh Review, rpt. in The Victorian Web: Literature, History &amp; Culture
in the Age of Victoria (Singapore) &lt;http://www.victorianweb.org/authors/carlyle/signsl.html&gt;<person-group>
                  <string-name xmlns:xlink="http://www.w3.org/1999/xlink">
                     <surname>Carlyle</surname>
                  </string-name>
               </person-group>
               <source>Edinburgh Review, rpt. in The Victorian Web: Literature, History &amp; Culture in the Age of Victoria (Singapore)</source>
               <year>1829</year>
            </mixed-citation>
         </ref>
         <ref id="d4096e500a1310">
            <mixed-citation id="d4096e504" publication-type="journal">
Clark, D. 15 April 2000. 'Mills/Atkins in the boondocks of Perth', e-mail to Detroit Techno (313) mailing list<person-group>
                  <string-name xmlns:xlink="http://www.w3.org/1999/xlink">
                     <surname>Clark</surname>
                  </string-name>
               </person-group>
               <issue>15 April</issue>
               <source>Mills/Atkins in the boondocks of Perth</source>
               <year>2000</year>
            </mixed-citation>
         </ref>
         <ref id="d4096e529a1310">
            <mixed-citation id="d4096e533" publication-type="book">
Corbett, J. 1994. 'Brothers from another planet: the space madness of Lee "Scratch" Perry, Sun Ra, and
George Clinton', in Extended Play: Sounding Off from John Cage to Dr. Funkenstein (Durham, Duke
University Press), pp. 7-24<person-group>
                  <string-name xmlns:xlink="http://www.w3.org/1999/xlink">
                     <surname>Corbett</surname>
                  </string-name>
               </person-group>
               <comment content-type="section">Brothers from another planet: the space madness of Lee "Scratch" Perry, Sun Ra, and George Clinton</comment>
               <fpage>7</fpage>
               <source>Extended Play: Sounding Off from John Cage to Dr. Funkenstein</source>
               <year>1994</year>
            </mixed-citation>
         </ref>
         <ref id="d4096e568a1310">
            <mixed-citation id="d4096e572" publication-type="journal">
Davis, E. 2004. 'Roots and wires: polyrhythmic cyberspace and the black electronic', Techgnosis &lt;http:/ /
www.techgnosis.com/cyberconf.html&gt;<person-group>
                  <string-name xmlns:xlink="http://www.w3.org/1999/xlink">
                     <surname>Davis</surname>
                  </string-name>
               </person-group>
               <source>Techgnosis</source>
               <year>2004</year>
            </mixed-citation>
         </ref>
         <ref id="d4096e597a1310">
            <mixed-citation id="d4096e601" publication-type="book">
Derrida, J. 1981. The double session', in Dissemination, trans. B. Johnson (Chicago, University of Chicago
Press), pp. 172-286<person-group>
                  <string-name xmlns:xlink="http://www.w3.org/1999/xlink">
                     <surname>Derrida</surname>
                  </string-name>
               </person-group>
               <comment content-type="section">The double session</comment>
               <fpage>172</fpage>
               <source>Dissemination</source>
               <year>1981</year>
            </mixed-citation>
            <mixed-citation id="d4096e632" publication-type="book">
1992. 'Before the law', in Acts of Literature, ed. D. Attridge, trans. A. Ronell and C. Roulston (New York,
Routledge), pp. 181-220<person-group>
                  <string-name xmlns:xlink="http://www.w3.org/1999/xlink">
                     <surname>Derrida</surname>
                  </string-name>
               </person-group>
               <comment content-type="section">Before the law</comment>
               <fpage>181</fpage>
               <source>Acts of Literature</source>
               <year>1992</year>
            </mixed-citation>
         </ref>
         <ref id="d4096e664a1310">
            <mixed-citation id="d4096e668" publication-type="book">
Dery, M. 1993. 'Black to the future: interviews with Samuel R. Delany, Greg Tate, and Tricia Rose', in Flame
Wars: The Discourse of Cyberculture, ed. M. Dery (Durham, Duke University Press), pp. 179-222<person-group>
                  <string-name xmlns:xlink="http://www.w3.org/1999/xlink">
                     <surname>Dery</surname>
                  </string-name>
               </person-group>
               <comment content-type="section">Black to the future: interviews with Samuel R. Delany, Greg Tate, and Tricia Rose</comment>
               <fpage>179</fpage>
               <source>Flame Wars: The Discourse of Cyberculture</source>
               <year>1993</year>
            </mixed-citation>
         </ref>
         <ref id="d4096e701a1310">
            <mixed-citation id="d4096e705" publication-type="journal">
de Yonker, N.J. 14 March 2000. 'Jaguar: The Detroit Connection', e-mail to Detroit Techno (313) mailing list<person-group>
                  <string-name xmlns:xlink="http://www.w3.org/1999/xlink">
                     <surname>de Yonker</surname>
                  </string-name>
               </person-group>
               <issue>14 March</issue>
               <source>Jaguar: The Detroit Connection</source>
               <year>2000</year>
            </mixed-citation>
         </ref>
         <ref id="d4096e730a1310">
            <mixed-citation id="d4096e734" publication-type="journal">
DJ MG. February 2000. 'UF Reports: UR vs Sony/BMG - David Vs Goliaths.' The Underground Files
&lt; http:/ /www.undergroundfiles.com/ur.html &gt;<person-group>
                  <string-name xmlns:xlink="http://www.w3.org/1999/xlink">
                     <surname>MG</surname>
                  </string-name>
               </person-group>
               <issue>February</issue>
               <source>The Underground Files</source>
               <year>2000</year>
            </mixed-citation>
         </ref>
         <ref id="d4096e763a1310">
            <mixed-citation id="d4096e767" publication-type="journal">
Drada, J. 10 February 2000. 'ALERT!!!Re: Jaguar FROM MIKE BANKS', e-mail to Detroit Techno (313)
mailing list<person-group>
                  <string-name xmlns:xlink="http://www.w3.org/1999/xlink">
                     <surname>Drada</surname>
                  </string-name>
               </person-group>
               <issue>10 February</issue>
               <source>ALERT!!!Re: Jaguar FROM MIKE BANKS</source>
               <year>2000</year>
            </mixed-citation>
         </ref>
         <ref id="d4096e796a1310">
            <mixed-citation id="d4096e800" publication-type="book">
Eshun, K. 1998. More Brilliant than the Sun: Adventures in Sonic Fiction (London, Quartet)<person-group>
                  <string-name xmlns:xlink="http://www.w3.org/1999/xlink">
                     <surname>Eshun</surname>
                  </string-name>
               </person-group>
               <source>More Brilliant than the Sun: Adventures in Sonic Fiction</source>
               <year>1998</year>
            </mixed-citation>
         </ref>
         <ref id="d4096e822a1310">
            <mixed-citation id="d4096e826" publication-type="book">
Foucault, M. 1981. 'The order of discourse', in Untying the Text, ed. R. Young, trans. I. McLeod (London,
Routledge), pp. 48-78<person-group>
                  <string-name xmlns:xlink="http://www.w3.org/1999/xlink">
                     <surname>Foucault</surname>
                  </string-name>
               </person-group>
               <fpage>48</fpage>
               <source>The order of discourse</source>
               <year>1981</year>
            </mixed-citation>
            <mixed-citation id="d4096e854" publication-type="book">
1984. 'What is an author?' in The Foucault Reader, ed. P. Rabinow (New York, Pantheon), pp. 101-20<person-group>
                  <string-name xmlns:xlink="http://www.w3.org/1999/xlink">
                     <surname>Foucault</surname>
                  </string-name>
               </person-group>
               <comment content-type="section">What is an author?</comment>
               <fpage>101</fpage>
               <source>The Foucault Reader</source>
               <year>1984</year>
            </mixed-citation>
         </ref>
         <ref id="d4096e883a1310">
            <mixed-citation id="d4096e887" publication-type="book">
Frith, S. 2002. 'Illegality and the music industry', The Business of Music, ed. Michael Talbot (Liverpool,
Liverpool University Press), pp. 197-216<person-group>
                  <string-name xmlns:xlink="http://www.w3.org/1999/xlink">
                     <surname>Frith</surname>
                  </string-name>
               </person-group>
               <comment content-type="section">Illegality and the music industry</comment>
               <fpage>197</fpage>
               <source>The Business of Music</source>
               <year>2002</year>
            </mixed-citation>
         </ref>
         <ref id="d4096e920a1310">
            <mixed-citation id="d4096e924" publication-type="book">
Gilbert, J., and Pearson, E. 1999. Discographies: Dance Music, Culture and the Politics of Sound (London,
Routledge)<person-group>
                  <string-name xmlns:xlink="http://www.w3.org/1999/xlink">
                     <surname>Gilbert</surname>
                  </string-name>
               </person-group>
               <source>Discographies: Dance Music, Culture and the Politics of Sound</source>
               <year>1999</year>
            </mixed-citation>
         </ref>
         <ref id="d4096e949a1310">
            <mixed-citation id="d4096e953" publication-type="book">
Gilroy, P. 1987. 'Ain't No Black in the Union Jack': The Cultural Politics of Race and Nation (Chicago, University
of Chicago Press)<person-group>
                  <string-name xmlns:xlink="http://www.w3.org/1999/xlink">
                     <surname>Gilroy</surname>
                  </string-name>
               </person-group>
               <comment content-type="section">Ain't No Black in the Union Jack</comment>
               <source>The Cultural Politics of Race and Nation</source>
               <year>1987</year>
            </mixed-citation>
            <mixed-citation id="d4096e981" publication-type="book">
1993. The Black Atlantic: Modernity and Double Consciousness (Cambridge, Harvard University Press)<person-group>
                  <string-name xmlns:xlink="http://www.w3.org/1999/xlink">
                     <surname>Gilroy</surname>
                  </string-name>
               </person-group>
               <source>The Black Atlantic: Modernity and Double Consciousness</source>
               <year>1993</year>
            </mixed-citation>
            <mixed-citation id="d4096e1002" publication-type="book">
1999. 'Analogues of mourning, mourning the analogue', in Stars Don't Stand Still in the Sky: Music and
Myth, ed. K. Kelly and E. McDonnell (New York, New York University Press), pp. 260-71<person-group>
                  <string-name xmlns:xlink="http://www.w3.org/1999/xlink">
                     <surname>Gilroy</surname>
                  </string-name>
               </person-group>
               <comment content-type="section">Analogues of mourning, mourning the analogue</comment>
               <fpage>260</fpage>
               <source>Stars Don't Stand Still in the Sky: Music and Myth</source>
               <year>1999</year>
            </mixed-citation>
            <mixed-citation id="d4096e1033" publication-type="book">
2000. ' "After the Love has Gone": biopolitics and the decay of the black public sphere', in Against Race:
Imagining Political Culture Beyond the Color Line (Cambridge, Harvard University Press), pp. 177-206<person-group>
                  <string-name xmlns:xlink="http://www.w3.org/1999/xlink">
                     <surname>Gilroy</surname>
                  </string-name>
               </person-group>
               <comment content-type="section">After the Love has Gone": biopolitics and the decay of the black public sphere</comment>
               <fpage>177</fpage>
               <source>Against Race: Imagining Political Culture Beyond the Color Line</source>
               <year>2000</year>
            </mixed-citation>
         </ref>
         <ref id="d4096e1065a1310">
            <mixed-citation id="d4096e1069" publication-type="journal">
Goode, S. 14 March 2000. 'RE: Jaguar: The Detroit Connection', e-mail to Detroit Techno (313) mailing list<person-group>
                  <string-name xmlns:xlink="http://www.w3.org/1999/xlink">
                     <surname>Goode</surname>
                  </string-name>
               </person-group>
               <issue>14 March</issue>
               <fpage>313</fpage>
               <source>Detroit Techno</source>
               <year>2000</year>
            </mixed-citation>
         </ref>
         <ref id="d4096e1098a1310">
            <mixed-citation id="d4096e1102" publication-type="book">
Grant, P.S., and Wood, C. 2004. Blockbusters and Trade Wars: Popular Culture in a Globalized World
(Vancouver, Douglas &amp; McIntyre)<person-group>
                  <string-name xmlns:xlink="http://www.w3.org/1999/xlink">
                     <surname>Grant</surname>
                  </string-name>
               </person-group>
               <source>Blockbusters and Trade Wars: Popular Culture in a Globalized World</source>
               <year>2004</year>
            </mixed-citation>
         </ref>
         <ref id="d4096e1127a1310">
            <mixed-citation id="d4096e1131" publication-type="journal">
Harris, C. 9 December 1999. 'Underground Resistance vs Sony, Round 1', e-mail to Detroit Techno (313)
mailing list<person-group>
                  <string-name xmlns:xlink="http://www.w3.org/1999/xlink">
                     <surname>Harris</surname>
                  </string-name>
               </person-group>
               <issue>9 December</issue>
               <source>Underground Resistance vs Sony, Round 1</source>
               <year>1999</year>
            </mixed-citation>
            <mixed-citation id="d4096e1159" publication-type="journal">
10 December 1999. 'Sony Response', e-mail to Detroit Techno (313) mailing list<issue>10 December</issue>
               <source>Sony Response</source>
               <year>1999</year>
            </mixed-citation>
            <mixed-citation id="d4096e1174" publication-type="other">
10 January 2000. 'Re: (313) UR vs. BMG/Ariola', e-mail to Detroit Techno (313) mailing list</mixed-citation>
            <mixed-citation id="d4096e1180" publication-type="journal">
16 March 2000. 'Re: (313) Jaguar: The Detroit Connection', e-mail to Detroit Techno (313) mailing list<issue>16 March</issue>
               <source>Re: (313) Jaguar: The Detroit Connection</source>
               <year>2000</year>
            </mixed-citation>
         </ref>
         <ref id="d4096e1196a1310">
            <mixed-citation id="d4096e1200" publication-type="journal">
'Harris Contacted by BMG's Clive Rich'. 27 January 2000. Boycott Sony &amp; BMG: Corporate Multinationals
Have Stolen Rolando's Track. Renegade Rhythms Radio &lt;http:/ /www.renegaderhythms.com/articles/
ur/sony_correspondence.html#121099&gt;<person-group>
                  <string-name xmlns:xlink="http://www.w3.org/1999/xlink">
                     <surname>Harris</surname>
                  </string-name>
               </person-group>
               <issue>27 January</issue>
               <source>Boycott Sony &amp; BMG: Corporate Multinationals Have Stolen Rolando's Track</source>
               <year>2000</year>
            </mixed-citation>
         </ref>
         <ref id="d4096e1233a1310">
            <mixed-citation id="d4096e1237" publication-type="journal">
'Harris &amp; BMG's Clemon Williams Converse'. 30 January 2000. Boycott Sony &amp; BMG: Corporate Multi-
nationals Have Stolen Rolando's Track. Renegade Rhythms Radio &lt;http:/ /www.renegaderhythms.com/
articles/ur/ur.html#013000 &gt;<person-group>
                  <string-name xmlns:xlink="http://www.w3.org/1999/xlink">
                     <surname>Harris</surname>
                  </string-name>
               </person-group>
               <issue>30 January</issue>
               <source>Boycott Sony &amp; BMG: Corporate Multinationals Have Stolen Rolando's Track</source>
               <year>2000</year>
            </mixed-citation>
         </ref>
         <ref id="d4096e1269a1310">
            <mixed-citation id="d4096e1273" publication-type="journal">
Herzogenrath, B. 2000. 'Stop making sense: fuck 'em and their law (... it's only 1 and 0 but I like it... )',
Postmodern Culture, 10/2, &lt;http:/ /muse.jhu.edu/journals/pmc/v010/10.2herzogenrath.html&gt;<person-group>
                  <string-name xmlns:xlink="http://www.w3.org/1999/xlink">
                     <surname>Herzogenrath</surname>
                  </string-name>
               </person-group>
               <issue>2</issue>
               <volume>10</volume>
               <source>Postmodern Culture</source>
               <year>2000</year>
            </mixed-citation>
         </ref>
         <ref id="d4096e1305a1310">
            <mixed-citation id="d4096e1309" publication-type="book">
Hughes, W. 1994. 'In the empire of the beat', in Microphone Fiends: Youth Music &amp; Youth Culture, ed. A. Ross
and T. Rose (New York, Routledge), pp. 147-57<person-group>
                  <string-name xmlns:xlink="http://www.w3.org/1999/xlink">
                     <surname>Hughes</surname>
                  </string-name>
               </person-group>
               <comment content-type="section">In the empire of the beat</comment>
               <fpage>147</fpage>
               <source>Microphone Fiends: Youth Music &amp; Youth Culture</source>
               <year>1994</year>
            </mixed-citation>
         </ref>
         <ref id="d4096e1341a1310">
            <mixed-citation id="d4096e1345" publication-type="journal">
'Indies challenge Sony BMG merger'. 3 November 2004. BBC News (world ed.) &lt;http:/ /news.bbc.co.uk/
2/hi/entertainment/3979105.stm &gt;<person-group>
                  <string-name xmlns:xlink="http://www.w3.org/1999/xlink">
                     <surname>Indies challenge Sony BMG merger</surname>
                  </string-name>
               </person-group>
               <issue>3 November</issue>
               <source>BBC News</source>
               <year>2004</year>
            </mixed-citation>
         </ref>
         <ref id="d4096e1374a1310">
            <mixed-citation id="d4096e1378" publication-type="journal">
Jones, S. 2002. 'Music that moves: popular music, distribution and network technologies', Cultural Studies,
16/2, pp. 213-32<person-group>
                  <string-name xmlns:xlink="http://www.w3.org/1999/xlink">
                     <surname>Jones</surname>
                  </string-name>
               </person-group>
               <issue>2</issue>
               <fpage>213</fpage>
               <volume>16</volume>
               <source>Cultural Studies</source>
               <year>2002</year>
            </mixed-citation>
         </ref>
         <ref id="d4096e1413a1310">
            <mixed-citation id="d4096e1417" publication-type="journal">
Jonker, J. 2002. 'Black secret technology (the whitey on the moon dub)', CTheory, 4 December, 51 pars.,
&lt; http: / /www.ctheory.net/text_file.asp?pick=358 &gt;<person-group>
                  <string-name xmlns:xlink="http://www.w3.org/1999/xlink">
                     <surname>Jonker</surname>
                  </string-name>
               </person-group>
               <issue>4 December</issue>
               <source>CTheory</source>
               <year>2002</year>
            </mixed-citation>
         </ref>
         <ref id="d4096e1447a1310">
            <mixed-citation id="d4096e1451" publication-type="journal">
'Label Profile: Underground Resistance'. 2002. Burn it Blue: Living and Breathing Dance Music, &lt;http:/ /
www.burnitblue.com/music/Label.asp?Label=31&gt;<person-group>
                  <string-name xmlns:xlink="http://www.w3.org/1999/xlink">
                     <surname>Label Profile: Underground Resistance</surname>
                  </string-name>
               </person-group>
               <source>Burn it Blue: Living and Breathing Dance Music</source>
               <year>2002</year>
            </mixed-citation>
         </ref>
         <ref id="d4096e1476a1310">
            <mixed-citation id="d4096e1480" publication-type="book">
Laing, D. 2002. 'Copyright as a component of the music industry', in The Business of Music, ed. M. Talbot
(Liverpool, Liverpool University Press), pp. 171-94<person-group>
                  <string-name xmlns:xlink="http://www.w3.org/1999/xlink">
                     <surname>Laing</surname>
                  </string-name>
               </person-group>
               <comment content-type="section">Copyright as a component of the music industry</comment>
               <fpage>171</fpage>
               <source>The Business of Music</source>
               <year>2002</year>
            </mixed-citation>
         </ref>
         <ref id="d4096e1512a1310">
            <mixed-citation id="d4096e1516" publication-type="book">
Latham, R. 2002. Consuming Youth: Vampires, Cyborgs, and the Culture of Consumption (Chicago, University
of Chicago Press)<person-group>
                  <string-name xmlns:xlink="http://www.w3.org/1999/xlink">
                     <surname>Latham</surname>
                  </string-name>
               </person-group>
               <source>Consuming Youth: Vampires, Cyborgs, and the Culture of Consumption</source>
               <year>2002</year>
            </mixed-citation>
         </ref>
         <ref id="d4096e1541a1310">
            <mixed-citation id="d4096e1545" publication-type="journal">
Lee, S. 1992. 'Re-examining the concept of the independent record company: the case of Wax Trax! Records',
Popular Music, 14/1, pp. 13-32<object-id pub-id-type="jstor">10.2307/853341</object-id>
               <fpage>13</fpage>
            </mixed-citation>
         </ref>
         <ref id="d4096e1561a1310">
            <mixed-citation id="d4096e1565" publication-type="book">
Levine, G., and Knoepflmacher, U.C. (eds.) 1979. The Endurance of Frankenstein: Essays on Mary Shelley's
Novel (Berkeley, University of California Press)<person-group>
                  <string-name xmlns:xlink="http://www.w3.org/1999/xlink">
                     <surname>Levine</surname>
                  </string-name>
               </person-group>
               <source>The Endurance of Frankenstein: Essays on Mary Shelley's Novel</source>
               <year>1979</year>
            </mixed-citation>
         </ref>
         <ref id="d4096e1590a1310">
            <mixed-citation id="d4096e1594" publication-type="journal">
Marsel. 14 February 2000. 'Fwd: A word from Mad Mike for the press', e-mail to Detroit Techno (313)
mailing list<person-group>
                  <string-name xmlns:xlink="http://www.w3.org/1999/xlink">
                     <surname>Marsel</surname>
                  </string-name>
               </person-group>
               <issue>14 February</issue>
               <source>Fwd: A word from Mad Mike for the press</source>
               <year>2000</year>
            </mixed-citation>
         </ref>
         <ref id="d4096e1624a1310">
            <mixed-citation id="d4096e1628" publication-type="journal">
Marshall, L. 2002. 'Metallica and morality: the rhetorical battleground of the Napster wars', Entertainment
Law, 1/1, pp. 1-18<person-group>
                  <string-name xmlns:xlink="http://www.w3.org/1999/xlink">
                     <surname>Marshall</surname>
                  </string-name>
               </person-group>
               <issue>1</issue>
               <fpage>1</fpage>
               <volume>1</volume>
               <source>Entertainment Law</source>
               <year>2002</year>
            </mixed-citation>
         </ref>
         <ref id="d4096e1663a1310">
            <mixed-citation id="d4096e1667" publication-type="book">
McCall, T. 2001. This is Not a Rave: In the Shadow of a Subculture (Toronto, Insomniac Press)<person-group>
                  <string-name xmlns:xlink="http://www.w3.org/1999/xlink">
                     <surname>McCall</surname>
                  </string-name>
               </person-group>
               <source>This is Not a Rave: In the Shadow of a Subculture</source>
               <year>2001</year>
            </mixed-citation>
         </ref>
         <ref id="d4096e1689a1310">
            <mixed-citation id="d4096e1693" publication-type="book">
McClary, S. 1991. Feminine Endings: Music, Gender and Sexuality (Minneapolis, University of Minnesota
Press)<person-group>
                  <string-name xmlns:xlink="http://www.w3.org/1999/xlink">
                     <surname>McClary</surname>
                  </string-name>
               </person-group>
               <source>Feminine Endings: Music, Gender and Sexuality</source>
               <year>1991</year>
            </mixed-citation>
            <mixed-citation id="d4096e1717" publication-type="book">
1994. 'Same as it ever was: youth culture and music', in Microphone Fiends: Youth Music &amp; Youth Culture,
ed. A. Ross and T. Rose (New York, Routledge), pp. 29-40<person-group>
                  <string-name xmlns:xlink="http://www.w3.org/1999/xlink">
                     <surname>McClary</surname>
                  </string-name>
               </person-group>
               <comment content-type="section">Same as it ever was: youth culture and music</comment>
               <fpage>29</fpage>
               <source>Microphone Fiends: Youth Music &amp; Youth Culture</source>
               <year>1994</year>
            </mixed-citation>
         </ref>
         <ref id="d4096e1749a1310">
            <mixed-citation id="d4096e1753" publication-type="journal">
McLeod, K. 2003. 'Space oddities: aliens, futurism and meaning in popular music', Popular Music, 22/3,
pp. 337-55<object-id pub-id-type="jstor">10.2307/3877579</object-id>
               <fpage>337</fpage>
            </mixed-citation>
            <mixed-citation id="d4096e1768" publication-type="journal">
'more injustices with Sony's rip off of Jaguar'. 21 February 2000. E-mail to Detroit Techno (313) mailing
list<person-group>
                  <string-name xmlns:xlink="http://www.w3.org/1999/xlink">
                     <surname>McLeod</surname>
                  </string-name>
               </person-group>
               <issue>21 February</issue>
               <source>E-mail to Detroit Techno</source>
               <year>2000</year>
            </mixed-citation>
         </ref>
         <ref id="d4096e1797a1310">
            <mixed-citation id="d4096e1801" publication-type="book">
Morton, T. 2002. A Routledge Literary Sourcebook on Mary Shelley's Frankenstein (London, Routledge)<person-group>
                  <string-name xmlns:xlink="http://www.w3.org/1999/xlink">
                     <surname>Morton</surname>
                  </string-name>
               </person-group>
               <source>A Routledge Literary Sourcebook on Mary Shelley's Frankenstein</source>
               <year>2002</year>
            </mixed-citation>
         </ref>
         <ref id="d4096e1823a1310">
            <mixed-citation id="d4096e1827" publication-type="book">
Negus, K. 1996. Popular Music in Theory (Middletown, Wesleyan University Press)<person-group>
                  <string-name xmlns:xlink="http://www.w3.org/1999/xlink">
                     <surname>Negus</surname>
                  </string-name>
               </person-group>
               <source>Popular Music in Theory</source>
               <year>1996</year>
            </mixed-citation>
         </ref>
         <ref id="d4096e1850a1310">
            <mixed-citation id="d4096e1854" publication-type="book">
Nye, D. 1994. American Technological Sublime (Cambridge, MIT Press)<person-group>
                  <string-name xmlns:xlink="http://www.w3.org/1999/xlink">
                     <surname>Nye</surname>
                  </string-name>
               </person-group>
               <source>American Technological Sublime</source>
               <year>1994</year>
            </mixed-citation>
         </ref>
         <ref id="d4096e1876a1310">
            <mixed-citation id="d4096e1880" publication-type="journal">
Oldham, A. 14 February 2000. 'Feb/Mar Mixer reviews (in advance)', e-mail to Detroit Techno (313) mailing
list<person-group>
                  <string-name xmlns:xlink="http://www.w3.org/1999/xlink">
                     <surname>Oldham</surname>
                  </string-name>
               </person-group>
               <issue>14 February</issue>
               <source>Feb/Mar Mixer reviews (in advance)</source>
               <year>2000</year>
            </mixed-citation>
         </ref>
         <ref id="d4096e1909a1310">
            <mixed-citation id="d4096e1913" publication-type="journal">
Osselaer, J. September 2000. 'Lawrence Burden interview', Overload &lt;http:/ /www.overloadmedia.co.
uk/ archives / interviews /lawrence_burden.php &gt;<person-group>
                  <string-name xmlns:xlink="http://www.w3.org/1999/xlink">
                     <surname>Osselaer</surname>
                  </string-name>
               </person-group>
               <issue>September</issue>
               <source>Overload</source>
               <year>2000</year>
            </mixed-citation>
         </ref>
         <ref id="d4096e1942a1310">
            <mixed-citation id="d4096e1946" publication-type="book">
Oxford English Dictionary, 2nd edn. 1989.<edition>2</edition>
               <source>Oxford English Dictionary</source>
               <year>1989</year>
            </mixed-citation>
         </ref>
         <ref id="d4096e1962a1310">
            <mixed-citation id="d4096e1966" publication-type="other">
Parker, T. 11 December 1999. 'SONY vs UR (TP's 2 cents)', e-mail to Detroit Techno (313) mailing list</mixed-citation>
         </ref>
         <ref id="d4096e1973a1310">
            <mixed-citation id="d4096e1977" publication-type="journal">
Porcello, T. 1991. 'The ethics of digital audio-sampling: engineers' discourse', Popular Music, 10/1, pp. 69-84<object-id pub-id-type="jstor">10.2307/853010</object-id>
               <fpage>69</fpage>
            </mixed-citation>
         </ref>
         <ref id="d4096e1991a1310">
            <mixed-citation id="d4096e1995" publication-type="other">
PW. 10 December 1999. 'RE: UR vs. SONY', e-mail to Detroit Techno (313) mailing list</mixed-citation>
         </ref>
         <ref id="d4096e2002a1310">
            <mixed-citation id="d4096e2006" publication-type="journal">
'Resistance against "... Jaguar" is useless'. 18 August 2000. New Music Express &lt;http:/ /www.nme.com/
news/4743.htm&gt;<issue>18 August</issue>
               <source>New Music Express</source>
               <year>2000</year>
            </mixed-citation>
         </ref>
         <ref id="d4096e2025a1310">
            <mixed-citation id="d4096e2029" publication-type="book">
Reynolds, S. 1998. Generation Ecstasy: Into the World of Techno and Rave Culture (New York, Little, Brown &amp;
Co.)<person-group>
                  <string-name xmlns:xlink="http://www.w3.org/1999/xlink">
                     <surname>Reynolds</surname>
                  </string-name>
               </person-group>
               <source>Generation Ecstasy: Into the World of Techno and Rave Culture</source>
               <year>1998</year>
            </mixed-citation>
         </ref>
         <ref id="d4096e2054a1310">
            <mixed-citation id="d4096e2058" publication-type="book">
1999. 'Ecstasy is a science: techno-romanticism', in Stars Don't Stand Still in the Sky: Music and Myth, ed.
K. Kelly and E. McDonnell (New York, New York University Press), pp. 199-205<person-group>
                  <string-name xmlns:xlink="http://www.w3.org/1999/xlink">
                     <surname>Reynolds</surname>
                  </string-name>
               </person-group>
               <comment content-type="section">Ecstasy is a science: techno-romanticism</comment>
               <fpage>199</fpage>
               <source>Stars Don't Stand Still in the Sky: Music and Myth</source>
               <year>1999</year>
            </mixed-citation>
         </ref>
         <ref id="d4096e2090a1310">
            <mixed-citation id="d4096e2094" publication-type="book">
2000. 'Kosmik dance: Krautrock and its legacy', in Modulations: A History of Electronic Music: Throbbing
Words on Sound, ed. P. Shapiro (New York, Caipirinha), pp. 24-37<person-group>
                  <string-name xmlns:xlink="http://www.w3.org/1999/xlink">
                     <surname>Reynolds</surname>
                  </string-name>
               </person-group>
               <comment content-type="section">Kosmik dance: Krautrock and its legacy</comment>
               <fpage>24</fpage>
               <source>Modulations: A History of Electronic Music: Throbbing Words on Sound</source>
               <year>2000</year>
            </mixed-citation>
         </ref>
         <ref id="d4096e2126a1310">
            <mixed-citation id="d4096e2130" publication-type="book">
Rose, T. 1995. 'Soul sonic forces: technology, orality, and black cultural practice in rap music', in Sounding
Off! Music as Subversion / Resistance / Revolution, ed. R. Sakolsky and F. Wei-han Ho (Brooklyn,
Autonomedia), pp. 97-107<person-group>
                  <string-name xmlns:xlink="http://www.w3.org/1999/xlink">
                     <surname>Rose</surname>
                  </string-name>
               </person-group>
               <comment content-type="section">Soul sonic forces: technology, orality, and black cultural practice in rap music</comment>
               <fpage>97</fpage>
               <source>Sounding Off! Music as Subversion / Resistance / Revolution</source>
               <year>1995</year>
            </mixed-citation>
         </ref>
         <ref id="d4096e2166a1310">
            <mixed-citation id="d4096e2170" publication-type="journal">
Saunders, D. 22 January 2005. 'Who's afraid of the 400-channel universe?', Globe &amp; Mail (Toronto), p. F3<person-group>
                  <string-name xmlns:xlink="http://www.w3.org/1999/xlink">
                     <surname>Saunders</surname>
                  </string-name>
               </person-group>
               <issue>22 January</issue>
               <fpage>F3</fpage>
               <source>Globe &amp; Mail</source>
               <year>2005</year>
            </mixed-citation>
         </ref>
         <ref id="d4096e2199a1310">
            <mixed-citation id="d4096e2203" publication-type="journal">
Schumacher, T.G. 1995. '"This is a sampling sport": digital sampling, rap music and the law in cultural
production', Media, Culture &amp; Society, 17, pp. 253-73<person-group>
                  <string-name xmlns:xlink="http://www.w3.org/1999/xlink">
                     <surname>Schumacher</surname>
                  </string-name>
               </person-group>
               <fpage>253</fpage>
               <volume>17</volume>
               <source>Media, Culture &amp; Society</source>
               <year>1995</year>
            </mixed-citation>
         </ref>
         <ref id="d4096e2235a1310">
            <mixed-citation id="d4096e2239" publication-type="journal">
Seltzer, M. 1993. 'Serial killers (1)', differences, 5/1, pp. 92-128<person-group>
                  <string-name xmlns:xlink="http://www.w3.org/1999/xlink">
                     <surname>Seltzer</surname>
                  </string-name>
               </person-group>
               <issue>1</issue>
               <fpage>92</fpage>
               <volume>5</volume>
               <source>differences</source>
               <year>1993</year>
            </mixed-citation>
         </ref>
         <ref id="d4096e2271a1310">
            <mixed-citation id="d4096e2275" publication-type="book">
Shapiro, P. (ed.) 2000. Modulations: A History of Electronic Music: Throbbing Words on Sound (New York,
Caipirinha)<person-group>
                  <string-name xmlns:xlink="http://www.w3.org/1999/xlink">
                     <surname>Shapiro</surname>
                  </string-name>
               </person-group>
               <source>Modulations: A History of Electronic Music: Throbbing Words on Sound</source>
               <year>2000</year>
            </mixed-citation>
         </ref>
         <ref id="d4096e2300a1310">
            <mixed-citation id="d4096e2304" publication-type="book">
Shelley, M. 1992. Frankenstein; or, The Modern Prometheus (1831), ed. M. Hindle (London, Penguin Classics)<person-group>
                  <string-name xmlns:xlink="http://www.w3.org/1999/xlink">
                     <surname>Shelley</surname>
                  </string-name>
               </person-group>
               <source>Frankenstein; or, The Modern Prometheus (1831)</source>
               <year>1992</year>
            </mixed-citation>
         </ref>
         <ref id="d4096e2326a1310">
            <mixed-citation id="d4096e2330" publication-type="book">
Sicko, D. 1999. Techno Rebels: The Renegades of Electronic Funk (New York, Billboard Books)<person-group>
                  <string-name xmlns:xlink="http://www.w3.org/1999/xlink">
                     <surname>Sicko</surname>
                  </string-name>
               </person-group>
               <source>Techno Rebels: The Renegades of Electronic Funk</source>
               <year>1999</year>
            </mixed-citation>
         </ref>
         <ref id="d4096e2353a1310">
            <mixed-citation id="d4096e2357" publication-type="book">
Slobin, M. 1993. Subcultural Sounds: Micromusics of the West (Hanover, Wesleyan University Press)<person-group>
                  <string-name xmlns:xlink="http://www.w3.org/1999/xlink">
                     <surname>Slobin</surname>
                  </string-name>
               </person-group>
               <source>Subcultural Sounds: Micromusics of the West</source>
               <year>1993</year>
            </mixed-citation>
         </ref>
         <ref id="d4096e2379a1310">
            <mixed-citation id="d4096e2383" publication-type="journal">
Smith, R. 27 July 2002. 'Step outside the church of business for a moment', Globe and Mail (Toronto), p. Rll<person-group>
                  <string-name xmlns:xlink="http://www.w3.org/1999/xlink">
                     <surname>Smith</surname>
                  </string-name>
               </person-group>
               <issue>27 July</issue>
               <fpage>Rll</fpage>
               <source>Globe and Mail (Toronto)</source>
               <year>2002</year>
            </mixed-citation>
         </ref>
         <ref id="d4096e2412a1310">
            <mixed-citation id="d4096e2416" publication-type="journal">
Solokowski, J. 2 November 2000. 'Re: [313] Ken Ishii', e-mail to Detroit Techno (313) mailing list<person-group>
                  <string-name xmlns:xlink="http://www.w3.org/1999/xlink">
                     <surname>Solokowski</surname>
                  </string-name>
               </person-group>
               <issue>2 November</issue>
               <source>Re: [313] Ken Ishii</source>
               <year>2000</year>
            </mixed-citation>
         </ref>
         <ref id="d4096e2441a1310">
            <mixed-citation id="d4096e2445" publication-type="journal">
'Sony Informs UR of Their Intentions'. 10 December 1999. Boycott Sony &amp; BMG: Corporate Multinationals
Have Stolen Rolando's Track. Renegade Rhythms Radio &lt;http:/ /www.renegaderhythms.com/articles/
ur/sony_correspondence.html#121099&gt;<person-group>
                  <string-name xmlns:xlink="http://www.w3.org/1999/xlink">
                     <surname>Sony Informs UR of Their Intentions</surname>
                  </string-name>
               </person-group>
               <issue>10 December</issue>
               <source>Boycott Sony &amp; BMG: Corporate Multinationals Have Stolen Rolando's Track</source>
               <year>1999</year>
            </mixed-citation>
         </ref>
         <ref id="d4096e2477a1310">
            <mixed-citation id="d4096e2481" publication-type="journal">
'Sony Recalls Fake Jaguar'. December 1999. Boycott Sony &amp; BMG: Corporate Multinationals Have Stolen
Rolando's Track. Renegade Rhythms Radio &lt;http:/ /www.renegaderhythms.com/articles/ur/
sony_correspondence.html#121799 &gt;<person-group>
                  <string-name xmlns:xlink="http://www.w3.org/1999/xlink">
                     <surname>Sony Recalls Fake Jaguar</surname>
                  </string-name>
               </person-group>
               <issue>December</issue>
               <source>Boycott Sony &amp; BMG: Corporate Multinationals Have Stolen Rolando's Track</source>
               <year>1999</year>
            </mixed-citation>
         </ref>
         <ref id="d4096e2513a1310">
            <mixed-citation id="d4096e2517" publication-type="journal">
'Sony's Deception'. 20 December 1999. Boycott Sony &amp; BMG: Corporate Multinationals Have Stolen
Rolando's Track. Renegade Rhythms Radio &lt;http:/ /www.renegaderhythms.com/articles/ur/
sony_correspondence.html#122099&gt;<person-group>
                  <string-name xmlns:xlink="http://www.w3.org/1999/xlink">
                     <surname>Sony's Deception</surname>
                  </string-name>
               </person-group>
               <issue>20 December</issue>
               <source>Boycott Sony &amp; BMG: Corporate Multinationals Have Stolen Rolando's Track</source>
               <year>1999</year>
            </mixed-citation>
         </ref>
         <ref id="d4096e2550a1310">
            <mixed-citation id="d4096e2554" publication-type="journal">
SqrRt. 10 December 1999. 'RE: (313) Underground Resistance vs Sony, Round 1', e-mail to Detroit Techno
(313) mailing list<person-group>
                  <string-name xmlns:xlink="http://www.w3.org/1999/xlink">
                     <surname>SqrRt</surname>
                  </string-name>
               </person-group>
               <issue>10 December</issue>
               <source>RE: (313) Underground Resistance vs Sony, Round 1</source>
               <year>1999</year>
            </mixed-citation>
         </ref>
         <ref id="d4096e2583a1310">
            <mixed-citation id="d4096e2587" publication-type="book">
Stokes, M. 2000. 'East, West, and Arabesk', in Western Music and Its Others: Difference, Representation, and
Appropriation in Music, ed. D. Hesmondhalgh and G. Born (Berkeley, University of California Press),
pp. 213-33<person-group>
                  <string-name xmlns:xlink="http://www.w3.org/1999/xlink">
                     <surname>Stokes</surname>
                  </string-name>
               </person-group>
               <comment content-type="section">East, West, and Arabesk</comment>
               <fpage>213</fpage>
               <source>Western Music and Its Others: Difference, Representation, and Appropriation in Music</source>
               <year>2000</year>
            </mixed-citation>
         </ref>
         <ref id="d4096e2622a1310">
            <mixed-citation id="d4096e2626" publication-type="book">
Stolzoff, N. 2000. Wake the Town and Tell the People: Dancehall Culture in Jamaica (Durham, Duke University
Press)<person-group>
                  <string-name xmlns:xlink="http://www.w3.org/1999/xlink">
                     <surname>Stolzoff</surname>
                  </string-name>
               </person-group>
               <source>Wake the Town and Tell the People: Dancehall Culture in Jamaica</source>
               <year>2000</year>
            </mixed-citation>
         </ref>
         <ref id="d4096e2651a1310">
            <mixed-citation id="d4096e2655" publication-type="book">
Thornton, S. 1996. Club Cultures: Music, Media and Subcultural Capital (Hanover, Wesleyan University Press)<person-group>
                  <string-name xmlns:xlink="http://www.w3.org/1999/xlink">
                     <surname>Thornton</surname>
                  </string-name>
               </person-group>
               <source>Club Cultures: Music, Media and Subcultural Capital</source>
               <year>1996</year>
            </mixed-citation>
         </ref>
         <ref id="d4096e2677a1310">
            <mixed-citation id="d4096e2681" publication-type="journal">
Underground Fighters. 16 December 1999. 'UR vs Sony round 2', e-mail to Detroit Techno (313) mailing list<person-group>
                  <string-name xmlns:xlink="http://www.w3.org/1999/xlink">
                     <surname>Underground Fighters</surname>
                  </string-name>
               </person-group>
               <issue>16 December</issue>
               <source>UR vs Sony round 2</source>
               <year>1999</year>
            </mixed-citation>
         </ref>
         <ref id="d4096e2706a1310">
            <mixed-citation id="d4096e2710" publication-type="journal">
Watkins, T. 22 October 2000. 'Re: [313] is rolando too good for ben sims because of D records?' e-mail to
Detroit Techno (313) mailing list<person-group>
                  <string-name xmlns:xlink="http://www.w3.org/1999/xlink">
                     <surname>Watkins</surname>
                  </string-name>
               </person-group>
               <issue>22 October</issue>
               <source>Re: [313] is rolando too good for ben sims because of D records?</source>
               <year>2000</year>
            </mixed-citation>
         </ref>
         <ref id="d4096e2740a1310">
            <mixed-citation id="d4096e2744" publication-type="book">
Williams, B. 2001. 'Black secret technology: Detroit techno and the information age', in Technicolor: Race,
Technology, and Everyday Life, ed. A. Nelson and T.L.N. Tu (New York, New York University Press),
pp. 154-76<person-group>
                  <string-name xmlns:xlink="http://www.w3.org/1999/xlink">
                     <surname>Williams</surname>
                  </string-name>
               </person-group>
               <comment content-type="section">Black secret technology: Detroit techno and the information age</comment>
               <fpage>154</fpage>
               <source>Technicolor: Race, Technology, and Everyday Life</source>
               <year>2001</year>
            </mixed-citation>
         </ref>
         <ref id="d4096e2779a1310">
            <mixed-citation id="d4096e2783" publication-type="book">
Williams, R. 1958. Culture and Society 1780-1950 (London, Penguin Books)<person-group>
                  <string-name xmlns:xlink="http://www.w3.org/1999/xlink">
                     <surname>Williams</surname>
                  </string-name>
               </person-group>
               <source>Culture and Society 1780-1950</source>
               <year>1958</year>
            </mixed-citation>
         </ref>
         <ref id="d4096e2805a1310">
            <mixed-citation id="d4096e2809" publication-type="journal">
'Wirestation Reporter Discovers BMG Coverup'. 27 January 2000. Boycott Sony &amp; BMG: Corporate Multi-
nationals Have Stolen Rolando's Track. Renegade Rhythms Radio &lt;http:/ /www.renegaderhythms.com/
articles/ur/simon.html &gt;<person-group>
                  <string-name xmlns:xlink="http://www.w3.org/1999/xlink">
                     <surname>Wirestation Reporter Discovers BMG Coverup</surname>
                  </string-name>
               </person-group>
               <issue>27 January</issue>
               <source>Boycott Sony &amp; BMG: Corporate Multinationals Have Stolen Rolando's Track</source>
               <year>2000</year>
            </mixed-citation>
         </ref>
         <ref id="d4096e2841a1310">
            <mixed-citation id="d4096e2845" publication-type="journal">
Wraight, J., and Nodu, T. 1996. 'Underground resistance: designs for sonic revolution', Ele-King Magazine 7,
rptd in Straight No Chaser, 2/5 (1999), pp. 20-9<person-group>
                  <string-name xmlns:xlink="http://www.w3.org/1999/xlink">
                     <surname>Wraight</surname>
                  </string-name>
               </person-group>
               <issue>5</issue>
               <fpage>20</fpage>
               <volume>2</volume>
               <source>Ele-King Magazine 7, rptd in Straight No Chaser</source>
               <year>1996</year>
            </mixed-citation>
         </ref>
      </ref-list>
      <ref-list>
         <title>Discography</title>
         <ref id="d4096e2889a1310">
            <mixed-citation id="d4096e2893" publication-type="journal">
Acen, 'Cylon'. F-111. 1999<person-group>
                  <string-name xmlns:xlink="http://www.w3.org/1999/xlink">
                     <surname>Acen</surname>
                  </string-name>
               </person-group>
               <volume>F-111</volume>
               <source>Cylon</source>
               <year>1999</year>
            </mixed-citation>
         </ref>
         <ref id="d4096e2918a1310">
            <mixed-citation id="d4096e2922" publication-type="book">
Andora, 'Blade Runner (Digital Blonde's Blonderunner mix)'. Infusion. 1999<person-group>
                  <string-name xmlns:xlink="http://www.w3.org/1999/xlink">
                     <surname>Andora</surname>
                  </string-name>
               </person-group>
               <source>Blade Runner (Digital Blonde's Blonderunner mix)</source>
               <year>1999</year>
            </mixed-citation>
         </ref>
         <ref id="d4096e2944a1310">
            <mixed-citation id="d4096e2948" publication-type="journal">
Art of Noise with Max Headroom, 'Paranoimia'. Chrysalis. 1986<person-group>
                  <string-name xmlns:xlink="http://www.w3.org/1999/xlink">
                     <surname>Art of Noise with Max Headroom</surname>
                  </string-name>
               </person-group>
               <source>Chrysalis</source>
               <year>1986</year>
            </mixed-citation>
         </ref>
         <ref id="d4096e2970a1310">
            <mixed-citation id="d4096e2974" publication-type="journal">
Aztec Mystic, 'Jaguar', Knights of the Jaguar EP. Underground Resistance. 1999<person-group>
                  <string-name xmlns:xlink="http://www.w3.org/1999/xlink">
                     <surname>Aztec Mystic</surname>
                  </string-name>
               </person-group>
               <source>Knights of the Jaguar EP</source>
               <year>1999</year>
            </mixed-citation>
         </ref>
         <ref id="d4096e2997a1310">
            <mixed-citation id="d4096e3001" publication-type="other">
Eric B. and Rakim, 'I know you got soul (remix)'. Arc. [n.d.]</mixed-citation>
         </ref>
         <ref id="d4096e3008a1310">
            <mixed-citation id="d4096e3012" publication-type="journal">
'Mad' Mike Banks, Death Star EP. Underground Resistance. 1992<person-group>
                  <string-name xmlns:xlink="http://www.w3.org/1999/xlink">
                     <surname>Mad' Mike Banks</surname>
                  </string-name>
               </person-group>
               <source>Death Star EP</source>
               <year>1992</year>
            </mixed-citation>
         </ref>
         <ref id="d4096e3034a1310">
            <mixed-citation id="d4096e3038" publication-type="journal">
Blame, Upstart Vol. 1. Moving Shadow. [n.d.]<person-group>
                  <string-name xmlns:xlink="http://www.w3.org/1999/xlink">
                     <surname>Blame</surname>
                  </string-name>
               </person-group>
               <volume>1</volume>
               <source>Upstart</source>
            </mixed-citation>
         </ref>
         <ref id="d4096e3060a1310">
            <mixed-citation id="d4096e3064" publication-type="journal">
Capital J, Untitled Star Wars remix. White label. [n.d.]<person-group>
                  <string-name xmlns:xlink="http://www.w3.org/1999/xlink">
                     <surname>Capital</surname>
                  </string-name>
               </person-group>
               <source>White label</source>
            </mixed-citation>
         </ref>
         <ref id="d4096e3083a1310">
            <mixed-citation id="d4096e3087" publication-type="journal">
Jon Carter, 7 Live #1. Seven. 2002<person-group>
                  <string-name xmlns:xlink="http://www.w3.org/1999/xlink">
                     <surname>Carter</surname>
                  </string-name>
               </person-group>
               <source>7 Live</source>
               <year>2002</year>
            </mixed-citation>
         </ref>
         <ref id="d4096e3109a1310">
            <mixed-citation id="d4096e3113" publication-type="journal">
Dillinja and Lemon D, 'Fluid / Hard Noize'. Test. 1998<person-group>
                  <string-name xmlns:xlink="http://www.w3.org/1999/xlink">
                     <surname>Dillinja</surname>
                  </string-name>
               </person-group>
               <source>Fluid / Hard Noize</source>
               <year>1998</year>
            </mixed-citation>
         </ref>
         <ref id="d4096e3136a1310">
            <mixed-citation id="d4096e3140" publication-type="journal">
Dylan and B-Key, 'Dark Skies (remix)' / 'The Onslaught'. Cylon. 2001<person-group>
                  <string-name xmlns:xlink="http://www.w3.org/1999/xlink">
                     <surname>Dylan</surname>
                  </string-name>
               </person-group>
               <source>Dark Skies (remix)' / 'The Onslaught</source>
               <year>2001</year>
            </mixed-citation>
         </ref>
         <ref id="d4096e3162a1310">
            <mixed-citation id="d4096e3166" publication-type="journal">
Adam Freeland, 'Smells Like Teen Spirit (remix)'. White label. [n.d.]<person-group>
                  <string-name xmlns:xlink="http://www.w3.org/1999/xlink">
                     <surname>Freeland</surname>
                  </string-name>
               </person-group>
               <source>White label</source>
            </mixed-citation>
         </ref>
         <ref id="d4096e3185a1310">
            <mixed-citation id="d4096e3189" publication-type="journal">
Kenny 'Dope' Gonzalez, 'Battlestar Galactica', Kenny's House EP. Dope Wax. [n.d.]<person-group>
                  <string-name xmlns:xlink="http://www.w3.org/1999/xlink">
                     <surname>Gonzalez</surname>
                  </string-name>
               </person-group>
               <source>Dope Wax</source>
            </mixed-citation>
         </ref>
         <ref id="d4096e3208a1310">
            <mixed-citation id="d4096e3212" publication-type="journal">
Love Child, 'Time Travellers', in Dogwhistle: The Life and Times of an After Hours D.J. Quality. 1995<person-group>
                  <string-name xmlns:xlink="http://www.w3.org/1999/xlink">
                     <surname>Love Child</surname>
                  </string-name>
               </person-group>
               <source>Dogwhistle: The Life and Times of an After Hours D.J. Quality</source>
               <year>1995</year>
            </mixed-citation>
         </ref>
         <ref id="d4096e3234a1310">
            <mixed-citation id="d4096e3238" publication-type="book">
Giorgio Moroder, Music from 'Battlestar Galactica' and Other Compositions. Casablanca. 1978<person-group>
                  <string-name xmlns:xlink="http://www.w3.org/1999/xlink">
                     <surname>Moroder</surname>
                  </string-name>
               </person-group>
               <source>Music from 'Battlestar Galactica' and Other Compositions</source>
               <year>1978</year>
            </mixed-citation>
         </ref>
         <ref id="d4096e3260a1310">
            <mixed-citation id="d4096e3264" publication-type="book">
Parliament, Clones of Dr. Funkenstein. Casablanca. 1976<person-group>
                  <string-name xmlns:xlink="http://www.w3.org/1999/xlink">
                     <surname>Parliament</surname>
                  </string-name>
               </person-group>
               <source>Clones of Dr. Funkenstein</source>
               <year>1976</year>
            </mixed-citation>
         </ref>
         <ref id="d4096e3287a1310">
            <mixed-citation id="d4096e3291" publication-type="journal">
The Prodigy, 'Out of Space (original mix)'. XL. 1992<person-group>
                  <string-name xmlns:xlink="http://www.w3.org/1999/xlink">
                     <surname>The Prodigy</surname>
                  </string-name>
               </person-group>
               <volume>XL</volume>
               <source>Out of Space (original mix)</source>
               <year>1992</year>
            </mixed-citation>
         </ref>
         <ref id="d4096e3316a1310">
            <mixed-citation id="d4096e3320" publication-type="journal">
Madam Zu and Jon Doe, '999 Matrix (The Red Pill)'. Mohawk. [n.d.]<person-group>
                  <string-name xmlns:xlink="http://www.w3.org/1999/xlink">
                     <surname>Zu</surname>
                  </string-name>
               </person-group>
               <source>Mohawk</source>
            </mixed-citation>
         </ref>
         <ref id="d4096e3339a1310">
            <mixed-citation id="d4096e3343" publication-type="journal">
Max Romeo and the Upsetters, 'Chase the Devil', War ina Babylon. Mango. 1976<person-group>
                  <string-name xmlns:xlink="http://www.w3.org/1999/xlink">
                     <surname>Romeo</surname>
                  </string-name>
               </person-group>
               <source>War ina Babylon</source>
               <year>1976</year>
            </mixed-citation>
         </ref>
         <ref id="d4096e3365a1310">
            <mixed-citation id="d4096e3369" publication-type="book">
Messiah, 21st Century Jesus. American. 1994<person-group>
                  <string-name xmlns:xlink="http://www.w3.org/1999/xlink">
                     <surname>Messiah</surname>
                  </string-name>
               </person-group>
               <source>21st Century Jesus</source>
               <year>1994</year>
            </mixed-citation>
         </ref>
         <ref id="d4096e3391a1310">
            <mixed-citation id="d4096e3395" publication-type="journal">
Rufige Cru, 'Terminator II', Have a Nice Trip. Quality. 1993<person-group>
                  <string-name xmlns:xlink="http://www.w3.org/1999/xlink">
                     <surname>Cru</surname>
                  </string-name>
               </person-group>
               <source>Have a Nice Trip. Quality</source>
               <year>1993</year>
            </mixed-citation>
         </ref>
         <ref id="d4096e3417a1310">
            <mixed-citation id="d4096e3421" publication-type="journal">
SFB feat. R.E.M., 'Abusing My Religion'. White label. [n.d.]<person-group>
                  <string-name xmlns:xlink="http://www.w3.org/1999/xlink">
                     <surname>SFB feat. R.E.M.</surname>
                  </string-name>
               </person-group>
               <source>White label</source>
            </mixed-citation>
         </ref>
         <ref id="d4096e3441a1310">
            <mixed-citation id="d4096e3445" publication-type="journal">
Sir Round, 'The Imperial March.' Techno Club. 1999<person-group>
                  <string-name xmlns:xlink="http://www.w3.org/1999/xlink">
                     <surname>Round</surname>
                  </string-name>
               </person-group>
               <source>Techno Club</source>
               <year>1999</year>
            </mixed-citation>
         </ref>
         <ref id="d4096e3467a1310">
            <mixed-citation id="d4096e3471" publication-type="journal">
The Tamperer feat. Maya, 'If you buy this record your life will be better'. BMG. 1998<person-group>
                  <string-name xmlns:xlink="http://www.w3.org/1999/xlink">
                     <surname>Maya</surname>
                  </string-name>
               </person-group>
               <source>BMG</source>
               <year>1998</year>
            </mixed-citation>
         </ref>
         <ref id="d4096e3493a1310">
            <mixed-citation id="d4096e3497" publication-type="book">
The Timelords, 'Doctorin' the Tardis'. KLF Communications. 1988<person-group>
                  <string-name xmlns:xlink="http://www.w3.org/1999/xlink">
                     <surname>The Timelords</surname>
                  </string-name>
               </person-group>
               <source>Doctorin' the Tardis</source>
               <year>1988</year>
            </mixed-citation>
         </ref>
         <ref id="d4096e3519a1310">
            <mixed-citation id="d4096e3523" publication-type="journal">
Pete Tong, Essential Mix 2000. Essen. 2000<person-group>
                  <string-name xmlns:xlink="http://www.w3.org/1999/xlink">
                     <surname>Tong</surname>
                  </string-name>
               </person-group>
               <source>Essential Mix 2000</source>
               <year>2000</year>
            </mixed-citation>
         </ref>
         <ref id="d4096e3545a1310">
            <mixed-citation id="d4096e3549" publication-type="journal">
Ultramagnetic MCs, 'Critical Beatdown', Critical Beatdown. Next Plateau. 1988<person-group>
                  <string-name xmlns:xlink="http://www.w3.org/1999/xlink">
                     <surname>Ultramagnetic</surname>
                  </string-name>
               </person-group>
               <source>Critical Beatdown</source>
               <year>1988</year>
            </mixed-citation>
         </ref>
         <ref id="d4096e3571a1310">
            <mixed-citation id="d4096e3575" publication-type="journal">
Various artists, MTV Extreme. White Island. 2001<person-group>
                  <string-name xmlns:xlink="http://www.w3.org/1999/xlink">
                     <surname>Various artists</surname>
                  </string-name>
               </person-group>
               <source>MTV Extreme</source>
               <year>2001</year>
            </mixed-citation>
         </ref>
         <ref id="d4096e3598a1310">
            <mixed-citation id="d4096e3602" publication-type="journal">
Various artists, Techno! The New Dance Sound of Detroit. Virgin. 1988<person-group>
                  <string-name xmlns:xlink="http://www.w3.org/1999/xlink">
                     <surname>Various artists</surname>
                  </string-name>
               </person-group>
               <source>Techno! The New Dance Sound of Detroit</source>
               <year>1988</year>
            </mixed-citation>
         </ref>
         <ref id="d4096e3624a1310">
            <mixed-citation id="d4096e3628" publication-type="journal">
Josh Wink, 'Higher State of Consciousness (Wink1 remix)'. White label. [n.d.]<person-group>
                  <string-name xmlns:xlink="http://www.w3.org/1999/xlink">
                     <surname>Wink</surname>
                  </string-name>
               </person-group>
               <source>White label</source>
            </mixed-citation>
         </ref>
      </ref-list>
      <ref-list>
         <title>Filmography</title>
         <ref id="d4096e3656a1310">
            <mixed-citation id="d4096e3660" publication-type="other">
Battlestar Galactica: Saga of a Star World. 1978. ABC/Universal</mixed-citation>
         </ref>
         <ref id="d4096e3667a1310">
            <mixed-citation id="d4096e3671" publication-type="other">
Battlestar Galactica. 2003. Sky TV/USA Cable</mixed-citation>
         </ref>
         <ref id="d4096e3678a1310">
            <mixed-citation id="d4096e3682" publication-type="journal">
Blade Runner (Ridley Scott). 1982. Warner Bros./Ladd<person-group>
                  <string-name xmlns:xlink="http://www.w3.org/1999/xlink">
                     <surname>Ridley</surname>
                  </string-name>
               </person-group>
               <source>Blade Runner</source>
               <year>1982</year>
            </mixed-citation>
         </ref>
         <ref id="d4096e3704a1310">
            <mixed-citation id="d4096e3708" publication-type="journal">
The Matrix (Andy Wachowski and Larry Wachowski). 1999. Warner Bros.<person-group>
                  <string-name xmlns:xlink="http://www.w3.org/1999/xlink">
                     <surname>Wachowski</surname>
                  </string-name>
               </person-group>
               <source>The Matrix</source>
               <year>1999</year>
            </mixed-citation>
         </ref>
         <ref id="d4096e3731a1310">
            <mixed-citation id="d4096e3735" publication-type="journal">
Max Headroom. 1987. Warner Bros./Lorimar<person-group>
                  <string-name xmlns:xlink="http://www.w3.org/1999/xlink">
                     <surname>Bros</surname>
                  </string-name>
               </person-group>
               <source>Max Headroom</source>
               <year>1987</year>
            </mixed-citation>
         </ref>
         <ref id="d4096e3757a1310">
            <mixed-citation id="d4096e3761" publication-type="journal">
Robocop (Paul Verhoeven). 1987. Orion<person-group>
                  <string-name xmlns:xlink="http://www.w3.org/1999/xlink">
                     <surname>Verhoeven</surname>
                  </string-name>
               </person-group>
               <source>Robocop</source>
               <year>1987</year>
            </mixed-citation>
         </ref>
         <ref id="d4096e3783a1310">
            <mixed-citation id="d4096e3787" publication-type="other">
Star Trek: The Next Generation. 1987. Paramount</mixed-citation>
         </ref>
         <ref id="d4096e3794a1310">
            <mixed-citation id="d4096e3798" publication-type="journal">
Star Wars (George Lucas). 1977. 20th Century Fox<person-group>
                  <string-name xmlns:xlink="http://www.w3.org/1999/xlink">
                     <surname>Lucas</surname>
                  </string-name>
               </person-group>
               <source>Star Wars</source>
               <year>1977</year>
            </mixed-citation>
         </ref>
         <ref id="d4096e3820a1310">
            <mixed-citation id="d4096e3824" publication-type="journal">
The Terminator (James Cameron). 1984. Orion<person-group>
                  <string-name xmlns:xlink="http://www.w3.org/1999/xlink">
                     <surname>Cameron</surname>
                  </string-name>
               </person-group>
               <source>The Terminator</source>
               <year>1984</year>
            </mixed-citation>
         </ref>
         <ref id="d4096e3846a1310">
            <mixed-citation id="d4096e3850" publication-type="journal">
Videodrome (David Cronenberg). 1983. Universal<person-group>
                  <string-name xmlns:xlink="http://www.w3.org/1999/xlink">
                     <surname>Cronenberg</surname>
                  </string-name>
               </person-group>
               <source>Videodrome</source>
               <year>1983</year>
            </mixed-citation>
         </ref>
      </ref-list>
   </back>
</article>
