<article dtd-version="1.0" article-type="research-article">
   <front>
      <journal-meta>
         <journal-id xmlns:xlink="http://www.w3.org/1999/xlink" journal-id-type="jstor">popularmusic</journal-id>
         <journal-id xmlns:xlink="http://www.w3.org/1999/xlink" journal-id-type="jstor">j100590</journal-id>
         <journal-title-group xmlns:xlink="http://www.w3.org/1999/xlink">
            <journal-title>Popular Music</journal-title>
         </journal-title-group>
         <publisher>
            <publisher-name>Cambridge University Press</publisher-name>
         </publisher>
         <issn xmlns:xlink="http://www.w3.org/1999/xlink" pub-type="ppub">02611430</issn>
         <issn xmlns:xlink="http://www.w3.org/1999/xlink" pub-type="epub">14740095</issn>
      </journal-meta>
      <article-meta>
         <article-id xmlns:xlink="http://www.w3.org/1999/xlink" pub-id-type="jstor">4500315</article-id>
         <title-group>
            <article-title>'I Will Survive': Musical Mappings of Queer Social Space in a Disco Anthem</article-title>
         </title-group>
         <contrib-group>
            <contrib>
               <string-name xmlns:xlink="http://www.w3.org/1999/xlink">
                  <given-names>Nadine</given-names>
                  <surname>Hubbs</surname>
               </string-name>
            </contrib>
         </contrib-group>
         <pub-date xmlns:xlink="http://www.w3.org/1999/xlink">
            <day>1</day>
            <month>5</month>
            <year>2007</year>
         </pub-date>
         <volume>26</volume>
         <issue>2</issue>
         <issue-id xmlns:xlink="http://www.w3.org/1999/xlink">i405387</issue-id>
         <fpage>231</fpage>
         <lpage>244</lpage>
         <page-range>231-244</page-range>
         <permissions>
            <copyright-statement>Copyright 2007 Cambridge University Press</copyright-statement>
         </permissions>
         <self-uri xmlns:xlink="http://www.w3.org/1999/xlink"
                   xlink:href="http://www.jstor.org/stable/4500315"/>
         <abstract>
            <p>This essay reconsiders the constituencies of fans and detractors present at prime and bursting 1970s dicsos. It argues for a more gender-inclusive conception of discos multiracial 'gay' revellers and for a particular convoluted conception of 'homophobia' as this applies to the Middle-American youths who raged against disco in midsummer 1979. Their historic eruption at Chicago's Comiskey Park came just weeks after the chart reign of Gloria Gaynor's 'I Will Survive', today a classic emblem of gay culture in the post-Stonewall and AIDS eras and arguably disco's greatest anthem. Disco inspired lovers and haters, too, among music critics. Critical adulation and vitriol are conjoined in the present reading of musical rhetoric, which explores disco's celebrated power to induce rapture in devotees at the social margins while granting anti-disco critics' charge of inexpressivity in its vocals. In 'Survive' musical expressivity is relocated in the high-production instrumentals, where troping of learned and vernacular, European and Pan-American, sacred and profane timbres and idioms defines a euphoric space of difference and transcendence. The use of minor mode for triumphant purposes is also a striking marker of difference in 'Survive' and is among the factors at work in the song's prodigious afterlife.</p>
         </abstract>
         <custom-meta-group xmlns:xlink="http://www.w3.org/1999/xlink">
            <custom-meta>
               <meta-name>lang</meta-name>
               <meta-value>eng</meta-value>
            </custom-meta>
         </custom-meta-group>
      </article-meta>
   </front>
   <back>
      <ref-list>
         <title>Endnotes</title>
         <ref id="d4128e131a1310">
            <label>1</label>
            <mixed-citation id="d4128e138" publication-type="other">
Photos and clippings from the
1979 Comiskey rally are viewable at WLUP's
25th anniversary 'Disco Demolition' website:
www.discodemolition.com/pr.htm (viewed 16
December 2005)</mixed-citation>
         </ref>
         <ref id="d4128e157a1310">
            <label>3</label>
            <mixed-citation id="d4128e164" publication-type="other">
Weinberg (1972)</mixed-citation>
         </ref>
         <ref id="d4128e171a1310">
            <label>4</label>
            <mixed-citation id="d4128e178" publication-type="other">
Sedgwick (1990, pp. 72-3)</mixed-citation>
            <mixed-citation id="d4128e184" publication-type="other">
Whitburn (1996)</mixed-citation>
         </ref>
         <ref id="d4128e191a1310">
            <label>5</label>
            <mixed-citation id="d4128e198" publication-type="other">
'Sultans
of Swing', was a number four (non-disco) hit in
1979 for Knopfler's band Dire Straits</mixed-citation>
         </ref>
         <ref id="d4128e212a1310">
            <label>6</label>
            <mixed-citation id="d4128e221" publication-type="other">
Cusick
(1999, pp. 31-3)</mixed-citation>
         </ref>
         <ref id="d4128e231a1310">
            <label>7</label>
            <mixed-citation id="d4128e238" publication-type="other">
Chauncey (1989)</mixed-citation>
            <mixed-citation id="d4128e244" publication-type="other">
Halperin (1990 and
2000)</mixed-citation>
            <mixed-citation id="d4128e253" publication-type="other">
Sedgwick (1990, pp. 44-8, 157-63,
etc.)</mixed-citation>
         </ref>
         <ref id="d4128e263a1310">
            <label>8</label>
            <mixed-citation id="d4128e270" publication-type="other">
Between Men
(1985)</mixed-citation>
            <mixed-citation id="d4128e279" publication-type="journal">
Epistemology (1990, pp. 184-6)<fpage>184</fpage>
               <source>Epistemology</source>
               <year>1990</year>
            </mixed-citation>
         </ref>
         <ref id="d4128e295a1310">
            <label>9</label>
            <mixed-citation id="d4128e302" publication-type="other">
Vito Russo's (1987)</mixed-citation>
            <mixed-citation id="d4128e308" publication-type="other">
Paul Monette (1992)</mixed-citation>
         </ref>
         <ref id="d4128e315a1310">
            <label>10</label>
            <mixed-citation id="d4128e322" publication-type="other">
Whitburn 1996</mixed-citation>
         </ref>
         <ref id="d4128e329a1310">
            <label>12</label>
            <mixed-citation id="d4128e336" publication-type="other">
Bayles's
apparent confusion here (1994, p. 281)</mixed-citation>
         </ref>
         <ref id="d4128e347a1310">
            <label>14</label>
            <mixed-citation id="d4128e356" publication-type="other">
Gallic shrug and the dictum,
'je suis comme je suis' (I am as I am)</mixed-citation>
            <mixed-citation id="d4128e365" publication-type="other">
Studer [1994, p. 270]</mixed-citation>
         </ref>
         <ref id="d4128e372a1310">
            <label>17</label>
            <mixed-citation id="d4128e379" publication-type="other">
Michel Foucault (1978, pp. 37-41)</mixed-citation>
            <mixed-citation id="d4128e385" publication-type="journal">
Ellis Hanson's Decadence and Catholicism
(1997)<person-group>
                  <string-name xmlns:xlink="http://www.w3.org/1999/xlink">
                     <surname>Hanson</surname>
                  </string-name>
               </person-group>
               <source>Decadence and Catholicism</source>
               <year>1997</year>
            </mixed-citation>
            <mixed-citation id="d4128e409" publication-type="book">
The
Queer Composition of America's Sound (Hubbs
2004), especially chapter 1<comment content-type="section">chapter 1</comment>
               <source>The Queer Composition of America's Sound</source>
               <year>2004</year>
            </mixed-citation>
            <mixed-citation id="d4128e432" publication-type="other">
'Modernist Abstrac-
tion and the Abstract Art: Four Saints and the
Queer Composition of America's Sound'</mixed-citation>
         </ref>
         <ref id="d4128e445a1310">
            <label>18</label>
            <mixed-citation id="d4128e454" publication-type="other">
Fred Maus for pointing out the resonances
between 'I Will Survive' and 'It's a Sin'</mixed-citation>
            <mixed-citation id="d4128e463" publication-type="other">
Pet Shop Boys 1994 tour video Discovery: Live in
Rio</mixed-citation>
            <mixed-citation id="d4128e473" publication-type="other">
'It's a Sin / I Will Survive'</mixed-citation>
            <mixed-citation id="d4128e479" publication-type="other">
Wayne Studer's (1994, pp. 166-7)</mixed-citation>
         </ref>
         <ref id="d4128e486a1310">
            <label>19</label>
            <mixed-citation id="d4128e493" publication-type="other">
Michael Moon
(1987)</mixed-citation>
         </ref>
         <ref id="d4128e503a1310">
            <label>20</label>
            <mixed-citation id="d4128e510" publication-type="other">
Victor Navone's 45-second
digital animation 'Alien Song'</mixed-citation>
            <mixed-citation id="d4128e519" publication-type="other">
Gaynor's 'Survive' by a green</mixed-citation>
            <mixed-citation id="d4128e525" publication-type="other">
http:/ /www.scores.de/movie/alien.shtml
(viewed 16 December 2005)</mixed-citation>
         </ref>
         <ref id="d4128e535a1310">
            <label>21</label>
            <mixed-citation id="d4128e542" publication-type="other">
Russo (1987, p. 230)</mixed-citation>
            <mixed-citation id="d4128e548" publication-type="other">
Travolta's Tony
Manero at one point yells, 'Attica, Attica!'</mixed-citation>
            <mixed-citation id="d4128e557" publication-type="other">
Al Pacino in his role as a gay bank
robber in Dog Day Afternoon (a poster from
which hangs on Tony's bedroom wall)</mixed-citation>
         </ref>
      </ref-list>
      <ref-list>
         <title>References</title>
         <ref id="d4128e579a1310">
            <mixed-citation id="d4128e583" publication-type="book">
Bakhtin, M. 1984. Rabelais and His World, trans. H. Iswolsky (Bloomington, Indiana University Press)<person-group>
                  <string-name xmlns:xlink="http://www.w3.org/1999/xlink">
                     <surname>Bakhtin</surname>
                  </string-name>
               </person-group>
               <source>Rabelais and His World</source>
               <year>1984</year>
            </mixed-citation>
         </ref>
         <ref id="d4128e605a1310">
            <mixed-citation id="d4128e609" publication-type="journal">
Barnes, K. 1990. Liner notes for The Disco Years, vol. 1, 'Turn the beat around, 1974-78' (Rhino Records)<person-group>
                  <string-name xmlns:xlink="http://www.w3.org/1999/xlink">
                     <surname>Barnes</surname>
                  </string-name>
               </person-group>
               <volume>1</volume>
               <source>The Disco Years</source>
               <year>1990</year>
            </mixed-citation>
         </ref>
         <ref id="d4128e634a1310">
            <mixed-citation id="d4128e638" publication-type="book">
Bayles, M. 1994. Hole in Our Soul: The Loss of Beauty and Meaning in American Popular Music (Chicago,
University of Chicago Press)<person-group>
                  <string-name xmlns:xlink="http://www.w3.org/1999/xlink">
                     <surname>Bayles</surname>
                  </string-name>
               </person-group>
               <source>Hole in Our Soul: The Loss of Beauty and Meaning in American Popular Music</source>
               <year>1994</year>
            </mixed-citation>
         </ref>
         <ref id="d4128e663a1310">
            <mixed-citation id="d4128e667" publication-type="book">
Chambers, I. 1985. Urban Rhythms: Pop Music and Popular Culture (London, Macmillan)<person-group>
                  <string-name xmlns:xlink="http://www.w3.org/1999/xlink">
                     <surname>Chambers</surname>
                  </string-name>
               </person-group>
               <source>Urban Rhythms: Pop Music and Popular Culture</source>
               <year>1985</year>
            </mixed-citation>
         </ref>
         <ref id="d4128e690a1310">
            <mixed-citation id="d4128e694" publication-type="book">
Chauncey, G., Jr. 1989. 'From sexual inversion to homosexuality: medicine and the changing conceptualiz-
ation of female deviance', in Passion and Power: Sexuality in History, ed. K. Peiss and C. Simmons, with
R.A. Padgug (Philadelphia, Temple University Press), pp. 87-117<person-group>
                  <string-name xmlns:xlink="http://www.w3.org/1999/xlink">
                     <surname>Chauncey</surname>
                  </string-name>
               </person-group>
               <comment content-type="section">From sexual inversion to homosexuality: medicine and the changing conceptualization of female deviance</comment>
               <fpage>87</fpage>
               <source>Passion and Power: Sexuality in History</source>
               <year>1989</year>
            </mixed-citation>
         </ref>
         <ref id="d4128e729a1310">
            <mixed-citation id="d4128e733" publication-type="journal">
Cummings, T. 1975. 'Gloria Gaynor and the disco boom', Black Music, June, pp. 8-10<person-group>
                  <string-name xmlns:xlink="http://www.w3.org/1999/xlink">
                     <surname>Cummings</surname>
                  </string-name>
               </person-group>
               <issue>June</issue>
               <fpage>8</fpage>
               <source>Black Music</source>
               <year>1975</year>
            </mixed-citation>
         </ref>
         <ref id="d4128e762a1310">
            <mixed-citation id="d4128e766" publication-type="book">
Cusick, S. 1999. 'On musical performances of gender and sex', in Audible Traces: Gender, Identity, and Music,
ed. E. Barkin and L. Hamessley (Zurich and Los Angeles, Carciofoli Verlagshaus), pp. 25-49<person-group>
                  <string-name xmlns:xlink="http://www.w3.org/1999/xlink">
                     <surname>Cusick</surname>
                  </string-name>
               </person-group>
               <comment content-type="section">On musical performances of gender and sex</comment>
               <fpage>25</fpage>
               <source>Audible Traces: Gender, Identity, and Music</source>
               <year>1999</year>
            </mixed-citation>
         </ref>
         <ref id="d4128e798a1310">
            <mixed-citation id="d4128e802" publication-type="book">
Dyer, R. (1979)1995. 'In defence of disco', reprinted in Out in Culture: Gay, Lesbian, and Queer Essays on
Popular Culture, ed. C. Creekmur and A. Doty (Durham, Duke University Press), pp. 407-15<person-group>
                  <string-name xmlns:xlink="http://www.w3.org/1999/xlink">
                     <surname>Dyer</surname>
                  </string-name>
               </person-group>
               <fpage>407</fpage>
               <source>In defence of disco', reprinted in Out in Culture: Gay, Lesbian, and Queer Essays on Popular Culture</source>
               <year>1979</year>
            </mixed-citation>
         </ref>
         <ref id="d4128e831a1310">
            <mixed-citation id="d4128e835" publication-type="book">
EMP (Experience Music Project). 2002. 'Disco: a decade of Saturday nights', exhibit opened November 2002
in Seattle (viewed 4 August 2004 in Detroit)<person-group>
                  <string-name xmlns:xlink="http://www.w3.org/1999/xlink">
                     <surname>EMP (Experience Music Project)</surname>
                  </string-name>
               </person-group>
               <source>Disco: a decade of Saturday nights</source>
               <year>2002</year>
            </mixed-citation>
         </ref>
         <ref id="d4128e860a1310">
            <mixed-citation id="d4128e864" publication-type="book">
Foucault, M. 1978. The History of Sexuality, Vol. I: An Introduction, trans. R. Hurley (New York, Pantheon
Books)<person-group>
                  <string-name xmlns:xlink="http://www.w3.org/1999/xlink">
                     <surname>Foucault</surname>
                  </string-name>
               </person-group>
               <source>The History of Sexuality, Vol. I: An Introduction</source>
               <year>1978</year>
            </mixed-citation>
         </ref>
         <ref id="d4128e890a1310">
            <mixed-citation id="d4128e894" publication-type="book">
Gates, H., Jr. 1988. The Signifying Monkey: A Theory of African American Literary Criticism (New York, Oxford
University Press)<person-group>
                  <string-name xmlns:xlink="http://www.w3.org/1999/xlink">
                     <surname>Gates</surname>
                  </string-name>
               </person-group>
               <source>The Signifying Monkey: A Theory of African American Literary Criticism</source>
               <year>1988</year>
            </mixed-citation>
         </ref>
         <ref id="d4128e919a1310">
            <mixed-citation id="d4128e923" publication-type="book">
George, N. 1988. The Death of Rhythm &amp; Blues (New York, Pantheon Books)<person-group>
                  <string-name xmlns:xlink="http://www.w3.org/1999/xlink">
                     <surname>George</surname>
                  </string-name>
               </person-group>
               <source>The Death of Rhythm &amp; Blues</source>
               <year>1988</year>
            </mixed-citation>
         </ref>
         <ref id="d4128e945a1310">
            <mixed-citation id="d4128e949" publication-type="book">
Gill, J. 1995. Queer Noises: Male and Female Homosexuality in Twentieth-Century Music (Minneapolis,
University of Minnesota Press)<person-group>
                  <string-name xmlns:xlink="http://www.w3.org/1999/xlink">
                     <surname>Gill</surname>
                  </string-name>
               </person-group>
               <source>Queer Noises: Male and Female Homosexuality in Twentieth-Century Music</source>
               <year>1995</year>
            </mixed-citation>
         </ref>
         <ref id="d4128e974a1310">
            <mixed-citation id="d4128e978" publication-type="book">
Halperin, D. 1990. One Hundred Years of Homosexuality and other Essays on Greek Love (New York)<person-group>
                  <string-name xmlns:xlink="http://www.w3.org/1999/xlink">
                     <surname>Halperin</surname>
                  </string-name>
               </person-group>
               <source>One Hundred Years of Homosexuality and other Essays on Greek Love</source>
               <year>1990</year>
            </mixed-citation>
            <mixed-citation id="d4128e999" publication-type="journal">
2000. 'How to do the history of male homosexuality', GLQ: A Journal of Lesbian and Gay Studies, 6/1,
pp. 87-124<person-group>
                  <string-name xmlns:xlink="http://www.w3.org/1999/xlink">
                     <surname>Halperin</surname>
                  </string-name>
               </person-group>
               <issue>1</issue>
               <fpage>87</fpage>
               <volume>6</volume>
               <source>GLQ: A Journal of Lesbian and Gay Studies</source>
               <year>2000</year>
            </mixed-citation>
         </ref>
         <ref id="d4128e1034a1310">
            <mixed-citation id="d4128e1038" publication-type="book">
Hamm, C. 1995. Putting Popular Music in Its Place (Cambridge, Cambridge University Press)<person-group>
                  <string-name xmlns:xlink="http://www.w3.org/1999/xlink">
                     <surname>Hamm</surname>
                  </string-name>
               </person-group>
               <source>Putting Popular Music in Its Place</source>
               <year>1995</year>
            </mixed-citation>
         </ref>
         <ref id="d4128e1060a1310">
            <mixed-citation id="d4128e1064" publication-type="book">
Hanson, E. 1997. Decadence and Catholicism (Cambridge, MA, Harvard University Press)<person-group>
                  <string-name xmlns:xlink="http://www.w3.org/1999/xlink">
                     <surname>Hanson</surname>
                  </string-name>
               </person-group>
               <source>Decadence and Catholicism</source>
               <year>1997</year>
            </mixed-citation>
         </ref>
         <ref id="d4128e1087a1310">
            <mixed-citation id="d4128e1091" publication-type="book">
Holleran, A. 1978. Dancer from the Dance (New York, William Morrow)<person-group>
                  <string-name xmlns:xlink="http://www.w3.org/1999/xlink">
                     <surname>Holleran</surname>
                  </string-name>
               </person-group>
               <source>Dancer from the Dance</source>
               <year>1978</year>
            </mixed-citation>
         </ref>
         <ref id="d4128e1113a1310">
            <mixed-citation id="d4128e1117" publication-type="book">
Hubbs, N. 2004. The Queer Composition of America's Sound: Gay Modernists, American Music, and National
Identity (Berkeley, University of California Press)<person-group>
                  <string-name xmlns:xlink="http://www.w3.org/1999/xlink">
                     <surname>Hubbs</surname>
                  </string-name>
               </person-group>
               <source>The Queer Composition of America's Sound: Gay Modernists, American Music, and National Identity</source>
               <year>2004</year>
            </mixed-citation>
         </ref>
         <ref id="d4128e1142a1310">
            <mixed-citation id="d4128e1146" publication-type="book">
Miller, D. 1988. 'Secret subjects, open subjects', in The Novel and the Police (Berkeley, University of California
Press), pp. 192-220<person-group>
                  <string-name xmlns:xlink="http://www.w3.org/1999/xlink">
                     <surname>Miller</surname>
                  </string-name>
               </person-group>
               <comment content-type="section">Secret subjects, open subjects</comment>
               <fpage>192</fpage>
               <source>The Novel and the Police</source>
               <year>1988</year>
            </mixed-citation>
         </ref>
         <ref id="d4128e1178a1310">
            <mixed-citation id="d4128e1182" publication-type="book">
Monette, P. 1992. Becoming a Man: Haif a Life Story (San Francisco, Harper Collins)<person-group>
                  <string-name xmlns:xlink="http://www.w3.org/1999/xlink">
                     <surname>Monette</surname>
                  </string-name>
               </person-group>
               <source>Becoming a Man: Haif a Life Story</source>
               <year>1992</year>
            </mixed-citation>
         </ref>
         <ref id="d4128e1204a1310">
            <mixed-citation id="d4128e1208" publication-type="journal">
Moon, M. 1987. "The gentle boy from the dangerous classes": pederasty, domesticity, and capitalism in
Horatio Alger', Representations, 19, pp. 87-110<object-id pub-id-type="jstor">10.2307/2928532</object-id>
               <fpage>87</fpage>
            </mixed-citation>
         </ref>
         <ref id="d4128e1224a1310">
            <mixed-citation id="d4128e1228" publication-type="book">
Russo, V. 1987. The Celluloid Closet: Homosexuality in the Movies, rev. edn (San Francisco, Harper and Row)<person-group>
                  <string-name xmlns:xlink="http://www.w3.org/1999/xlink">
                     <surname>Russo</surname>
                  </string-name>
               </person-group>
               <source>The Celluloid Closet: Homosexuality in the Movies</source>
               <year>1987</year>
            </mixed-citation>
         </ref>
         <ref id="d4128e1251a1310">
            <mixed-citation id="d4128e1255" publication-type="book">
Sedgwick, E. 1985. Between Men: English Literature and Male Homosocial Desire (New York, Columbia
University Press)<person-group>
                  <string-name xmlns:xlink="http://www.w3.org/1999/xlink">
                     <surname>Sedgwick</surname>
                  </string-name>
               </person-group>
               <source>Between Men: English Literature and Male Homosocial Desire</source>
               <year>1985</year>
            </mixed-citation>
            <mixed-citation id="d4128e1279" publication-type="book">
1990. Epistemology of the Closet (Berkeley, University of California Press)<person-group>
                  <string-name xmlns:xlink="http://www.w3.org/1999/xlink">
                     <surname>Sedgwick</surname>
                  </string-name>
               </person-group>
               <source>Epistemology of the Closet</source>
               <year>1990</year>
            </mixed-citation>
         </ref>
         <ref id="d4128e1301a1310">
            <mixed-citation id="d4128e1305" publication-type="journal">
Spicer, M. 2004. '(Ac)cumulative form in pop-rock music', Twentieth-Century Music, 1/1, pp. 29-64<person-group>
                  <string-name xmlns:xlink="http://www.w3.org/1999/xlink">
                     <surname>Spicer</surname>
                  </string-name>
               </person-group>
               <issue>1</issue>
               <fpage>29</fpage>
               <volume>1</volume>
               <source>Twentieth-Century Music</source>
               <year>2004</year>
            </mixed-citation>
         </ref>
         <ref id="d4128e1337a1310">
            <mixed-citation id="d4128e1341" publication-type="book">
Studer, W. 1994. Rock on the Wild Side: Gay Male Images in Popular Music of the Rock Era (San Francisco,
Leyland Publications)<person-group>
                  <string-name xmlns:xlink="http://www.w3.org/1999/xlink">
                     <surname>Studer</surname>
                  </string-name>
               </person-group>
               <source>Rock on the Wild Side: Gay Male Images in Popular Music of the Rock Era</source>
               <year>1994</year>
            </mixed-citation>
         </ref>
         <ref id="d4128e1366a1310">
            <mixed-citation id="d4128e1370" publication-type="book">
Thomas, A. (1989)1995. 'The house the kids built: the gay black imprint on American dance music',
reprinted in Out in Culture: Gay, Lesbian, and Queer Essays on Popular Culture, ed. C.K. Creekmur and
A. Doty (Durham, Duke University Press), pp. 437-46<person-group>
                  <string-name xmlns:xlink="http://www.w3.org/1999/xlink">
                     <surname>Thomas</surname>
                  </string-name>
               </person-group>
               <comment content-type="section">The house the kids built: the gay black imprint on American dance music</comment>
               <fpage>437</fpage>
               <source>Out in Culture: Gay, Lesbian, and Queer Essays on Popular Culture</source>
               <year>1989</year>
            </mixed-citation>
         </ref>
         <ref id="d4128e1405a1310">
            <mixed-citation id="d4128e1409" publication-type="book">
Tucker, K. 1986. 'Outsider music: disco and funk', in Rock of Ages: The Rolling Stone History of Rock &amp; Roll,
ed. E. Ward, G. Stokes and K. Tucker (New York, Rolling Stone Books / Summit Press), pp. 523-36<person-group>
                  <string-name xmlns:xlink="http://www.w3.org/1999/xlink">
                     <surname>Tucker</surname>
                  </string-name>
               </person-group>
               <comment content-type="section">Outsider music: disco and funk</comment>
               <fpage>523</fpage>
               <source>Rock of Ages: The Rolling Stone History of Rock &amp; Roll</source>
               <year>1986</year>
            </mixed-citation>
         </ref>
         <ref id="d4128e1441a1310">
            <mixed-citation id="d4128e1445" publication-type="book">
Weinberg, G. 1972. Society and the Healthy Homosexual (New York, St. Martin's Press)<person-group>
                  <string-name xmlns:xlink="http://www.w3.org/1999/xlink">
                     <surname>Weinberg</surname>
                  </string-name>
               </person-group>
               <source>Society and the Healthy Homosexual</source>
               <year>1972</year>
            </mixed-citation>
         </ref>
         <ref id="d4128e1468a1310">
            <mixed-citation id="d4128e1472" publication-type="book">
Whitburn, J. 1996. The Billboard Book of Top 40 Hits, 6th edn (New York, Billboard Publications)<person-group>
                  <string-name xmlns:xlink="http://www.w3.org/1999/xlink">
                     <surname>Whitburn</surname>
                  </string-name>
               </person-group>
               <edition>6</edition>
               <source>The Billboard Book of Top 40 Hits</source>
               <year>1996</year>
            </mixed-citation>
         </ref>
      </ref-list>
      <ref-list>
         <title>Discography</title>
         <ref id="d4128e1506a1310">
            <mixed-citation id="d4128e1510" publication-type="journal">
Aerosmith, 'Dream On', Aerosmith. Sony 57360. 1973<person-group>
                  <string-name xmlns:xlink="http://www.w3.org/1999/xlink">
                     <surname>Aerosmith</surname>
                  </string-name>
               </person-group>
               <source>Aerosmith</source>
               <year>1973</year>
            </mixed-citation>
         </ref>
         <ref id="d4128e1532a1310">
            <mixed-citation id="d4128e1536" publication-type="journal">
Cheap Trick, 'I Want You to Want Me', In Color. 34884. 1977<person-group>
                  <string-name xmlns:xlink="http://www.w3.org/1999/xlink">
                     <surname>Trick</surname>
                  </string-name>
               </person-group>
               <source>In Color</source>
               <year>1977</year>
            </mixed-citation>
         </ref>
         <ref id="d4128e1558a1310">
            <mixed-citation id="d4128e1562" publication-type="book">
Chic, 'Good Times', Risqué. Atlantic 3584. 1979<person-group>
                  <string-name xmlns:xlink="http://www.w3.org/1999/xlink">
                     <surname>Chic</surname>
                  </string-name>
               </person-group>
               <comment content-type="section">Good Times</comment>
               <source>Risqué</source>
               <year>1979</year>
            </mixed-citation>
         </ref>
         <ref id="d4128e1587a1310">
            <mixed-citation id="d4128e1591" publication-type="book">
Diana Ross, 'I'm Coming Out', Diana. Motown M8-936 M1. 1980<person-group>
                  <string-name xmlns:xlink="http://www.w3.org/1999/xlink">
                     <surname>Ross</surname>
                  </string-name>
               </person-group>
               <comment content-type="section">I'm Coming Out</comment>
               <source>Diana</source>
               <year>1980</year>
            </mixed-citation>
         </ref>
         <ref id="d4128e1617a1310">
            <mixed-citation id="d4128e1621" publication-type="book">
Dire Straits, 'Sultans of Swing', Dire Straits. Warner Bros. BSK-3266. 1978<person-group>
                  <string-name xmlns:xlink="http://www.w3.org/1999/xlink">
                     <surname>Straits</surname>
                  </string-name>
               </person-group>
               <comment content-type="section">Sultans of Swing</comment>
               <source>Dire Straits</source>
               <year>1978</year>
            </mixed-citation>
         </ref>
         <ref id="d4128e1646a1310">
            <mixed-citation id="d4128e1650" publication-type="journal">
D.O.A., 'Disco Sucks' (1979), The Dawning of a New Error. Alternative Tentacle 106. 1992<person-group>
                  <string-name xmlns:xlink="http://www.w3.org/1999/xlink">
                     <surname>D.O.A.</surname>
                  </string-name>
               </person-group>
               <source>The Dawning of a New Error</source>
               <year>1992</year>
            </mixed-citation>
         </ref>
         <ref id="d4128e1672a1310">
            <mixed-citation id="d4128e1676" publication-type="book">
Donna Summer, 'Love to Love You Baby', Love to Love You Baby. Oasis OCLP-5003. 1975<person-group>
                  <string-name xmlns:xlink="http://www.w3.org/1999/xlink">
                     <surname>Summer</surname>
                  </string-name>
               </person-group>
               <comment content-type="section">Love to Love You Baby</comment>
               <source>Love to Love You Baby</source>
               <year>1975</year>
            </mixed-citation>
         </ref>
         <ref id="d4128e1701a1310">
            <mixed-citation id="d4128e1705" publication-type="book">
Erasure, 'Love to Hate You', Chorus. Sire/Reprise 9 26668-2.1991<person-group>
                  <string-name xmlns:xlink="http://www.w3.org/1999/xlink">
                     <surname>Erasure</surname>
                  </string-name>
               </person-group>
               <comment content-type="section">Love to Hate You</comment>
               <source>Chorus</source>
               <year>1991</year>
            </mixed-citation>
         </ref>
         <ref id="d4128e1730a1310">
            <mixed-citation id="d4128e1734" publication-type="journal">
Gloria Gaynor, 'I Will Survive' (1978), Gloria Gaynor: Greatest Hits. Polydor 833 433-2. 1988<person-group>
                  <string-name xmlns:xlink="http://www.w3.org/1999/xlink">
                     <surname>Gaynor</surname>
                  </string-name>
               </person-group>
               <source>Gloria Gaynor: Greatest Hits</source>
               <year>1988</year>
            </mixed-citation>
         </ref>
         <ref id="d4128e1756a1310">
            <mixed-citation id="d4128e1760" publication-type="other">
'I Am What I Am' (1983), ZYX Records GDC20261-2. 1996</mixed-citation>
         </ref>
         <ref id="d4128e1768a1310">
            <mixed-citation id="d4128e1772" publication-type="journal">
Grand Funk, 'We're an American Band', We're an American Band. Capitol B000071WY2. 1973<person-group>
                  <string-name xmlns:xlink="http://www.w3.org/1999/xlink">
                     <surname>Funk</surname>
                  </string-name>
               </person-group>
               <source>We're an American Band</source>
               <year>1973</year>
            </mixed-citation>
         </ref>
         <ref id="d4128e1794a1310">
            <mixed-citation id="d4128e1798" publication-type="journal">
KC and the Sunshine Band, '(Shake Shake Shake) Shake Your Booty' (1976), The Disco Box, disc 2. Rhino R2
75595. 1999<person-group>
                  <string-name xmlns:xlink="http://www.w3.org/1999/xlink">
                     <surname>KC and the Sunshine Band</surname>
                  </string-name>
               </person-group>
               <source>The Disco Box</source>
               <year>1999</year>
            </mixed-citation>
         </ref>
         <ref id="d4128e1823a1310">
            <mixed-citation id="d4128e1827" publication-type="journal">
The Knack, 'My Sharona', Get the Knack. Capitol B000065CXQ. 1979<person-group>
                  <string-name xmlns:xlink="http://www.w3.org/1999/xlink">
                     <surname>The Knack</surname>
                  </string-name>
               </person-group>
               <source>Get the Knack</source>
               <year>1979</year>
            </mixed-citation>
         </ref>
         <ref id="d4128e1849a1310">
            <mixed-citation id="d4128e1853" publication-type="book">
Led Zeppelin, 'Stairway to Heaven', Led Zeppelin IV. Atlantic 82638. 1971<person-group>
                  <string-name xmlns:xlink="http://www.w3.org/1999/xlink">
                     <surname>Zeppelin</surname>
                  </string-name>
               </person-group>
               <comment content-type="section">Stairway to Heaven</comment>
               <source>Led Zeppelin IV</source>
               <year>1971</year>
            </mixed-citation>
         </ref>
         <ref id="d4128e1878a1310">
            <mixed-citation id="d4128e1882" publication-type="book">
Mott the Hoople, 'All the Young Dudes', All the Young Dudes. Sony 31750. 1972<person-group>
                  <string-name xmlns:xlink="http://www.w3.org/1999/xlink">
                     <surname>Mott the Hoople</surname>
                  </string-name>
               </person-group>
               <comment content-type="section">All the Young Dudes</comment>
               <source>All the Young Dudes</source>
               <year>1972</year>
            </mixed-citation>
         </ref>
         <ref id="d4128e1907a1310">
            <mixed-citation id="d4128e1911" publication-type="book">
Pet Shop Boys, 'It's a Sin', Actually. EMI 46972. 1987<person-group>
                  <string-name xmlns:xlink="http://www.w3.org/1999/xlink">
                     <surname>Pet Shop Boys</surname>
                  </string-name>
               </person-group>
               <comment content-type="section">It's a Sin</comment>
               <source>Actually</source>
               <year>1987</year>
            </mixed-citation>
         </ref>
         <ref id="d4128e1937a1310">
            <mixed-citation id="d4128e1941" publication-type="book">
Rolling Stones, 'Angie', Goats Head Soup. Virgin 39519. 1973<person-group>
                  <string-name xmlns:xlink="http://www.w3.org/1999/xlink">
                     <surname>Stones</surname>
                  </string-name>
               </person-group>
               <comment content-type="section">Angie</comment>
               <source>Goats Head Soup</source>
               <year>1973</year>
            </mixed-citation>
         </ref>
         <ref id="d4128e1966a1310">
            <mixed-citation id="d4128e1970" publication-type="book">
'It's Only Rock 'n' Roll', It's Only Rock 'n' Roll. Virgin 39522. 1974<comment content-type="section">It's Only Rock 'n' Roll</comment>
               <source>It's Only Rock 'n' Roll</source>
               <year>1974</year>
            </mixed-citation>
         </ref>
         <ref id="d4128e1986a1310">
            <mixed-citation id="d4128e1990" publication-type="book">
Sylvester, 'You Make Me Feel (Mighty Real)' (1978), The Disco Box, disc 3. Rhino R2 75595. 1999<person-group>
                  <string-name xmlns:xlink="http://www.w3.org/1999/xlink">
                     <surname>Sylvester</surname>
                  </string-name>
               </person-group>
               <comment content-type="section">You Make Me Feel (Mighty Real)' (1978)</comment>
               <source>The Disco Box</source>
               <year>1999</year>
            </mixed-citation>
         </ref>
         <ref id="d4128e2015a1310">
            <mixed-citation id="d4128e2019" publication-type="book">
Thin Lizzy, 'The Boys Are Back in Town', Jailbreak. Universal/Polygram B0000074 FG. 1976.<person-group>
                  <string-name xmlns:xlink="http://www.w3.org/1999/xlink">
                     <surname>Lizzy</surname>
                  </string-name>
               </person-group>
               <comment content-type="section">The Boys Are Back in Town</comment>
               <source>Jailbreak</source>
               <year>1976</year>
            </mixed-citation>
         </ref>
         <ref id="d4128e2044a1310">
            <mixed-citation id="d4128e2048" publication-type="book">
Vicki Sue Robinson, 'Turn the Beat Around' (1976), The Disco Years, vol. 1, 'Turn the Beat Around, 1974-78'.
Rhino R2 70984. 1990<person-group>
                  <string-name xmlns:xlink="http://www.w3.org/1999/xlink">
                     <surname>Robinson</surname>
                  </string-name>
               </person-group>
               <comment content-type="section">Turn the Beat Around' (1976)</comment>
               <fpage>70984</fpage>
               <volume>1</volume>
               <source>The Disco Years</source>
               <year>1990</year>
            </mixed-citation>
         </ref>
         <ref id="d4128e2083a1310">
            <mixed-citation id="d4128e2087" publication-type="book">
Weather Girls, 'It's Raining Men' (1982), The Disco Box, disc 4. Rhino R2 75595. 1999<person-group>
                  <string-name xmlns:xlink="http://www.w3.org/1999/xlink">
                     <surname>Weather Girls</surname>
                  </string-name>
               </person-group>
               <comment content-type="section">It's Raining Men' (1982)</comment>
               <source>The Disco Box</source>
               <year>1999</year>
            </mixed-citation>
         </ref>
      </ref-list>
   </back>
</article>
