<article dtd-version="1.0" article-type="research-article">
   <front>
      <journal-meta>
         <journal-id xmlns:xlink="http://www.w3.org/1999/xlink" journal-id-type="jstor">popularmusic</journal-id>
         <journal-id xmlns:xlink="http://www.w3.org/1999/xlink" journal-id-type="jstor">j100590</journal-id>
         <journal-title-group xmlns:xlink="http://www.w3.org/1999/xlink">
            <journal-title>Popular Music</journal-title>
         </journal-title-group>
         <publisher>
            <publisher-name>Cambridge University Press</publisher-name>
         </publisher>
         <issn xmlns:xlink="http://www.w3.org/1999/xlink" pub-type="ppub">02611430</issn>
         <issn xmlns:xlink="http://www.w3.org/1999/xlink" pub-type="epub">14740095</issn>
      </journal-meta>
      <article-meta>
         <article-id xmlns:xlink="http://www.w3.org/1999/xlink" pub-id-type="jstor">852881</article-id>
         <title-group>
            <article-title>Twins of Evil: An Investigation into the Aesthetics of Film Music</article-title>
         </title-group>
         <contrib-group>
            <contrib contrib-type="author">
               <string-name xmlns:xlink="http://www.w3.org/1999/xlink">
                  <given-names>David</given-names>
                  <surname>Huckvale</surname>
               </string-name>
            </contrib>
         </contrib-group>
         <pub-date xmlns:xlink="http://www.w3.org/1999/xlink">
            <day>1</day>
            <month>1</month>
            <year>1990</year>
         </pub-date>
         <volume>9</volume>
         <issue>1</issue>
         <issue-id xmlns:xlink="http://www.w3.org/1999/xlink">i235372</issue-id>
         <fpage>1</fpage>
         <lpage>35</lpage>
         <page-range>1-35</page-range>
         <permissions>
            <copyright-statement>Copyright 1990 Cambridge University Press</copyright-statement>
         </permissions>
         <self-uri xmlns:xlink="http://www.w3.org/1999/xlink"
                   xlink:href="http://www.jstor.org/stable/852881"/>
         <custom-meta-group xmlns:xlink="http://www.w3.org/1999/xlink">
            <custom-meta>
               <meta-name>lang</meta-name>
               <meta-value>eng</meta-value>
            </custom-meta>
         </custom-meta-group>
      </article-meta>
   </front>
   <back>
      <ref-list>
         <title>Endnotes</title>
         <ref id="d10897e150a1310">
            <label>1</label>
            <mixed-citation id="d10897e157" publication-type="other">
Harry Robinson are taken
from a private interview held on Thursday, 28th
May, 1987</mixed-citation>
         </ref>
         <ref id="d10897e170a1310">
            <label>2</label>
            <mixed-citation id="d10897e177" publication-type="other">
Dracula Has Risen From the
Grave produced in 1968</mixed-citation>
         </ref>
         <ref id="d10897e187a1310">
            <label>3</label>
            <mixed-citation id="d10897e194" publication-type="other">
Gutrune's
scene in Act III of Wagner's Götterddmmerung see
Huckvale 1988</mixed-citation>
         </ref>
         <ref id="d10897e207a1310">
            <label>4</label>
            <mixed-citation id="d10897e216" publication-type="book">
Gordon Jacob writes in his Orchestral Technique
(Oxford, 1940, p. 23)<person-group>
                  <string-name xmlns:xlink="http://www.w3.org/1999/xlink">
                     <surname>Jacob</surname>
                  </string-name>
               </person-group>
               <fpage>23</fpage>
               <source>Orchestral Technique</source>
               <year>1940</year>
            </mixed-citation>
            <mixed-citation id="d10897e244" publication-type="book">
Walter Piston
in Orchestration (London, 1961, p. 150)<person-group>
                  <string-name xmlns:xlink="http://www.w3.org/1999/xlink">
                     <surname>Piston</surname>
                  </string-name>
               </person-group>
               <fpage>150</fpage>
               <source>Orchestration</source>
               <year>1961</year>
            </mixed-citation>
         </ref>
         <ref id="d10897e274a1310">
            <label>5</label>
            <mixed-citation id="d10897e281" publication-type="book">
Philip Martell is quoted: 'On horrors as a rule
you need a lot of brass' (Buscombe 1976, p. 101,
note 4).<person-group>
                  <string-name xmlns:xlink="http://www.w3.org/1999/xlink">
                     <surname>Martell</surname>
                  </string-name>
               </person-group>
               <fpage>101</fpage>
               <source>On horrors as a rule you need a lot of brass</source>
               <year>1976</year>
            </mixed-citation>
         </ref>
         <ref id="d10897e313a1310">
            <label>6</label>
            <mixed-citation id="d10897e320" publication-type="book">
Sleeve note to soundtrack recording of John
William's score for Dracula (MCA Records, MCF
3018, 1979).<person-group>
                  <string-name xmlns:xlink="http://www.w3.org/1999/xlink">
                     <surname>Sleeve</surname>
                  </string-name>
               </person-group>
               <source>John William's score for Dracula</source>
               <year>1979</year>
            </mixed-citation>
         </ref>
      </ref-list>
      <ref-list>
         <title>References</title>
         <ref id="d10897e358a1310">
            <mixed-citation id="d10897e362" publication-type="book">
Adorno, Theodor. 1952. Versuch über Wagner (Frankfurt). English translation: In Search of Wagner (London,
1981), pp. 90-1<person-group>
                  <string-name xmlns:xlink="http://www.w3.org/1999/xlink">
                     <surname>Adorno</surname>
                  </string-name>
               </person-group>
               <comment content-type="section">Theodor</comment>
               <fpage>90</fpage>
               <source>In Search of Wagner</source>
               <year>1952</year>
            </mixed-citation>
         </ref>
         <ref id="d10897e394a1310">
            <mixed-citation id="d10897e398" publication-type="book">
Buscombe, Edward. 1976. Making 'Legend of the Werewolf' (London)<person-group>
                  <string-name xmlns:xlink="http://www.w3.org/1999/xlink">
                     <surname>Buscombe</surname>
                  </string-name>
               </person-group>
               <source>Legend of the Werewolf</source>
               <year>1976</year>
            </mixed-citation>
         </ref>
         <ref id="d10897e420a1310">
            <mixed-citation id="d10897e424" publication-type="book">
Eisler, Hans and Adorno, Theodor. 1948. Composing for Films (Oxford)<person-group>
                  <string-name xmlns:xlink="http://www.w3.org/1999/xlink">
                     <surname>Eisler</surname>
                  </string-name>
               </person-group>
               <source>Composing for Films</source>
               <year>1948</year>
            </mixed-citation>
         </ref>
         <ref id="d10897e446a1310">
            <mixed-citation id="d10897e450" publication-type="journal">
Higson, Andrew. 1984. Sound Cinema, Screen, 25 (1, Jan/Feb), p. 74<person-group>
                  <string-name xmlns:xlink="http://www.w3.org/1999/xlink">
                     <surname>Higson</surname>
                  </string-name>
               </person-group>
               <issue>1</issue>
               <fpage>74</fpage>
               <volume>25</volume>
               <source>Screen</source>
               <year>1984</year>
            </mixed-citation>
         </ref>
         <ref id="d10897e483a1310">
            <mixed-citation id="d10897e487" publication-type="journal">
Huckvale, D. 1988. 'Wagner and the mythology of film music', Wagner, 9 (2, April)<person-group>
                  <string-name xmlns:xlink="http://www.w3.org/1999/xlink">
                     <surname>Huckvale</surname>
                  </string-name>
               </person-group>
               <issue>2</issue>
               <volume>9</volume>
               <source>Wagner</source>
               <year>1988</year>
            </mixed-citation>
         </ref>
         <ref id="d10897e516a1310">
            <mixed-citation id="d10897e520" publication-type="book">
Koestler, Arthur. 1970. Darkness at Noon (Geneva)<person-group>
                  <string-name xmlns:xlink="http://www.w3.org/1999/xlink">
                     <surname>Koestler</surname>
                  </string-name>
               </person-group>
               <source>Darkness at Noon</source>
               <year>1970</year>
            </mixed-citation>
         </ref>
         <ref id="d10897e542a1310">
            <mixed-citation id="d10897e546" publication-type="book">
Lawrence, D. H. 1981. A Collier's Friday Night (Harmondsworth)<person-group>
                  <string-name xmlns:xlink="http://www.w3.org/1999/xlink">
                     <surname>Lawrence</surname>
                  </string-name>
               </person-group>
               <source>A Collier's Friday Night</source>
               <year>1981</year>
            </mixed-citation>
         </ref>
         <ref id="d10897e568a1310">
            <mixed-citation id="d10897e572" publication-type="book">
McCarty, C. (ed.). 1986. The Cue Sheet (Los Angeles)<person-group>
                  <string-name xmlns:xlink="http://www.w3.org/1999/xlink">
                     <surname>McCarty</surname>
                  </string-name>
               </person-group>
               <source>The Cue Sheet</source>
               <year>1986</year>
            </mixed-citation>
         </ref>
         <ref id="d10897e594a1310">
            <mixed-citation id="d10897e598" publication-type="book">
Metz, Christian. 1974. Film Language: A Semiotics of the Cinema (London)<person-group>
                  <string-name xmlns:xlink="http://www.w3.org/1999/xlink">
                     <surname>Metz</surname>
                  </string-name>
               </person-group>
               <source>Film Language: A Semiotics of the Cinema</source>
               <year>1974</year>
            </mixed-citation>
         </ref>
         <ref id="d10897e620a1310">
            <mixed-citation id="d10897e624" publication-type="book">
Tagg, Philip. 1979. Kojak: Fifty Seconds of TV Music (Gothenburg)<person-group>
                  <string-name xmlns:xlink="http://www.w3.org/1999/xlink">
                     <surname>Tagg</surname>
                  </string-name>
               </person-group>
               <source>Kojak: Fifty Seconds of TV Music</source>
               <year>1979</year>
            </mixed-citation>
         </ref>
         <ref id="d10897e647a1310">
            <mixed-citation id="d10897e651" publication-type="book">
Thomas, Tony. 1973. Making Music for the Movies (New York)<person-group>
                  <string-name xmlns:xlink="http://www.w3.org/1999/xlink">
                     <surname>Thomas</surname>
                  </string-name>
               </person-group>
               <source>Making Music for the Movies</source>
               <year>1973</year>
            </mixed-citation>
         </ref>
         <ref id="d10897e673a1310">
            <mixed-citation id="d10897e677" publication-type="book">
Wagner, Richard. 1859. Letter to Mathilde Wesendock, 29 October, in Selected Letters of Richard Wagner
(London, 1987, p. 475)<person-group>
                  <string-name xmlns:xlink="http://www.w3.org/1999/xlink">
                     <surname>Wagner</surname>
                  </string-name>
               </person-group>
               <fpage>475</fpage>
               <source>Letter to Mathilde Wesendock</source>
               <year>1987</year>
            </mixed-citation>
         </ref>
         <ref id="d10897e706a1310">
            <mixed-citation id="d10897e710" publication-type="book">
Wescott, S. D. 1985. Comprehensive Bibliography of Music for Film and Television (Detroit)<person-group>
                  <string-name xmlns:xlink="http://www.w3.org/1999/xlink">
                     <surname>Wescott</surname>
                  </string-name>
               </person-group>
               <source>Comprehensive Bibliography of Music for Film and Television</source>
               <year>1985</year>
            </mixed-citation>
         </ref>
      </ref-list>
   </back>
</article>
