<article dtd-version="1.0" article-type="research-article">
   <front>
      <journal-meta>
         <journal-id xmlns:xlink="http://www.w3.org/1999/xlink" journal-id-type="jstor">popularmusic</journal-id>
         <journal-id xmlns:xlink="http://www.w3.org/1999/xlink" journal-id-type="jstor">j100590</journal-id>
         <journal-title-group xmlns:xlink="http://www.w3.org/1999/xlink">
            <journal-title>Popular Music</journal-title>
         </journal-title-group>
         <publisher>
            <publisher-name>Cambridge University Press</publisher-name>
         </publisher>
         <issn xmlns:xlink="http://www.w3.org/1999/xlink" pub-type="ppub">02611430</issn>
         <issn xmlns:xlink="http://www.w3.org/1999/xlink" pub-type="epub">14740095</issn>
      </journal-meta>
      <article-meta>
         <article-id xmlns:xlink="http://www.w3.org/1999/xlink" pub-id-type="jstor">852920</article-id>
         <article-categories>
            <subj-group>
               <subject>Middle Eight</subject>
               <subj-group>
                  <subject>Debate</subject>
               </subj-group>
            </subj-group>
         </article-categories>
         <title-group>
            <article-title>Music Video and the Construction of Gendered Subjectivity (Or How Being a Music Video Junkie Turned Me into a Feminist)</article-title>
         </title-group>
         <contrib-group>
            <contrib contrib-type="author">
               <string-name xmlns:xlink="http://www.w3.org/1999/xlink">
                  <given-names>Jennifer M.</given-names>
                  <surname>Hurley</surname>
               </string-name>
            </contrib>
         </contrib-group>
         <pub-date xmlns:xlink="http://www.w3.org/1999/xlink">
            <day>1</day>
            <month>10</month>
            <year>1994</year>
         </pub-date>
         <volume>13</volume>
         <issue>3</issue>
         <issue-id xmlns:xlink="http://www.w3.org/1999/xlink">i235382</issue-id>
         <fpage>327</fpage>
         <lpage>338</lpage>
         <page-range>327-338</page-range>
         <permissions>
            <copyright-statement>Copyright 1994 Cambridge University Press</copyright-statement>
         </permissions>
         <self-uri xmlns:xlink="http://www.w3.org/1999/xlink"
                   xlink:href="http://www.jstor.org/stable/852920"/>
         <custom-meta-group xmlns:xlink="http://www.w3.org/1999/xlink">
            <custom-meta>
               <meta-name>lang</meta-name>
               <meta-value>eng</meta-value>
            </custom-meta>
         </custom-meta-group>
      </article-meta>
   </front>
   <back>
      <ref-list>
         <title>Endnotes</title>
         <ref id="d2612e129a1310">
            <label>4</label>
            <mixed-citation id="d2612e136" publication-type="other">
Australian
Broadcasting Corporation (ABC), from 1974 till
1987</mixed-citation>
            <mixed-citation id="d2612e148" publication-type="book">
Glad All Over The Countdown
Years 1974-1987, elsewhere in this issue<source>Glad All Over The Countdown Years 1974-1987</source>
               <year>1987</year>
            </mixed-citation>
            <mixed-citation id="d2612e163" publication-type="book">
S. Stockbridge
(1992, pp. 68-88)  <fpage>68</fpage>
            </mixed-citation>
         </ref>
         <ref id="d2612e178a1310">
            <label>5</label>
            <mixed-citation id="d2612e185" publication-type="journal">
Joan
Scott (1986)  </mixed-citation>
         </ref>
         <ref id="d2612e197a1310">
            <label>6</label>
            <mixed-citation id="d2612e206" publication-type="other">
1986, p.
82</mixed-citation>
            <mixed-citation id="d2612e215" publication-type="other">
ibid.,
pp. 86-8</mixed-citation>
         </ref>
      </ref-list>
      <ref-list>
         <title>References</title>
         <ref id="d2612e234a1310">
            <mixed-citation id="d2612e238" publication-type="journal">
Aufderheide, P. 1986. 'Music videos: the look of the sound', Journal of Communication, 36, 1, pp. 57-77<person-group>
                  <string-name xmlns:xlink="http://www.w3.org/1999/xlink">
                     <surname>Aufderheide</surname>
                  </string-name>
               </person-group>
               <issue>1</issue>
               <fpage>57</fpage>
               <volume>36</volume>
               <source>Journal of Communication</source>
               <year>1986</year>
            </mixed-citation>
         </ref>
         <ref id="d2612e270a1310">
            <mixed-citation id="d2612e274" publication-type="book">
Gilbert, P. and Taylor, S. 1991. Fashioning the Feminine: Girls, Popular Culture and Schooling (Sydney)<person-group>
                  <string-name xmlns:xlink="http://www.w3.org/1999/xlink">
                     <surname>Gilbert</surname>
                  </string-name>
               </person-group>
               <source>Fashioning the Feminine: Girls, Popular Culture and Schooling</source>
               <year>1991</year>
            </mixed-citation>
         </ref>
         <ref id="d2612e296a1310">
            <mixed-citation id="d2612e300" publication-type="book">
Giroux, H. and Simon, R. 1989. Popular Culture, Schooling and Everyday Life (Granby, USA)<person-group>
                  <string-name xmlns:xlink="http://www.w3.org/1999/xlink">
                     <surname>Giroux</surname>
                  </string-name>
               </person-group>
               <source>Popular Culture, Schooling and Everyday Life</source>
               <year>1989</year>
            </mixed-citation>
         </ref>
         <ref id="d2612e322a1310">
            <mixed-citation id="d2612e326" publication-type="book">
Haug, F. (ed) 1987. Female Sexualization (London)<person-group>
                  <string-name xmlns:xlink="http://www.w3.org/1999/xlink">
                     <surname>Haug</surname>
                  </string-name>
               </person-group>
               <source>Female Sexualization</source>
               <year>1987</year>
            </mixed-citation>
         </ref>
         <ref id="d2612e349a1310">
            <mixed-citation id="d2612e353" publication-type="journal">
Jhally, S. 1992. 'MTV, cultural politics and the sex wars: the strange &amp; illuminating case of
dreamworlds', Media Information Australia, 64, May, pp. 48-59<person-group>
                  <string-name xmlns:xlink="http://www.w3.org/1999/xlink">
                     <surname>Jhally</surname>
                  </string-name>
               </person-group>
               <issue>May</issue>
               <fpage>48</fpage>
               <volume>64</volume>
               <source>Media Information Australia</source>
               <year>1992</year>
            </mixed-citation>
         </ref>
         <ref id="d2612e388a1310">
            <mixed-citation id="d2612e392" publication-type="book">
Lewis, L. 1993. 'Being discovered: the emergence of female address on MTV', The Music Video Reader
ed. S. Frith et al. (London) pp. 129-52<person-group>
                  <string-name xmlns:xlink="http://www.w3.org/1999/xlink">
                     <surname>Lewis</surname>
                  </string-name>
               </person-group>
               <comment content-type="section">Being discovered: the emergence of female address on MTV</comment>
               <fpage>129</fpage>
               <source>The Music Video Reader</source>
               <year>1993</year>
            </mixed-citation>
         </ref>
         <ref id="d2612e424a1310">
            <mixed-citation id="d2612e428" publication-type="journal">
Scott, J. 1986. 'Gender: a useful category of historical analysis', The American Historical Review, 91, 5,
pp. 1053-75<object-id pub-id-type="doi">10.2307/1864376</object-id>
            </mixed-citation>
         </ref>
         <ref id="d2612e441a1310">
            <mixed-citation id="d2612e445" publication-type="journal">
Sherman, B. L. and Dominick, J. R. 1986. 'Violence and sex in music, videos: TV and rock 'n' roll,
Journal of Communication, 36, 1, pp. 79-93<person-group>
                  <string-name xmlns:xlink="http://www.w3.org/1999/xlink">
                     <surname>Sherman</surname>
                  </string-name>
               </person-group>
               <issue>1</issue>
               <fpage>79</fpage>
               <volume>36</volume>
               <source>Journal of Communication</source>
               <year>1986</year>
            </mixed-citation>
         </ref>
         <ref id="d2612e480a1310">
            <mixed-citation id="d2612e484" publication-type="book">
Stockbridge, S. 1992. 'Rock music on Australian TV', in From Pop to Punk to Postmodernism ed. P.
Hayward (Sydney), pp. 68-88<person-group>
                  <string-name xmlns:xlink="http://www.w3.org/1999/xlink">
                     <surname>Stockbridge</surname>
                  </string-name>
               </person-group>
               <comment content-type="section">Rock music on Australian TV</comment>
               <source>From Pop to Punk to Postmodernism</source>
               <year>1992</year>
            </mixed-citation>
         </ref>
         <ref id="d2612e513a1310">
            <mixed-citation id="d2612e517" publication-type="journal">
Sun, S.W. and Lull, J. 1986. The adolescent audience for music videos and why they watch', Journal
of Communication, 36, 1, pp. 115-25<person-group>
                  <string-name xmlns:xlink="http://www.w3.org/1999/xlink">
                     <surname>Sun</surname>
                  </string-name>
               </person-group>
               <issue>1</issue>
               <fpage>115</fpage>
               <volume>36</volume>
               <source>Journal of Communication</source>
               <year>1986</year>
            </mixed-citation>
         </ref>
      </ref-list>
   </back>
</article>
