<article dtd-version="1.0" article-type="research-article">
   <front>
      <journal-meta>
         <journal-id xmlns:xlink="http://www.w3.org/1999/xlink" journal-id-type="jstor">popularmusic</journal-id>
         <journal-id xmlns:xlink="http://www.w3.org/1999/xlink" journal-id-type="jstor">j100590</journal-id>
         <journal-title-group xmlns:xlink="http://www.w3.org/1999/xlink">
            <journal-title>Popular Music</journal-title>
         </journal-title-group>
         <publisher>
            <publisher-name>Cambridge University Press</publisher-name>
         </publisher>
         <issn xmlns:xlink="http://www.w3.org/1999/xlink" pub-type="ppub">02611430</issn>
         <issn xmlns:xlink="http://www.w3.org/1999/xlink" pub-type="epub">14740095</issn>
      </journal-meta>
      <article-meta>
         <article-id xmlns:xlink="http://www.w3.org/1999/xlink" pub-id-type="jstor">852960</article-id>
         <title-group>
            <article-title>Rock Musicians in Germany and Ideas for Their Promotion</article-title>
         </title-group>
         <contrib-group>
            <contrib contrib-type="author">
               <string-name xmlns:xlink="http://www.w3.org/1999/xlink">
                  <given-names>Reiner</given-names>
                  <surname>Niketta</surname>
               </string-name>
            </contrib>
         </contrib-group>
         <pub-date xmlns:xlink="http://www.w3.org/1999/xlink">
            <day>1</day>
            <month>10</month>
            <year>1998</year>
         </pub-date>
         <volume>17</volume>
         <issue>3</issue>
         <issue-id xmlns:xlink="http://www.w3.org/1999/xlink">i235391</issue-id>
         <fpage>311</fpage>
         <lpage>325</lpage>
         <page-range>311-325</page-range>
         <permissions>
            <copyright-statement>Copyright 1998 Cambridge University Press</copyright-statement>
         </permissions>
         <self-uri xmlns:xlink="http://www.w3.org/1999/xlink"
                   xlink:href="http://www.jstor.org/stable/852960"/>
         <custom-meta-group xmlns:xlink="http://www.w3.org/1999/xlink">
            <custom-meta>
               <meta-name>lang</meta-name>
               <meta-value>eng</meta-value>
            </custom-meta>
         </custom-meta-group>
      </article-meta>
   </front>
   <back>
      <ref-list>
         <title>References</title>
         <ref id="d972e123a1310">
            <mixed-citation id="d972e127" publication-type="book">
Bourdieu, P. 1979. La distinction. Critique sociale du jugement (Paris)<person-group>
                  <string-name xmlns:xlink="http://www.w3.org/1999/xlink">
                     <surname>Bourdieu</surname>
                  </string-name>
               </person-group>
               <comment content-type="section">La distinction</comment>
               <source>Critique sociale du jugement</source>
               <year>1979</year>
            </mixed-citation>
         </ref>
         <ref id="d972e152a1310">
            <mixed-citation id="d972e156" publication-type="book">
Bruhn, H. and Rósing, H. 1993. 'Amateurmusiker', in Musikpsychologie. Ein Handbuch, eds H. Bruhn, R.
Oerter and H. Rósing (Reinbek)<person-group>
                  <string-name xmlns:xlink="http://www.w3.org/1999/xlink">
                     <surname>Bruhn</surname>
                  </string-name>
               </person-group>
               <comment content-type="section">Amateurmusiker</comment>
               <source>Musikpsychologie. Ein Handbuch</source>
               <year>1993</year>
            </mixed-citation>
         </ref>
         <ref id="d972e185a1310">
            <mixed-citation id="d972e189" publication-type="book">
Clemens, M. 1983. 'Amateurmusiker in der Provinz. Materialien zur Sozialpsychologie von Amateurmu-
sikern', in Musikalische Teilkulturen (Musikpadagogische Forschung Bd. 4), ed. W. Kltippelholz (Laaber).<person-group>
                  <string-name xmlns:xlink="http://www.w3.org/1999/xlink">
                     <surname>Clemens</surname>
                  </string-name>
               </person-group>
               <comment content-type="section">Amateurmusiker in der Provinz. Materialien zur Sozialpsychologie von Amateurmusikern</comment>
               <volume>4</volume>
               <source>Musikalische Teilkulturen</source>
               <year>1983</year>
            </mixed-citation>
         </ref>
         <ref id="d972e221a1310">
            <mixed-citation id="d972e225" publication-type="book">
Dangschat, J. S. and Blasius, J. (eds) 1994. Lebensstile in den Stddten. Konzepte und Methoden (Opladen)<person-group>
                  <string-name xmlns:xlink="http://www.w3.org/1999/xlink">
                     <surname>Dangschat</surname>
                  </string-name>
               </person-group>
               <comment content-type="section">Lebensstile in den Stddten</comment>
               <source>Konzepte und Methode</source>
               <year>1994</year>
            </mixed-citation>
         </ref>
         <ref id="d972e251a1310">
            <mixed-citation id="d972e255" publication-type="book">
Dollase, R., Ruisenberg, M. and Stollenwerk, H. J. 1974. Rock People oder Die befragte Szene (Frankfurt/
Main)<person-group>
                  <string-name xmlns:xlink="http://www.w3.org/1999/xlink">
                     <surname>Dollase</surname>
                  </string-name>
               </person-group>
               <source>Rock People oder Die befragte Szene</source>
               <year>1974</year>
            </mixed-citation>
         </ref>
         <ref id="d972e280a1310">
            <mixed-citation id="d972e284" publication-type="book">
Ebbecke, K. and Liischper, P. 1987. Rockmusiker-Szene intern. Fakten und Anmerkungen zum Musikleben
einer industriellen Groj3stadt. Befragung Dortmunder Musiker (Dortmund)<person-group>
                  <string-name xmlns:xlink="http://www.w3.org/1999/xlink">
                     <surname>Ebbecke</surname>
                  </string-name>
               </person-group>
               <comment content-type="section">Rockmusiker-Szene intern</comment>
               <source>Fakten und Anmerkungen zum Musikleben einer industriellen Groj3stadt. Befragung Dortmunder Musiker</source>
               <year>1987</year>
            </mixed-citation>
         </ref>
         <ref id="d972e313a1310">
            <mixed-citation id="d972e317" publication-type="journal">
Groce, S. B. 1989. 'Occupational Rhetoric and Ideology: A Comparison of Copy and Original Music
Performers', Qualitative Sociology, 12, pp. 391-410<person-group>
                  <string-name xmlns:xlink="http://www.w3.org/1999/xlink">
                     <surname>Groce</surname>
                  </string-name>
               </person-group>
               <fpage>391</fpage>
               <volume>12</volume>
               <source>Qualitative Sociology</source>
               <year>1989</year>
            </mixed-citation>
         </ref>
         <ref id="d972e349a1310">
            <mixed-citation id="d972e353" publication-type="journal">
Groce, S. B. and Cooper, M. 1990. 'Just me and the boys? Women in local-level rock and roll', Gender
and Society, 4, pp. 220-29<object-id pub-id-type="jstor">10.2307/189613</object-id>
               <fpage>220</fpage>
            </mixed-citation>
         </ref>
         <ref id="d972e369a1310">
            <mixed-citation id="d972e373" publication-type="journal">
Groce, S. B. and Dowell, J. A. 1988. 'A comparison of group structures and processes in two local level
Rock 'n' Roll Bands', Popular Music and Society, 12, pp. 21-35<person-group>
                  <string-name xmlns:xlink="http://www.w3.org/1999/xlink">
                     <surname>Groce</surname>
                  </string-name>
               </person-group>
               <fpage>21</fpage>
               <volume>12</volume>
               <source>Popular Music and Society</source>
               <year>1988</year>
            </mixed-citation>
         </ref>
         <ref id="d972e405a1310">
            <mixed-citation id="d972e409" publication-type="journal">
Jones, K. and Harvey, P. A. 1980. 'Modeling the rock band and audience interaction', Free Inquiry in
Creative Sociology, 8, pp. 131-4<person-group>
                  <string-name xmlns:xlink="http://www.w3.org/1999/xlink">
                     <surname>Jones</surname>
                  </string-name>
               </person-group>
               <fpage>131</fpage>
               <volume>8</volume>
               <source>Free Inquiry in Creative Sociology</source>
               <year>1980</year>
            </mixed-citation>
         </ref>
         <ref id="d972e442a1310">
            <mixed-citation id="d972e446" publication-type="book">
Jost, E. 1987. 'Die Szene. Statements und Anmerkungen zu einem umstrittenen Begriff. Zusammenfas-
sung der Roundtable-Diskussion', in Beitraige zur Popularmusikforschung, ed. H. Rósing (Arbeitskreis
Stadium Populirer Musik)<person-group>
                  <string-name xmlns:xlink="http://www.w3.org/1999/xlink">
                     <surname>Jost</surname>
                  </string-name>
               </person-group>
               <comment content-type="section">Die Szene. Statements und Anmerkungen zu einem umstrittenen Begriff. Zusammenfassung der Roundtable-Diskussion</comment>
               <source>Beitraige zur Popularmusikforschung</source>
               <year>1987</year>
            </mixed-citation>
         </ref>
         <ref id="d972e478a1310">
            <mixed-citation id="d972e482" publication-type="book">
Niketta, R. 1985. 'Rockmusikgruppen', in Musikpsychologie. Ein Handbuch in Schliisselbegriffen, eds H.
Bruhn, R. Oerter and H. Rósing (Mtinchen)<person-group>
                  <string-name xmlns:xlink="http://www.w3.org/1999/xlink">
                     <surname>Niketta</surname>
                  </string-name>
               </person-group>
               <comment content-type="section">Rockmusikgruppen</comment>
               <source>Musikpsychologie. Ein Handbuch in Schliisselbegriffen</source>
               <year>1985</year>
            </mixed-citation>
            <mixed-citation id="d972e510" publication-type="journal">
1986. 'Music und Gruppenstrukturen von Rockmusikgruppen', Gruppendynamik, 17, pp. 95-105<person-group>
                  <string-name xmlns:xlink="http://www.w3.org/1999/xlink">
                     <surname>Niketta</surname>
                  </string-name>
               </person-group>
               <fpage>95</fpage>
               <volume>17</volume>
               <source>Gruppendynamik</source>
               <year>1986</year>
            </mixed-citation>
         </ref>
         <ref id="d972e539a1310">
            <mixed-citation id="d972e543" publication-type="book">
Niketta, R., Niepel, U. and Nonninger, S. 1983. 'Gruppenstrukturen in Rockmusikgruppen', in Musikalis-
che Teilkulturen (Musikpddagogische Forschung Bd. 4), ed. W. Kliippelholz (Laaber)<person-group>
                  <string-name xmlns:xlink="http://www.w3.org/1999/xlink">
                     <surname>Niketta</surname>
                  </string-name>
               </person-group>
               <comment content-type="section">Gruppenstrukturen in Rockmusikgruppen</comment>
               <volume>4</volume>
               <source>Musikalische Teilkulturen</source>
               <year>1983</year>
            </mixed-citation>
         </ref>
         <ref id="d972e575a1310">
            <mixed-citation id="d972e579" publication-type="book">
Niketta, R. and Volke, E. 1993. 'Weiterbildungsbedarf von Rockmusikern und Rockmusikerinnen', in
Musikvermittlung als Beruf (Musikpddagogische Forschung Bd. 14), ed. M. L. Schulten (Essen)<person-group>
                  <string-name xmlns:xlink="http://www.w3.org/1999/xlink">
                     <surname>Niketta</surname>
                  </string-name>
               </person-group>
               <comment content-type="section">Weiterbildungsbedarf von Rockmusikern und Rockmusikerinnen</comment>
               <volume>14</volume>
               <source>Musikvermittlung als Beruf</source>
               <year>1993</year>
            </mixed-citation>
         </ref>
         <ref id="d972e611a1310">
            <mixed-citation id="d972e615" publication-type="book">
Niketta, R., Volke, E. and Denger, S. 1994. 'Frauen lernen Rockmusic: Zur Evaluation der rocksie!-Work-
shops', in Musiklernen - Aneignung des Unbekannten (Musikpadagogische Forschung Bd. 15), ed. G. Olias
(Essen)<person-group>
                  <string-name xmlns:xlink="http://www.w3.org/1999/xlink">
                     <surname>Niketta</surname>
                  </string-name>
               </person-group>
               <comment content-type="section">Frauen lernen Rockmusic: Zur Evaluation der rocksie!-Workshops</comment>
               <volume>15</volume>
               <source>Musiklernen - Aneignung des Unbekannten</source>
               <year>1994</year>
            </mixed-citation>
         </ref>
         <ref id="d972e650a1310">
            <mixed-citation id="d972e654" publication-type="book">
Schiffer, B. 1996. Die Band. Stil und Asthetische Praxis im Jugendalter (Opladen)<person-group>
                  <string-name xmlns:xlink="http://www.w3.org/1999/xlink">
                     <surname>Schiffer</surname>
                  </string-name>
               </person-group>
               <comment content-type="section">Die Band</comment>
               <source>Stil und Asthetische Praxis im Jugendalter</source>
               <year>1996</year>
            </mixed-citation>
         </ref>
         <ref id="d972e680a1310">
            <mixed-citation id="d972e684" publication-type="journal">
Stebbins, R. A. 1977. 'The amateur: two sociological definitions', Pacific Sociological Review, 20, pp. 582-606<object-id pub-id-type="jstor">10.2307/1388717</object-id>
               <fpage>582</fpage>
            </mixed-citation>
         </ref>
         <ref id="d972e697a1310">
            <mixed-citation id="d972e701" publication-type="book">
Tennstedt, F. 1979. Rockmusik und Gruppenprozesse. Aufstieg und Abstieg der Petards. Mit musikalischen
Analysen von Gunter Kleinen (Miinchen)<person-group>
                  <string-name xmlns:xlink="http://www.w3.org/1999/xlink">
                     <surname>Tennstedt</surname>
                  </string-name>
               </person-group>
               <comment content-type="section">Rockmusik und Gruppenprozesse. Aufstieg und Abstieg der Petards</comment>
               <source>Mit musikalischen Analysen von Gunter Kleinen</source>
               <year>1979</year>
            </mixed-citation>
         </ref>
         <ref id="d972e730a1310">
            <mixed-citation id="d972e734" publication-type="book">
Weber, R. 1990. Rock '90. Perspektiven, Fakten und Meinungen sowie Arbeits- und Lebensbedingungen hanseat-
ischer Popularmusiker/innen (Hamburg)<person-group>
                  <string-name xmlns:xlink="http://www.w3.org/1999/xlink">
                     <surname>Weber</surname>
                  </string-name>
               </person-group>
               <comment content-type="section">Perspektiven</comment>
               <source>Fakten und Meinungen sowie Arbeits- und Lebensbedingungen hanseatischer Popularmusiker/innen</source>
               <year>1990</year>
            </mixed-citation>
         </ref>
         <ref id="d972e763a1310">
            <mixed-citation id="d972e767" publication-type="book">
Wills, G. and Cooper, G. L. 1988. Pressure Sensitive: Popular Musicians Under Stress (London)<person-group>
                  <string-name xmlns:xlink="http://www.w3.org/1999/xlink">
                     <surname>Wills</surname>
                  </string-name>
               </person-group>
               <source>Pressure Sensitive: Popular Musicians Under Stress</source>
               <year>1988</year>
            </mixed-citation>
         </ref>
         <ref id="d972e789a1310">
            <mixed-citation id="d972e793" publication-type="journal">
Zickenheiner, O. 1988. 'Forderung in Popularmusikbereich: Zur Aufgabenstellung und Arbeit der Fach-
kommission Popularmusik des Deutschen Musikrates', Musikforum, 29 (69), pp. 27-30<person-group>
                  <string-name xmlns:xlink="http://www.w3.org/1999/xlink">
                     <surname>Zickenheiner</surname>
                  </string-name>
               </person-group>
               <issue>69</issue>
               <fpage>27</fpage>
               <volume>29</volume>
               <source>Musikforum</source>
               <year>1988</year>
            </mixed-citation>
         </ref>
      </ref-list>
   </back>
</article>
