<article dtd-version="1.0" article-type="research-article">
   <front>
      <journal-meta>
         <journal-id xmlns:xlink="http://www.w3.org/1999/xlink" journal-id-type="jstor">popularmusic</journal-id>
         <journal-id xmlns:xlink="http://www.w3.org/1999/xlink" journal-id-type="jstor">j100590</journal-id>
         <journal-title-group xmlns:xlink="http://www.w3.org/1999/xlink">
            <journal-title>Popular Music</journal-title>
         </journal-title-group>
         <publisher>
            <publisher-name>Cambridge University Press</publisher-name>
         </publisher>
         <issn xmlns:xlink="http://www.w3.org/1999/xlink" pub-type="ppub">02611430</issn>
         <issn xmlns:xlink="http://www.w3.org/1999/xlink" pub-type="epub">14740095</issn>
      </journal-meta>
      <article-meta>
         <article-id xmlns:xlink="http://www.w3.org/1999/xlink" pub-id-type="jstor">853074</article-id>
         <title-group>
            <article-title>Is Your Love in Vain? - Dialectical Dilemmas in Bob Dylan's Recent Love Songs</article-title>
         </title-group>
         <contrib-group>
            <contrib contrib-type="author">
               <string-name xmlns:xlink="http://www.w3.org/1999/xlink">
                  <given-names>Michael</given-names>
                  <surname>Roos</surname>
               </string-name>
            </contrib>
            <contrib contrib-type="author">
               <string-name xmlns:xlink="http://www.w3.org/1999/xlink">
                  <given-names>Don</given-names>
                  <surname>O'Meara</surname>
               </string-name>
            </contrib>
         </contrib-group>
         <pub-date xmlns:xlink="http://www.w3.org/1999/xlink">
            <day>1</day>
            <month>1</month>
            <year>1988</year>
         </pub-date>
         <volume>7</volume>
         <issue>1</issue>
         <issue-id xmlns:xlink="http://www.w3.org/1999/xlink">i235367</issue-id>
         <fpage>35</fpage>
         <lpage>50</lpage>
         <page-range>35-50</page-range>
         <permissions>
            <copyright-statement>Copyright 1988 Cambridge University Press</copyright-statement>
         </permissions>
         <self-uri xmlns:xlink="http://www.w3.org/1999/xlink"
                   xlink:href="http://www.jstor.org/stable/853074"/>
         <custom-meta-group xmlns:xlink="http://www.w3.org/1999/xlink">
            <custom-meta>
               <meta-name>lang</meta-name>
               <meta-value>eng</meta-value>
            </custom-meta>
         </custom-meta-group>
      </article-meta>
   </front>
   <back>
      <ref-list>
         <title>References Books</title>
         <ref id="d1037e126a1310">
            <mixed-citation id="d1037e130" publication-type="journal">
Askham, J. 1976. 'Identity and stability within the marriage relationship', Journal of Marriage and the Family,
4, pp. 535-47<object-id pub-id-type="doi">10.2307/350422</object-id>
               <fpage>535</fpage>
            </mixed-citation>
         </ref>
         <ref id="d1037e146a1310">
            <mixed-citation id="d1037e150" publication-type="book">
Cooley, C. H. 1902. Human Nature and the Social Order (New York)<person-group>
                  <string-name xmlns:xlink="http://www.w3.org/1999/xlink">
                     <surname>Cooley</surname>
                  </string-name>
               </person-group>
               <source>Human Nature and the Social Order</source>
               <year>1902</year>
            </mixed-citation>
         </ref>
         <ref id="d1037e172a1310">
            <mixed-citation id="d1037e176" publication-type="book">
Erikson, E. 1970. Motivation and Personality (New York)<person-group>
                  <string-name xmlns:xlink="http://www.w3.org/1999/xlink">
                     <surname>Erikson</surname>
                  </string-name>
               </person-group>
               <source>Motivation and Personality</source>
               <year>1970</year>
            </mixed-citation>
         </ref>
         <ref id="d1037e198a1310">
            <mixed-citation id="d1037e202" publication-type="book">
La Gaipa, J. J. 1981. A systems approach to social relationships', in Personal Relationships, Vol. 1, ed. S.
Duck and R. Gilmour. (New York) pp. 67-90<person-group>
                  <string-name xmlns:xlink="http://www.w3.org/1999/xlink">
                     <surname>Gaipa</surname>
                  </string-name>
               </person-group>
               <comment content-type="section">A systems approach to social relationships</comment>
               <fpage>67</fpage>
               <volume>1</volume>
               <source>Personal Relationships</source>
               <year>1981</year>
            </mixed-citation>
         </ref>
         <ref id="d1037e238a1310">
            <mixed-citation id="d1037e242" publication-type="book">
Levinson, D. J. 1978. The Seasons of a Man's Life (New York)<person-group>
                  <string-name xmlns:xlink="http://www.w3.org/1999/xlink">
                     <surname>Levinson</surname>
                  </string-name>
               </person-group>
               <source>The Seasons of a Man's Life</source>
               <year>1978</year>
            </mixed-citation>
         </ref>
         <ref id="d1037e264a1310">
            <mixed-citation id="d1037e268" publication-type="journal">
Lewis, R. A. 1981. Emotional intimacy among men', Journal of Social Issues, 34, pp. 108-20<person-group>
                  <string-name xmlns:xlink="http://www.w3.org/1999/xlink">
                     <surname>Lewis</surname>
                  </string-name>
               </person-group>
               <fpage>108</fpage>
               <volume>34</volume>
               <source>Journal of Social Issues</source>
               <year>1981</year>
            </mixed-citation>
         </ref>
         <ref id="d1037e297a1310">
            <mixed-citation id="d1037e301" publication-type="book">
Pogrebin, L. C. 1987. Among Friends (New York)<person-group>
                  <string-name xmlns:xlink="http://www.w3.org/1999/xlink">
                     <surname>Pogrebin</surname>
                  </string-name>
               </person-group>
               <source>Among Friends</source>
               <year>1987</year>
            </mixed-citation>
         </ref>
         <ref id="d1037e323a1310">
            <mixed-citation id="d1037e327" publication-type="journal">
Rawlins, W. K. 1982. 'Cross sex friendship and the communicative management of sex role expectations',
Communication Quarterly, 30(Fall), pp. 343-52<person-group>
                  <string-name xmlns:xlink="http://www.w3.org/1999/xlink">
                     <surname>Rawlins</surname>
                  </string-name>
               </person-group>
               <issue>Fall</issue>
               <fpage>343</fpage>
               <volume>30</volume>
               <source>Communication Quarterly</source>
               <year>1982</year>
            </mixed-citation>
            <mixed-citation id="d1037e361" publication-type="book">
1983. 'Negotiating close friendship: the dialectic of conjunctive freedoms', Human Communication
Research, 9, pp. 255-66<person-group>
                  <string-name xmlns:xlink="http://www.w3.org/1999/xlink">
                     <surname>Rawlins</surname>
                  </string-name>
               </person-group>
               <comment content-type="section">Negotiating close friendship: the dialectic of conjunctive freedoms</comment>
               <fpage>255</fpage>
               <volume>9</volume>
               <source>Human Communication Research</source>
               <year>1983</year>
            </mixed-citation>
         </ref>
         <ref id="d1037e396a1310">
            <mixed-citation id="d1037e400" publication-type="book">
Rubin, L. B. 1983. Intimate Strangers: Men and Women Together (New York)<person-group>
                  <string-name xmlns:xlink="http://www.w3.org/1999/xlink">
                     <surname>Rubin</surname>
                  </string-name>
               </person-group>
               <source>Intimate Strangers: Men and Women Together</source>
               <year>1983</year>
            </mixed-citation>
         </ref>
         <ref id="d1037e422a1310">
            <mixed-citation id="d1037e426" publication-type="journal">
Seeman, M. 1959. 'On the meaning of alienation', American Sociological Review, 24, pp. 783-9<object-id pub-id-type="doi">10.2307/2088565</object-id>
               <fpage>783</fpage>
            </mixed-citation>
         </ref>
         <ref id="d1037e440a1310">
            <mixed-citation id="d1037e444" publication-type="journal">
Sternberg, R. J. and Grajeh, S. 1984. 'The nature of love', Journal of Personality and Social Psychology, 47, pp.
312-29<person-group>
                  <string-name xmlns:xlink="http://www.w3.org/1999/xlink">
                     <surname>Sternberg</surname>
                  </string-name>
               </person-group>
               <fpage>312</fpage>
               <volume>47</volume>
               <source>Journal of Personality and Social Psychology</source>
               <year>1984</year>
            </mixed-citation>
         </ref>
      </ref-list>
      <ref-list>
         <title>Discography</title>
         <ref id="d1037e485a1310">
            <mixed-citation id="d1037e489" publication-type="other">
Dylan, B. 1965. Highway 61 Revisited. Columbia Records, CS 9198</mixed-citation>
         </ref>
         <ref id="d1037e496a1310">
            <mixed-citation id="d1037e500" publication-type="other">
1966. Blonde on Blonde. Columbia Records, CS 9841</mixed-citation>
         </ref>
         <ref id="d1037e507a1310">
            <mixed-citation id="d1037e511" publication-type="other">
1970. New Morning. Columbia Records, KC 30290</mixed-citation>
         </ref>
         <ref id="d1037e518a1310">
            <mixed-citation id="d1037e522" publication-type="other">
1971. Bob Dylan's Greatest Hits, Vol. II. Columbia Records, KG 31120</mixed-citation>
         </ref>
         <ref id="d1037e530a1310">
            <mixed-citation id="d1037e534" publication-type="other">
1974. Planet Waves. Asylum Records, 7E-1003</mixed-citation>
         </ref>
         <ref id="d1037e541a1310">
            <mixed-citation id="d1037e545" publication-type="other">
1974. Blood on the Tracks. Columbia Records, PC 33235</mixed-citation>
         </ref>
         <ref id="d1037e552a1310">
            <mixed-citation id="d1037e556" publication-type="other">
1981. Shot of Love. Columbia Records, TC 37496</mixed-citation>
         </ref>
         <ref id="d1037e563a1310">
            <mixed-citation id="d1037e567" publication-type="other">
1983. Infidels. Columbia Records, QC 38819</mixed-citation>
         </ref>
      </ref-list>
   </back>
</article>
