<article dtd-version="1.0" article-type="research-article">
   <front>
      <journal-meta>
         <journal-id xmlns:xlink="http://www.w3.org/1999/xlink" journal-id-type="jstor">popularmusic</journal-id>
         <journal-id xmlns:xlink="http://www.w3.org/1999/xlink" journal-id-type="jstor">j100590</journal-id>
         <journal-title-group xmlns:xlink="http://www.w3.org/1999/xlink">
            <journal-title>Popular Music</journal-title>
         </journal-title-group>
         <publisher>
            <publisher-name>Cambridge University Press</publisher-name>
         </publisher>
         <issn xmlns:xlink="http://www.w3.org/1999/xlink" pub-type="ppub">02611430</issn>
         <issn xmlns:xlink="http://www.w3.org/1999/xlink" pub-type="epub">14740095</issn>
      </journal-meta>
      <article-meta>
         <article-id xmlns:xlink="http://www.w3.org/1999/xlink" pub-id-type="jstor">853028</article-id>
         <title-group>
            <article-title>'You [Still] Have to Fight for Your Right to Party': Music Television as Billboards of Post-Modern Difference</article-title>
         </title-group>
         <contrib-group>
            <contrib contrib-type="author">
               <string-name xmlns:xlink="http://www.w3.org/1999/xlink">
                  <given-names>Lawrence</given-names>
                  <surname>Grossberg</surname>
               </string-name>
            </contrib>
         </contrib-group>
         <pub-date xmlns:xlink="http://www.w3.org/1999/xlink">
            <day>1</day>
            <month>10</month>
            <year>1988</year>
         </pub-date>
         <volume>7</volume>
         <issue>3</issue>
         <issue-id xmlns:xlink="http://www.w3.org/1999/xlink">i235369</issue-id>
         <fpage>315</fpage>
         <lpage>332</lpage>
         <page-range>315-332</page-range>
         <permissions>
            <copyright-statement>Copyright 1988 Cambridge University Press</copyright-statement>
         </permissions>
         <self-uri xmlns:xlink="http://www.w3.org/1999/xlink"
                   xlink:href="http://www.jstor.org/stable/853028"/>
         <custom-meta-group xmlns:xlink="http://www.w3.org/1999/xlink">
            <custom-meta>
               <meta-name>lang</meta-name>
               <meta-value>eng</meta-value>
            </custom-meta>
         </custom-meta-group>
      </article-meta>
   </front>
   <back>
      <ref-list>
         <title>Endnotes</title>
         <ref id="d6930e123a1310">
            <label>3</label>
            <mixed-citation id="d6930e130" publication-type="partial">
Gross-
berg (1988)</mixed-citation>
            <mixed-citation id="d6930e139" publication-type="partial">
Grossberg (1987A)</mixed-citation>
            <mixed-citation id="d6930e145" publication-type="partial">
Grossberg
(forthcoming A and B)</mixed-citation>
         </ref>
         <ref id="d6930e155a1310">
            <label>4</label>
            <mixed-citation id="d6930e164" publication-type="partial">
Grossberg
(1987B)</mixed-citation>
            <mixed-citation id="d6930e173" publication-type="journal">
Morris (1988)  </mixed-citation>
         </ref>
      </ref-list>
      <ref-list>
         <title>References</title>
         <ref id="d6930e191a1310">
            <mixed-citation id="d6930e195" publication-type="book">
Bloom, Allan 1987. The Closing of the American Mind (New York: Simon and Schuster)<person-group>
                  <string-name xmlns:xlink="http://www.w3.org/1999/xlink">
                     <surname>Bloom</surname>
                  </string-name>
               </person-group>
               <source>The Closing of the American Mind</source>
               <year>1987</year>
            </mixed-citation>
         </ref>
         <ref id="d6930e217a1310">
            <mixed-citation id="d6930e221" publication-type="book">
Frith, Simon 1988. 'Picking up the pieces', in Facing the Music, ed. Simon Frith (New York: Pantheon)<person-group>
                  <string-name xmlns:xlink="http://www.w3.org/1999/xlink">
                     <surname>Frith</surname>
                  </string-name>
               </person-group>
               <comment content-type="section">Picking up the pieces</comment>
               <source>Facing the Music</source>
               <year>1988</year>
            </mixed-citation>
         </ref>
         <ref id="d6930e246a1310">
            <mixed-citation id="d6930e250" publication-type="book">
Gore, Tipper 1987. Raising PG Kids in an X-Rated Society (Nashville: Abingdon Press)<person-group>
                  <string-name xmlns:xlink="http://www.w3.org/1999/xlink">
                     <surname>Gore</surname>
                  </string-name>
               </person-group>
               <source>Raising PG Kids in an X-Rated Society</source>
               <year>1987</year>
            </mixed-citation>
         </ref>
         <ref id="d6930e272a1310">
            <mixed-citation id="d6930e276" publication-type="book">
Grossberg, Lawrence 1987A. 'Rock and roll in search of an audience or, Taking fun (too?) seriously', in
Popular Music and Communication, ed. James Lull (Beverly Hills: Sage)<person-group>
                  <string-name xmlns:xlink="http://www.w3.org/1999/xlink">
                     <surname>Grossberg</surname>
                  </string-name>
               </person-group>
               <comment content-type="section">Rock and roll in search of an audience or, Taking fun (too?) seriously</comment>
               <source>Popular Music and Communication</source>
               <year>1987</year>
            </mixed-citation>
         </ref>
         <ref id="d6930e306a1310">
            <mixed-citation id="d6930e310" publication-type="journal">
Grossberg, Lawrence 1987B. 'The in-difference of television', Screen, 28<person-group>
                  <string-name xmlns:xlink="http://www.w3.org/1999/xlink">
                     <surname>Grossberg</surname>
                  </string-name>
               </person-group>
               <fpage>28</fpage>
               <source>Screen</source>
               <year>1987</year>
            </mixed-citation>
         </ref>
         <ref id="d6930e335a1310">
            <mixed-citation id="d6930e339" publication-type="journal">
Grossberg, Lawrence 1988. 'Postmodernity and affect: All dressed up with no place to go', Communication,
10<person-group>
                  <string-name xmlns:xlink="http://www.w3.org/1999/xlink">
                     <surname>Grossberg</surname>
                  </string-name>
               </person-group>
               <fpage>10</fpage>
               <source>Communication</source>
               <year>1988</year>
            </mixed-citation>
         </ref>
         <ref id="d6930e368a1310">
            <mixed-citation id="d6930e372" publication-type="book">
Grossberg, Lawrence Forthcoming A. 'Putting the pop back into postmodernism', in Universal Abandon?
The Politics of Postmodernism, ed. Andrew Ross (Minneapolis: University of Minnesota Press)<person-group>
                  <string-name xmlns:xlink="http://www.w3.org/1999/xlink">
                     <surname>Grossberg</surname>
                  </string-name>
               </person-group>
               <comment content-type="section">Putting the pop back into postmodernism</comment>
               <source>Universal Abandon? The Politics of Postmodernism</source>
            </mixed-citation>
         </ref>
         <ref id="d6930e397a1310">
            <mixed-citation id="d6930e401" publication-type="book">
Grossberg, Lawrence Forthcoming B. 'Pedagogy in the age of Reagan: Politics, postmodernity and the
popular', in Critical Pedagogy and Popular Culture, ed. Henry Giroux and Roger Simon (New York:
Bergin and Garvey)<person-group>
                  <string-name xmlns:xlink="http://www.w3.org/1999/xlink">
                     <surname>Grossberg</surname>
                  </string-name>
               </person-group>
               <comment content-type="section">Pedagogy in the age of Reagan: Politics, postmodernity and the popular</comment>
               <source>Critical Pedagogy and Popular Culture</source>
            </mixed-citation>
         </ref>
         <ref id="d6930e430a1310">
            <mixed-citation id="d6930e434" publication-type="journal">
Morris, Meaghan 1988. 'At Henry Parkes Motel', Cultural Studies, 2(1)<person-group>
                  <string-name xmlns:xlink="http://www.w3.org/1999/xlink">
                     <surname>Morris</surname>
                  </string-name>
               </person-group>
               <issue>1</issue>
               <volume>2</volume>
               <source>Cultural Studies</source>
               <year>1988</year>
            </mixed-citation>
         </ref>
      </ref-list>
   </back>
</article>
