<article dtd-version="1.0" article-type="research-article">
   <front>
      <journal-meta>
         <journal-id xmlns:xlink="http://www.w3.org/1999/xlink" journal-id-type="jstor">popularmusic</journal-id>
         <journal-id xmlns:xlink="http://www.w3.org/1999/xlink" journal-id-type="jstor">j100590</journal-id>
         <journal-title-group xmlns:xlink="http://www.w3.org/1999/xlink">
            <journal-title>Popular Music</journal-title>
         </journal-title-group>
         <publisher>
            <publisher-name>Cambridge University Press</publisher-name>
         </publisher>
         <issn xmlns:xlink="http://www.w3.org/1999/xlink" pub-type="ppub">02611430</issn>
         <issn xmlns:xlink="http://www.w3.org/1999/xlink" pub-type="epub">14740095</issn>
      </journal-meta>
      <article-meta>
         <article-id xmlns:xlink="http://www.w3.org/1999/xlink" pub-id-type="jstor">853166</article-id>
         <title-group>
            <article-title>Rock and Rebellion: Subversive Effects of Live Aid and 'Sun City'</article-title>
         </title-group>
         <contrib-group>
            <contrib contrib-type="author">
               <string-name xmlns:xlink="http://www.w3.org/1999/xlink">
                  <given-names>Neal</given-names>
                  <surname>Ullestad</surname>
               </string-name>
            </contrib>
         </contrib-group>
         <pub-date xmlns:xlink="http://www.w3.org/1999/xlink">
            <day>1</day>
            <month>1</month>
            <year>1987</year>
         </pub-date>
         <volume>6</volume>
         <issue>1</issue>
         <issue-id xmlns:xlink="http://www.w3.org/1999/xlink">i235364</issue-id>
         <fpage>67</fpage>
         <lpage>76</lpage>
         <page-range>67-76</page-range>
         <permissions>
            <copyright-statement>Copyright 1987 Cambridge University Press</copyright-statement>
         </permissions>
         <self-uri xmlns:xlink="http://www.w3.org/1999/xlink"
                   xlink:href="http://www.jstor.org/stable/853166"/>
         <custom-meta-group xmlns:xlink="http://www.w3.org/1999/xlink">
            <custom-meta>
               <meta-name>lang</meta-name>
               <meta-value>eng</meta-value>
            </custom-meta>
         </custom-meta-group>
      </article-meta>
   </front>
   <back>
      <ref-list>
         <title>References: Books and articles</title>
         <ref id="d8687e114a1310">
            <mixed-citation id="d8687e118" publication-type="book">
Barthes, R. 1972. 'Myth today', in Mythologies (New York), pp. 109-59<person-group>
                  <string-name xmlns:xlink="http://www.w3.org/1999/xlink">
                     <surname>Barthes</surname>
                  </string-name>
               </person-group>
               <comment content-type="section">Myth today</comment>
               <fpage>109</fpage>
               <source>Mythologies</source>
               <year>1972</year>
            </mixed-citation>
         </ref>
         <ref id="d8687e147a1310">
            <mixed-citation id="d8687e151" publication-type="book">
Benjamin, W. 1968. 'Theses on the philosophy of history', in Illuminations (New York)<person-group>
                  <string-name xmlns:xlink="http://www.w3.org/1999/xlink">
                     <surname>Benjamin</surname>
                  </string-name>
               </person-group>
               <comment content-type="section">Theses on the philosophy of history</comment>
               <source>Illuminations</source>
               <year>1968</year>
            </mixed-citation>
         </ref>
         <ref id="d8687e176a1310">
            <mixed-citation id="d8687e180" publication-type="journal">
Chambers, I. 1982. 'Some critical tracks', Popular Music, 2 (Cambridge), pp. 19-36<object-id pub-id-type="jstor">10.2307/852974</object-id>
               <fpage>19</fpage>
            </mixed-citation>
         </ref>
         <ref id="d8687e193a1310">
            <mixed-citation id="d8687e197" publication-type="journal">
Frith, S. 1986. 'Crappy birthday to punk', In These Times, 10:21 (April 23-29) (Chicago), p. 20<person-group>
                  <string-name xmlns:xlink="http://www.w3.org/1999/xlink">
                     <surname>Frith</surname>
                  </string-name>
               </person-group>
               <issue>21</issue>
               <fpage>20</fpage>
               <volume>10</volume>
               <source>These Times</source>
               <year>1986</year>
            </mixed-citation>
         </ref>
         <ref id="d8687e230a1310">
            <mixed-citation id="d8687e234" publication-type="book">
Gitlin, T. 1980. The Whole World is Watching: Mass Media in the Making and Unmaking of the New Left (Berkeley)<person-group>
                  <string-name xmlns:xlink="http://www.w3.org/1999/xlink">
                     <surname>Gitlin</surname>
                  </string-name>
               </person-group>
               <source>The Whole World is Watching: Mass Media in the Making and Unmaking of the New Left</source>
               <year>1980</year>
            </mixed-citation>
         </ref>
         <ref id="d8687e256a1310">
            <mixed-citation id="d8687e260" publication-type="journal">
Grossberg, L. 1984. 'Another boring day in paradise: rock and roll and the empowerment of everyday
life', Popular Music, 4 (Cambridge), pp. 225-58<object-id pub-id-type="jstor">10.2307/853365</object-id>
               <fpage>225</fpage>
            </mixed-citation>
            <mixed-citation id="d8687e275" publication-type="book">
1985. 'Farm Aid: the politics of music, media and morality', photocopy (Champaign)<person-group>
                  <string-name xmlns:xlink="http://www.w3.org/1999/xlink">
                     <surname>Grossberg</surname>
                  </string-name>
               </person-group>
               <source>Farm Aid: the politics of music, media and morality</source>
               <year>1985</year>
            </mixed-citation>
         </ref>
         <ref id="d8687e297a1310">
            <mixed-citation id="d8687e301" publication-type="book">
Hall, S. 1977. 'Culture, the media and the 'ideological effect', in Mass Communication and Society, ed.
J. Curran, M. Gurevitch and J. Woollacott (London), pp. 315-48<person-group>
                  <string-name xmlns:xlink="http://www.w3.org/1999/xlink">
                     <surname>Hall</surname>
                  </string-name>
               </person-group>
               <comment content-type="section">Culture, the media and the 'ideological effect</comment>
               <fpage>315</fpage>
               <source>Mass Communication and Society</source>
               <year>1977</year>
            </mixed-citation>
         </ref>
         <ref id="d8687e333a1310">
            <mixed-citation id="d8687e337" publication-type="book">
Johnson, P. 1984. Marxist Aesthetics (Boston)<person-group>
                  <string-name xmlns:xlink="http://www.w3.org/1999/xlink">
                     <surname>Johnson</surname>
                  </string-name>
               </person-group>
               <source>Marxist Aesthetics</source>
               <year>1984</year>
            </mixed-citation>
         </ref>
         <ref id="d8687e359a1310">
            <mixed-citation id="d8687e363" publication-type="journal">
Marsh, D. 1986. Rock &amp; Roll Confidential, 32 (January), p. 2<person-group>
                  <string-name xmlns:xlink="http://www.w3.org/1999/xlink">
                     <surname>Marsh</surname>
                  </string-name>
               </person-group>
               <issue>January</issue>
               <fpage>2</fpage>
               <volume>32</volume>
               <source>Rock &amp; Roll Confidential</source>
               <year>1986</year>
            </mixed-citation>
         </ref>
         <ref id="d8687e395a1310">
            <mixed-citation id="d8687e399" publication-type="book">
Therborn, G. 1980. 'The social order of ideologies', in The Ideology of Power and the Power of Ideology
(London)<person-group>
                  <string-name xmlns:xlink="http://www.w3.org/1999/xlink">
                     <surname>Therborn</surname>
                  </string-name>
               </person-group>
               <comment content-type="section">The social order of ideologies</comment>
               <source>The Ideology of Power and the Power of Ideology</source>
               <year>1980</year>
            </mixed-citation>
         </ref>
         <ref id="d8687e429a1310">
            <mixed-citation id="d8687e433" publication-type="book">
Williams, R. 1977. Marxism and Literature (Oxford)<person-group>
                  <string-name xmlns:xlink="http://www.w3.org/1999/xlink">
                     <surname>Williams</surname>
                  </string-name>
               </person-group>
               <source>Marxism and Literature</source>
               <year>1977</year>
            </mixed-citation>
         </ref>
      </ref-list>
      <ref-list>
         <title>Records</title>
         <ref id="d8687e464a1310">
            <mixed-citation id="d8687e468" publication-type="book">
Artists United Against Apartheid. 1985. Sun City, Manhattan/Capitol ST53019, produced by Little Steven
and Arthur Baker<person-group>
                  <string-name xmlns:xlink="http://www.w3.org/1999/xlink">
                     <surname>Artists United Against Apartheid</surname>
                  </string-name>
               </person-group>
               <source>Sun City</source>
               <year>1985</year>
            </mixed-citation>
         </ref>
         <ref id="d8687e493a1310">
            <mixed-citation id="d8687e497" publication-type="book">
Benatar, Pat. 1983. 'Love is a Battlefield', Live from Earth, Chrysalis FV41444<person-group>
                  <string-name xmlns:xlink="http://www.w3.org/1999/xlink">
                     <surname>Benatar</surname>
                  </string-name>
               </person-group>
               <comment content-type="section">Love is a Battlefield</comment>
               <source>Live from Earth</source>
               <year>1983</year>
            </mixed-citation>
         </ref>
         <ref id="d8687e522a1310">
            <mixed-citation id="d8687e526" publication-type="book">
King Dream Chorus &amp; Holiday Crew. 1986. 'King Holiday', Mercury/Polygram 884 442-7, produced by
Dexter Scott King, Phillip Jones and Kurtis Blow<person-group>
                  <string-name xmlns:xlink="http://www.w3.org/1999/xlink">
                     <surname>Chorus</surname>
                  </string-name>
               </person-group>
               <source>King Holiday</source>
               <year>1986</year>
            </mixed-citation>
         </ref>
         <ref id="d8687e551a1310">
            <mixed-citation id="d8687e555" publication-type="book">
Lennon, John. 1971. 'Gimme Some Truth', Imagine, Apple 3379<person-group>
                  <string-name xmlns:xlink="http://www.w3.org/1999/xlink">
                     <surname>Lennon</surname>
                  </string-name>
               </person-group>
               <comment content-type="section">Gimme Some Truth</comment>
               <source>Imagine</source>
               <year>1971</year>
            </mixed-citation>
         </ref>
         <ref id="d8687e581a1310">
            <mixed-citation id="d8687e585" publication-type="book">
UB40. 1984. 'I'm Not Fooled So Easily', Geffery Morgan ..., DEP International/New Claims A&amp;M SP5033<person-group>
                  <string-name xmlns:xlink="http://www.w3.org/1999/xlink">
                     <surname>Ub40</surname>
                  </string-name>
               </person-group>
               <comment content-type="section">I'm Not Fooled So Easily</comment>
               <source>Geffery Morgan ...</source>
               <year>1984</year>
            </mixed-citation>
         </ref>
      </ref-list>
   </back>
</article>
