<article dtd-version="1.0" article-type="research-article">
   <front>
      <journal-meta>
         <journal-id xmlns:xlink="http://www.w3.org/1999/xlink" journal-id-type="jstor">popularmusic</journal-id>
         <journal-id xmlns:xlink="http://www.w3.org/1999/xlink" journal-id-type="jstor">j100590</journal-id>
         <journal-title-group xmlns:xlink="http://www.w3.org/1999/xlink">
            <journal-title>Popular Music</journal-title>
         </journal-title-group>
         <publisher>
            <publisher-name>Cambridge University Press</publisher-name>
         </publisher>
         <issn xmlns:xlink="http://www.w3.org/1999/xlink" pub-type="ppub">02611430</issn>
         <issn xmlns:xlink="http://www.w3.org/1999/xlink" pub-type="epub">14740095</issn>
      </journal-meta>
      <article-meta>
         <article-id xmlns:xlink="http://www.w3.org/1999/xlink" pub-id-type="jstor">853102</article-id>
         <article-categories>
            <subj-group>
               <subject>Part 3. Modes of Musical Production</subject>
            </subj-group>
         </article-categories>
         <title-group>
            <article-title>'Play It Again Sam': Some Notes on the Productivity of Repetition in Popular Music</article-title>
         </title-group>
         <contrib-group>
            <contrib contrib-type="author">
               <string-name xmlns:xlink="http://www.w3.org/1999/xlink">
                  <given-names>Richard</given-names>
                  <surname>Middleton</surname>
               </string-name>
            </contrib>
         </contrib-group>
         <pub-date xmlns:xlink="http://www.w3.org/1999/xlink">
            <day>1</day>
            <month>1</month>
            <year>1983</year>
         </pub-date>
         <volume>3</volume>
         <issue-id xmlns:xlink="http://www.w3.org/1999/xlink">i235361</issue-id>
         <fpage>235</fpage>
         <lpage>270</lpage>
         <page-range>235-270</page-range>
         <permissions>
            <copyright-statement>Copyright 1983 Cambridge University Press</copyright-statement>
         </permissions>
         <self-uri xmlns:xlink="http://www.w3.org/1999/xlink"
                   xlink:href="http://www.jstor.org/stable/853102"/>
         <custom-meta-group xmlns:xlink="http://www.w3.org/1999/xlink">
            <custom-meta>
               <meta-name>lang</meta-name>
               <meta-value>eng</meta-value>
            </custom-meta>
         </custom-meta-group>
      </article-meta>
   </front>
   <back>
      <fn-group xmlns:xlink="http://www.w3.org/1999/xlink">
         <title>[Footnotes]</title>
         <fn id="d2976e123a1310">
            <label>*</label>
            <p>
               <mixed-citation id="d2976e130" publication-type="book">
Freud's Triebe  </mixed-citation>
            </p>
         </fn>
      </fn-group>
      <ref-list>
         <title>References</title>
         <ref id="d2976e148a1310">
            <mixed-citation id="d2976e152" publication-type="journal">
Adorno, T. W. 1941. 'On popular music', Studies in Philosophy and Social
Sciences, 9, pp. 17-48<person-group>
                  <string-name xmlns:xlink="http://www.w3.org/1999/xlink">
                     <surname>Adorno</surname>
                  </string-name>
               </person-group>
               <fpage>17</fpage>
               <volume>9</volume>
               <source>Studies in Philosophy and Social Sciences</source>
               <year>1941</year>
            </mixed-citation>
            <mixed-citation id="d2976e183" publication-type="book">
1973. Philosophy of Modern Music, trans. Anne G. Mitchell and Wesley V.
Bloomster (London)<person-group>
                  <string-name xmlns:xlink="http://www.w3.org/1999/xlink">
                     <surname>Adorno</surname>
                  </string-name>
               </person-group>
               <source>Philosophy of Modern Music</source>
               <year>1973</year>
            </mixed-citation>
         </ref>
         <ref id="d2976e208a1310">
            <mixed-citation id="d2976e212" publication-type="journal">
Avron, D. 1972. 'Vers une metapsychologie de la musique', Musique en Jeu, 9,
pp. 102-10<person-group>
                  <string-name xmlns:xlink="http://www.w3.org/1999/xlink">
                     <surname>Avron</surname>
                  </string-name>
               </person-group>
               <fpage>102</fpage>
               <volume>9</volume>
               <source>Musique en Jeu</source>
               <year>1972</year>
            </mixed-citation>
         </ref>
         <ref id="d2976e244a1310">
            <mixed-citation id="d2976e248" publication-type="book">
Barthes, R. 1977. Image-Music-Text, trans. Stephen Heath (London)<person-group>
                  <string-name xmlns:xlink="http://www.w3.org/1999/xlink">
                     <surname>Barthes</surname>
                  </string-name>
               </person-group>
               <source>Image-Music-Text</source>
               <year>1977</year>
            </mixed-citation>
         </ref>
         <ref id="d2976e270a1310">
            <mixed-citation id="d2976e274" publication-type="book">
Brown, N. O. 1959. Life against Death (London)<person-group>
                  <string-name xmlns:xlink="http://www.w3.org/1999/xlink">
                     <surname>Brown</surname>
                  </string-name>
               </person-group>
               <source>Life against Death</source>
               <year>1959</year>
            </mixed-citation>
         </ref>
         <ref id="d2976e297a1310">
            <mixed-citation id="d2976e301" publication-type="journal">
Chester, A. 1970. 'Second thoughts on a rock aesthetic: the Band', New Left
Review, 62, pp. 75-82<person-group>
                  <string-name xmlns:xlink="http://www.w3.org/1999/xlink">
                     <surname>Chester</surname>
                  </string-name>
               </person-group>
               <fpage>75</fpage>
               <volume>62</volume>
               <source>New Left Review</source>
               <year>1970</year>
            </mixed-citation>
         </ref>
         <ref id="d2976e333a1310">
            <mixed-citation id="d2976e337" publication-type="book">
Freud, S. 1955. Beyond the Pleasure Principle, The Standard Edition of the
Complete Psychological Works of Sigmund Freud, transl. J. Strachey, 18,
pp. 7-64<person-group>
                  <string-name xmlns:xlink="http://www.w3.org/1999/xlink">
                     <surname>Freud</surname>
                  </string-name>
               </person-group>
               <fpage>7</fpage>
               <volume>18</volume>
               <source>Beyond the Pleasure Principle, The Standard Edition of the Complete Psychological Works of Sigmund Freud</source>
               <year>1955</year>
            </mixed-citation>
         </ref>
         <ref id="d2976e372a1310">
            <mixed-citation id="d2976e376" publication-type="book">
Fuller, P. 1980. Art and Psychoanalysis (London)<person-group>
                  <string-name xmlns:xlink="http://www.w3.org/1999/xlink">
                     <surname>Fuller</surname>
                  </string-name>
               </person-group>
               <source>Art and Psychoanalysis</source>
               <year>1980</year>
            </mixed-citation>
         </ref>
         <ref id="d2976e398a1310">
            <mixed-citation id="d2976e402" publication-type="journal">
Jameson, F. 1981. 'Reification and utopia', Social Text, 1:1, pp. 130-48<person-group>
                  <string-name xmlns:xlink="http://www.w3.org/1999/xlink">
                     <surname>Jameson</surname>
                  </string-name>
               </person-group>
               <issue>1</issue>
               <fpage>130</fpage>
               <volume>1</volume>
               <source>Social Text</source>
               <year>1981</year>
            </mixed-citation>
         </ref>
         <ref id="d2976e434a1310">
            <mixed-citation id="d2976e438" publication-type="book">
Kiparski, P. 1976. 'Oral poetry: some linguistic and typological considera-
tions', in Oral Literature and the Formula, ed. B. A. Stolz and R. S. Shannon
(Ann Arbor), pp. 73-106<person-group>
                  <string-name xmlns:xlink="http://www.w3.org/1999/xlink">
                     <surname>Kiparski</surname>
                  </string-name>
               </person-group>
               <comment content-type="section">Oral poetry: some linguistic and typological considerations</comment>
               <fpage>73</fpage>
               <source>Oral Literature and the Formula</source>
               <year>1976</year>
            </mixed-citation>
         </ref>
         <ref id="d2976e473a1310">
            <mixed-citation id="d2976e477" publication-type="book">
Kristeva, J. 1980. Desire in Language, trans. Thomas Gora, Alice Jardin and Leon
S. Roudiez (Oxford)<person-group>
                  <string-name xmlns:xlink="http://www.w3.org/1999/xlink">
                     <surname>Kristeva</surname>
                  </string-name>
               </person-group>
               <source>Desire in Language</source>
               <year>1980</year>
            </mixed-citation>
         </ref>
         <ref id="d2976e503a1310">
            <mixed-citation id="d2976e507" publication-type="book">
Lacan, J. 1979. The Four Fundamental Concepts of Psycho-Analysis, trans. Alan
Sheridan (Harmondsworth)<person-group>
                  <string-name xmlns:xlink="http://www.w3.org/1999/xlink">
                     <surname>Lacan</surname>
                  </string-name>
               </person-group>
               <source>The Four Fundamental Concepts of Psycho-Analysis</source>
               <year>1979</year>
            </mixed-citation>
         </ref>
         <ref id="d2976e532a1310">
            <mixed-citation id="d2976e536" publication-type="book">
Marcuse, H. 1969. Eros and Civilisation (London)<person-group>
                  <string-name xmlns:xlink="http://www.w3.org/1999/xlink">
                     <surname>Marcuse</surname>
                  </string-name>
               </person-group>
               <source>Eros and Civilisation</source>
            </mixed-citation>
         </ref>
         <ref id="d2976e555a1310">
            <mixed-citation id="d2976e559" publication-type="book">
Maréthy, J. 1974. Music and the Bourgeois, Music and the Proletarian (Budapest)<person-group>
                  <string-name xmlns:xlink="http://www.w3.org/1999/xlink">
                     <surname>Maréthy</surname>
                  </string-name>
               </person-group>
               <source>Music and the Bourgeois, Music and the Proletarian</source>
               <year>1974</year>
            </mixed-citation>
         </ref>
         <ref id="d2976e581a1310">
            <mixed-citation id="d2976e585" publication-type="book">
Moles, A. 1966. Information Theory and Esthetic Perception (Urbana, Ill.)<person-group>
                  <string-name xmlns:xlink="http://www.w3.org/1999/xlink">
                     <surname>Moles</surname>
                  </string-name>
               </person-group>
               <source>Information Theory and Esthetic Perception</source>
               <year>1966</year>
            </mixed-citation>
         </ref>
         <ref id="d2976e607a1310">
            <mixed-citation id="d2976e611" publication-type="book">
Oliver, P. 1982A. 'Blues and the binary principle', in Popular Music Perspectives,
ed. P. Tagg and D. Horn (Gothenburg and Exeter), pp. 163-73<person-group>
                  <string-name xmlns:xlink="http://www.w3.org/1999/xlink">
                     <surname>Oliver</surname>
                  </string-name>
               </person-group>
               <comment content-type="section">Blues and the binary principle</comment>
               <fpage>163</fpage>
               <source>Popular Music Perspectives</source>
               <year>1982</year>
            </mixed-citation>
            <mixed-citation id="d2976e642" publication-type="journal">
1982B. 'Binarism, blues and black culture', Popular Music, 2, ed. R. Middleton
and D. Horn (Cambridge), pp. 179-200<object-id pub-id-type="jstor">10.2307/852981</object-id>
               <fpage>179</fpage>
            </mixed-citation>
         </ref>
         <ref id="d2976e658a1310">
            <mixed-citation id="d2976e662" publication-type="book">
Ricoeur, P. 1970. Freud and Philosophy, trans. Denis Savage (London)<person-group>
                  <string-name xmlns:xlink="http://www.w3.org/1999/xlink">
                     <surname>Ricoeur</surname>
                  </string-name>
               </person-group>
               <source>Freud and Philosophy</source>
            </mixed-citation>
         </ref>
         <ref id="d2976e682a1310">
            <mixed-citation id="d2976e686" publication-type="journal">
Rosolato, G. 1972. 'Repetitions', Musique en Jeu, 9, pp. 33-44<person-group>
                  <string-name xmlns:xlink="http://www.w3.org/1999/xlink">
                     <surname>Rosolato</surname>
                  </string-name>
               </person-group>
               <fpage>33</fpage>
               <volume>9</volume>
               <source>Musique en Jeu</source>
               <year>1972</year>
            </mixed-citation>
         </ref>
         <ref id="d2976e715a1310">
            <mixed-citation id="d2976e719" publication-type="book">
Tagg, P. 1979. Kojak - 50 Seconds of TV Music (Gothenburg)<person-group>
                  <string-name xmlns:xlink="http://www.w3.org/1999/xlink">
                     <surname>Tagg</surname>
                  </string-name>
               </person-group>
               <source>Kojak - 50 Seconds of TV Music</source>
            </mixed-citation>
            <mixed-citation id="d2976e737" publication-type="journal">
1982. 'Analysing popular music', Popular Music, 2, ed. R. Middleton and D.
Horn (Cambridge), pp. 37-67<object-id pub-id-type="jstor">10.2307/852975</object-id>
               <fpage>37</fpage>
            </mixed-citation>
         </ref>
      </ref-list>
   </back>
</article>
