<article dtd-version="1.0" article-type="research-article">
   <front>
      <journal-meta>
         <journal-id xmlns:xlink="http://www.w3.org/1999/xlink" journal-id-type="jstor">popularmusic</journal-id>
         <journal-id xmlns:xlink="http://www.w3.org/1999/xlink" journal-id-type="jstor">j100590</journal-id>
         <journal-title-group xmlns:xlink="http://www.w3.org/1999/xlink">
            <journal-title>Popular Music</journal-title>
         </journal-title-group>
         <publisher>
            <publisher-name>Cambridge University Press</publisher-name>
         </publisher>
         <issn xmlns:xlink="http://www.w3.org/1999/xlink" pub-type="ppub">02611430</issn>
         <issn xmlns:xlink="http://www.w3.org/1999/xlink" pub-type="epub">14740095</issn>
      </journal-meta>
      <article-meta>
         <article-id xmlns:xlink="http://www.w3.org/1999/xlink" pub-id-type="jstor">853189</article-id>
         <title-group>
            <article-title>The Impact of the Beatles on Pop Music in Australia: 1963-66</article-title>
         </title-group>
         <contrib-group>
            <contrib contrib-type="author">
               <string-name xmlns:xlink="http://www.w3.org/1999/xlink">
                  <given-names>Lawrence</given-names>
                  <surname>Zion</surname>
               </string-name>
            </contrib>
         </contrib-group>
         <pub-date xmlns:xlink="http://www.w3.org/1999/xlink">
            <day>1</day>
            <month>10</month>
            <year>1987</year>
         </pub-date>
         <volume>6</volume>
         <issue>3</issue>
         <issue-id xmlns:xlink="http://www.w3.org/1999/xlink">i235366</issue-id>
         <fpage>291</fpage>
         <lpage>311</lpage>
         <page-range>291-311</page-range>
         <permissions>
            <copyright-statement>Copyright 1987 Cambridge University Press</copyright-statement>
         </permissions>
         <self-uri xmlns:xlink="http://www.w3.org/1999/xlink"
                   xlink:href="http://www.jstor.org/stable/853189"/>
         <custom-meta-group xmlns:xlink="http://www.w3.org/1999/xlink">
            <custom-meta>
               <meta-name>lang</meta-name>
               <meta-value>eng</meta-value>
            </custom-meta>
         </custom-meta-group>
      </article-meta>
   </front>
   <back>
      <ref-list>
         <title>Endnotes</title>
         <ref id="d1161e114a1310">
            <mixed-citation id="d1161e120" publication-type="journal">
The Age, Melbourne<source>The Age</source>
            </mixed-citation>
            <mixed-citation id="d1161e129" publication-type="journal">
Drift, Sydney, 1967-68<source>Drift</source>
               <year>1967</year>
            </mixed-citation>
            <mixed-citation id="d1161e141" publication-type="book">
Everybody's, 1961-67<source>Everybody</source>
               <year>1961</year>
            </mixed-citation>
            <mixed-citation id="d1161e154" publication-type="book">
Go-Set, Melbourne, 1966-72<source>Go-Set</source>
               <year>1966</year>
            </mixed-citation>
            <mixed-citation id="d1161e166" publication-type="book">
Sun-Herald, Sydney. A Sunday tabloid<source>Sun-Herald</source>
            </mixed-citation>
            <mixed-citation id="d1161e175" publication-type="book">
Sydney Morning Herald, Sydney<source>Sydney Morning Herald</source>
            </mixed-citation>
            <mixed-citation id="d1161e184" publication-type="journal">
Teenager's Weekly<source>Teenager's Weekly</source>
            </mixed-citation>
            <mixed-citation id="d1161e193" publication-type="journal">
Women's Weekly during the 1960s<source>Women's Weekly</source>
               <year>1960</year>
            </mixed-citation>
            <mixed-citation id="d1161e205" publication-type="book">
Young Modern, Adelaide<source>Young Modern</source>
            </mixed-citation>
         </ref>
      </ref-list>
      <ref-list>
         <title>References</title>
         <ref id="d1161e224a1310">
            <mixed-citation id="d1161e228" publication-type="book">
Baker, G. 1980. 'Easybeats Absolute Anthology: 1965-1969', record sleeve notes.<person-group>
                  <string-name xmlns:xlink="http://www.w3.org/1999/xlink">
                     <surname>Baker</surname>
                  </string-name>
               </person-group>
               <source>Easybeats Absolute Anthology: 1965-1969</source>
               <year>1980</year>
            </mixed-citation>
            <mixed-citation id="d1161e249" publication-type="book">
1982. The Beatles Down Under: The 1964 Australia and New Zealand Tour (Wild and Woolley)<person-group>
                  <string-name xmlns:xlink="http://www.w3.org/1999/xlink">
                     <surname>Baker</surname>
                  </string-name>
               </person-group>
               <source>The Beatles Down Under: The 1964 Australia and New Zealand Tour</source>
               <year>1982</year>
            </mixed-citation>
         </ref>
         <ref id="d1161e271a1310">
            <mixed-citation id="d1161e275" publication-type="book">
Barnes, J. et al. 1979. Top Forty Research, 1956-1977 (Westmead, Sydney)<person-group>
                  <string-name xmlns:xlink="http://www.w3.org/1999/xlink">
                     <surname>Barnes</surname>
                  </string-name>
               </person-group>
               <source>Top Forty Research, 1956-1977</source>
               <year>1979</year>
            </mixed-citation>
         </ref>
         <ref id="d1161e297a1310">
            <mixed-citation id="d1161e301" publication-type="book">
Chambers, I. 1985. Urban Rhythms: Pop Music and Popular Culture (London)<person-group>
                  <string-name xmlns:xlink="http://www.w3.org/1999/xlink">
                     <surname>Chambers</surname>
                  </string-name>
               </person-group>
               <source>Urban Rhythms: Pop Music and Popular Culture</source>
               <year>1985</year>
            </mixed-citation>
         </ref>
         <ref id="d1161e323a1310">
            <mixed-citation id="d1161e327" publication-type="book">
Galbreath, M. and Pearson, G. 1982. Elizabeth: The Garden City (South Australia Investigator Press)<person-group>
                  <string-name xmlns:xlink="http://www.w3.org/1999/xlink">
                     <surname>Galbreath</surname>
                  </string-name>
               </person-group>
               <source>Elizabeth: The Garden City</source>
               <year>1982</year>
            </mixed-citation>
         </ref>
         <ref id="d1161e350a1310">
            <mixed-citation id="d1161e354" publication-type="book">
Harker, D. 1980. One for the Money: Politics and Popular Song (London)<person-group>
                  <string-name xmlns:xlink="http://www.w3.org/1999/xlink">
                     <surname>Harker</surname>
                  </string-name>
               </person-group>
               <source>One for the Money: Politics and Popular Song</source>
               <year>1980</year>
            </mixed-citation>
         </ref>
         <ref id="d1161e376a1310">
            <mixed-citation id="d1161e380" publication-type="book">
Herbert, G. 1963. Hemisphere, 7, December, pp. 11-16<person-group>
                  <string-name xmlns:xlink="http://www.w3.org/1999/xlink">
                     <surname>Herbert</surname>
                  </string-name>
               </person-group>
               <fpage>11</fpage>
               <source>Hemisphere</source>
               <year>1963</year>
            </mixed-citation>
         </ref>
         <ref id="d1161e405a1310">
            <mixed-citation id="d1161e409" publication-type="book">
Livin' End, 1, 1983 (Geelong)<volume>1</volume>
               <source>Livin' End</source>
               <year>1983</year>
            </mixed-citation>
         </ref>
         <ref id="d1161e425a1310">
            <mixed-citation id="d1161e429" publication-type="book">
Livin' End, 6, 1986<volume>6</volume>
               <source>Livin' End</source>
               <year>1986</year>
            </mixed-citation>
         </ref>
         <ref id="d1161e445a1310">
            <mixed-citation id="d1161e449" publication-type="book">
McGrath, N. 1984. Noel McGrath's Australian Encyclopædia of Rock and Pop, (Adelaide)<person-group>
                  <string-name xmlns:xlink="http://www.w3.org/1999/xlink">
                     <surname>McGrath</surname>
                  </string-name>
               </person-group>
               <source>Noel McGrath's Australian Encyclopædia of Rock and Pop</source>
               <year>1984</year>
            </mixed-citation>
         </ref>
         <ref id="d1161e471a1310">
            <mixed-citation id="d1161e475" publication-type="book">
McLeod, A. L. (ed.) 1963). Patterns of Australia (Melbourne)<person-group>
                  <string-name xmlns:xlink="http://www.w3.org/1999/xlink">
                     <surname>McLeod</surname>
                  </string-name>
               </person-group>
               <source>Patterns of Australia</source>
               <year>1963</year>
            </mixed-citation>
         </ref>
         <ref id="d1161e498a1310">
            <mixed-citation id="d1161e502" publication-type="book">
Porter, D. 1980. 'Popular Music', Australia in the 1960s (Adelaide: Rigby)<person-group>
                  <string-name xmlns:xlink="http://www.w3.org/1999/xlink">
                     <surname>Porter</surname>
                  </string-name>
               </person-group>
               <comment content-type="section">Popular Music</comment>
               <source>Australia in the 1960s</source>
               <year>1980</year>
            </mixed-citation>
         </ref>
         <ref id="d1161e527a1310">
            <mixed-citation id="d1161e531" publication-type="book">
Price, C. A. 1963. 'Chapter 13' in ed. W. S. Matsdorf, Migrant Youth: Australian Citizens of Tomorrow
(Sydney, University of NSW)<person-group>
                  <string-name xmlns:xlink="http://www.w3.org/1999/xlink">
                     <surname>Price</surname>
                  </string-name>
               </person-group>
               <comment content-type="section">Chapter 13</comment>
               <source>Migrant Youth: Australian Citizens of Tomorrow</source>
               <year>1963</year>
            </mixed-citation>
            <mixed-citation id="d1161e559" publication-type="book">
(ed.) 1971. Australian Immigration: A Bibliography and Digest No. 2, 1970 (Australian National University)<person-group>
                  <string-name xmlns:xlink="http://www.w3.org/1999/xlink">
                     <surname>Price</surname>
                  </string-name>
               </person-group>
               <source>Australian Immigration: A Bibliography and Digest No. 2, 1970</source>
               <year>1971</year>
            </mixed-citation>
         </ref>
         <ref id="d1161e581a1310">
            <mixed-citation id="d1161e585" publication-type="book">
Ready Steady Go! 1983, Issue 6, (Lindfield, N.S.W.)<source>Ready Steady Go!</source>
               <year>1983</year>
            </mixed-citation>
         </ref>
         <ref id="d1161e598a1310">
            <mixed-citation id="d1161e602" publication-type="book">
Rice, T. et al. 1984. Guinness Book of Hits of the 60s (Middlesex)<person-group>
                  <string-name xmlns:xlink="http://www.w3.org/1999/xlink">
                     <surname>Rice</surname>
                  </string-name>
               </person-group>
               <source>Guinness Book of Hits of the 60s</source>
               <year>1984</year>
            </mixed-citation>
         </ref>
         <ref id="d1161e624a1310">
            <mixed-citation id="d1161e628" publication-type="book">
Rogers, N. 1975. Rock'n'Roll Australia: the Australian Pop Scene 1954-1964 (Australia)<person-group>
                  <string-name xmlns:xlink="http://www.w3.org/1999/xlink">
                     <surname>Rogers</surname>
                  </string-name>
               </person-group>
               <source>Rock'n'Roll Australia: the Australian Pop Scene 1954-1964</source>
               <year>1975</year>
            </mixed-citation>
         </ref>
         <ref id="d1161e650a1310">
            <mixed-citation id="d1161e654" publication-type="book">
Tulloch, J. 1982. Australian Cinema: Industry Narrative and Meaning (Sydney)<person-group>
                  <string-name xmlns:xlink="http://www.w3.org/1999/xlink">
                     <surname>Tulloch</surname>
                  </string-name>
               </person-group>
               <source>Australian Cinema: Industry Narrative and Meaning</source>
               <year>1982</year>
            </mixed-citation>
         </ref>
         <ref id="d1161e677a1310">
            <mixed-citation id="d1161e681" publication-type="book">
Tunstall, J. 1977. The Media are American: Anglo-American Media in the World, (London)<person-group>
                  <string-name xmlns:xlink="http://www.w3.org/1999/xlink">
                     <surname>Tunstall</surname>
                  </string-name>
               </person-group>
               <source>The Media are American: Anglo-American Media in the World</source>
               <year>1977</year>
            </mixed-citation>
         </ref>
         <ref id="d1161e703a1310">
            <mixed-citation id="d1161e707" publication-type="book">
Walker, C. 1981. 'Ready Steady Go!!: Rock in the Sixties', in Beilby, P. and Roberts, M. Australian Music
Directory, 1st edition, 1981-1982 (North Melbourne)<person-group>
                  <string-name xmlns:xlink="http://www.w3.org/1999/xlink">
                     <surname>Walker</surname>
                  </string-name>
               </person-group>
               <edition>1</edition>
               <comment content-type="section">Ready Steady Go!!: Rock in the Sixties</comment>
               <source>Australian Music Directory, 1st edition, 1981-1982</source>
               <year>1981</year>
            </mixed-citation>
         </ref>
         <ref id="d1161e739a1310">
            <mixed-citation id="d1161e743" publication-type="other">
Wallis, K. L. 1968. 'British immigration in Western Australia: a thesis', unpublished, (Graylands Teachers'
College)</mixed-citation>
         </ref>
         <ref id="d1161e753a1310">
            <mixed-citation id="d1161e757" publication-type="book">
Wilton, J. and Bosworth, R. 1984. Old Worlds and New Australia: The Post-War Migrant Experience (Australia)<person-group>
                  <string-name xmlns:xlink="http://www.w3.org/1999/xlink">
                     <surname>Wilton</surname>
                  </string-name>
               </person-group>
               <source>Old Worlds and New Australia: The Post-War Migrant Experience</source>
               <year>1984</year>
            </mixed-citation>
         </ref>
         <ref id="d1161e779a1310">
            <mixed-citation id="d1161e783" publication-type="journal">
Zion, L. 1984. 'Rock and Opera: Selling the Product', Arena, 68, pp. 31-7.<person-group>
                  <string-name xmlns:xlink="http://www.w3.org/1999/xlink">
                     <surname>Zion</surname>
                  </string-name>
               </person-group>
               <fpage>31</fpage>
               <volume>68</volume>
               <source>Arena</source>
               <year>1984</year>
            </mixed-citation>
         </ref>
      </ref-list>
   </back>
</article>
