<article dtd-version="1.0" article-type="research-article">
   <front>
      <journal-meta>
         <journal-id xmlns:xlink="http://www.w3.org/1999/xlink" journal-id-type="jstor">popularmusic</journal-id>
         <journal-id xmlns:xlink="http://www.w3.org/1999/xlink" journal-id-type="jstor">j100590</journal-id>
         <journal-title-group xmlns:xlink="http://www.w3.org/1999/xlink">
            <journal-title>Popular Music</journal-title>
         </journal-title-group>
         <publisher>
            <publisher-name>Cambridge University Press</publisher-name>
         </publisher>
         <issn xmlns:xlink="http://www.w3.org/1999/xlink" pub-type="ppub">02611430</issn>
         <issn xmlns:xlink="http://www.w3.org/1999/xlink" pub-type="epub">14740095</issn>
      </journal-meta>
      <article-meta>
         <article-id xmlns:xlink="http://www.w3.org/1999/xlink" pub-id-type="jstor">853397</article-id>
         <title-group>
            <article-title>The Moan within the Tone: African Retentions in Rhythm and Blues Saxophone Style in Afro-American Popular Music</article-title>
         </title-group>
         <contrib-group>
            <contrib contrib-type="author">
               <string-name xmlns:xlink="http://www.w3.org/1999/xlink">
                  <given-names>Doug</given-names>
                  <surname>Miller</surname>
               </string-name>
            </contrib>
         </contrib-group>
         <pub-date xmlns:xlink="http://www.w3.org/1999/xlink">
            <day>1</day>
            <month>5</month>
            <year>1995</year>
         </pub-date>
         <volume>14</volume>
         <issue>2</issue>
         <issue-id xmlns:xlink="http://www.w3.org/1999/xlink">i235384</issue-id>
         <fpage>155</fpage>
         <lpage>174</lpage>
         <page-range>155-174</page-range>
         <permissions>
            <copyright-statement>Copyright 1995 Cambridge University Press</copyright-statement>
         </permissions>
         <self-uri xmlns:xlink="http://www.w3.org/1999/xlink"
                   xlink:href="http://www.jstor.org/stable/853397"/>
         <custom-meta-group xmlns:xlink="http://www.w3.org/1999/xlink">
            <custom-meta>
               <meta-name>lang</meta-name>
               <meta-value>eng</meta-value>
            </custom-meta>
         </custom-meta-group>
      </article-meta>
   </front>
   <back>
      <ref-list>
         <title>Endnotes</title>
         <ref id="d37340e123a1310">
            <label>1</label>
            <mixed-citation id="d37340e132" publication-type="other">
Hampton in 1942</mixed-citation>
            <mixed-citation id="d37340e138" publication-type="book">
Flyin' Home (Larkin 1992, vol. 1,
p. 513)<person-group>
                  <string-name xmlns:xlink="http://www.w3.org/1999/xlink">
                     <surname>Flyin</surname>
                  </string-name>
               </person-group>
               <fpage>513</fpage>
               <volume>1</volume>
               <source>Home</source>
               <year>1992</year>
            </mixed-citation>
            <mixed-citation id="d37340e170" publication-type="journal">
E. Cook in an interview with
Illinois Jacquet covering the early part of his
career in Jazz Journal International, February
1994, 47:2, pp. 6-8<person-group>
                  <string-name xmlns:xlink="http://www.w3.org/1999/xlink">
                     <surname>Cook</surname>
                  </string-name>
               </person-group>
               <issue>February</issue>
               <fpage>6</fpage>
               <volume>47</volume>
               <source>Jazz Journal International</source>
               <year>1994</year>
            </mixed-citation>
         </ref>
         <ref id="d37340e211a1310">
            <label>3</label>
            <mixed-citation id="d37340e220" publication-type="other">
Gillett 1985</mixed-citation>
         </ref>
         <ref id="d37340e227a1310">
            <label>4</label>
            <mixed-citation id="d37340e234" publication-type="other">
Notably Johnny</mixed-citation>
            <mixed-citation id="d37340e240" publication-type="other">
Duane Eddy</mixed-citation>
            <mixed-citation id="d37340e246" publication-type="other">
Rebels</mixed-citation>
            <mixed-citation id="d37340e253" publication-type="other">
Bill Black's Combo</mixed-citation>
            <mixed-citation id="d37340e259" publication-type="book">
Shaw 1981  </mixed-citation>
         </ref>
         <ref id="d37340e268a1310">
            <label>5</label>
            <mixed-citation id="d37340e275" publication-type="other">
Robert Palmer</mixed-citation>
            <mixed-citation id="d37340e281" publication-type="other">
Sleeve Notes on Honkers
and Screamers, Savoy 2234</mixed-citation>
            <mixed-citation id="d37340e290" publication-type="book">
Bob Porter, Sleeve
Notes on Atlantic Honkers, Atlantic 781 666-1<person-group>
                  <string-name xmlns:xlink="http://www.w3.org/1999/xlink">
                     <surname>Porter</surname>
                  </string-name>
               </person-group>
               <fpage>781</fpage>
               <source>Sleeve Notes on Atlantic Honkers</source>
            </mixed-citation>
            <mixed-citation id="d37340e315" publication-type="other">
Honkers and Barwalkers, Vols. 1 &amp; 2</mixed-citation>
            <mixed-citation id="d37340e321" publication-type="other">
Delmark DL 438</mixed-citation>
         </ref>
         <ref id="d37340e329a1310">
            <label>6</label>
            <mixed-citation id="d37340e336" publication-type="book">
Blesh 1971, p. 87  <fpage>87</fpage>
            </mixed-citation>
         </ref>
         <ref id="d37340e348a1310">
            <label>8</label>
            <mixed-citation id="d37340e355" publication-type="book">
Teal 1963  </mixed-citation>
         </ref>
         <ref id="d37340e364a1310">
            <label>9</label>
            <mixed-citation id="d37340e373" publication-type="journal">
Jazz
Journal International, July 1983, 36:7, p. 15<issue>July</issue>
               <fpage>15</fpage>
               <volume>36</volume>
               <source>Jazz Journal International</source>
               <year>1983</year>
            </mixed-citation>
         </ref>
         <ref id="d37340e399a1310">
            <label>11</label>
            <mixed-citation id="d37340e406" publication-type="book">
Gioia 1988,
pp. 35-7  <fpage>35</fpage>
            </mixed-citation>
            <mixed-citation id="d37340e420" publication-type="book">
Williams 1985, pp. 23-5  <fpage>23</fpage>
            </mixed-citation>
         </ref>
         <ref id="d37340e432a1310">
            <label>13</label>
            <mixed-citation id="d37340e439" publication-type="book">
Placksin
1982, p. 228  <fpage>228</fpage>
            </mixed-citation>
         </ref>
         <ref id="d37340e454a1310">
            <label>15</label>
            <mixed-citation id="d37340e461" publication-type="other">
Peter
Gunn'</mixed-citation>
         </ref>
         <ref id="d37340e472a1310">
            <label>16</label>
            <mixed-citation id="d37340e479" publication-type="book">
Barlow 1989, p. 327  <fpage>327</fpage>
            </mixed-citation>
         </ref>
         <ref id="d37340e491a1310">
            <label>17</label>
            <mixed-citation id="d37340e500" publication-type="other">
Sleeve Note to Joe Hous-
ton, Rockin &amp; Boppin Saxophonograph, Mr.
R &amp; B Records, BM 1302</mixed-citation>
            <mixed-citation id="d37340e512" publication-type="other">
The Best
of Big Jay MacNeely, Saxophonograph, Mr.
R &amp; B Records, BP 1800</mixed-citation>
         </ref>
         <ref id="d37340e525a1310">
            <label>18</label>
            <mixed-citation id="d37340e532" publication-type="book">
Dahl 1984, pp. 34-45  <fpage>34</fpage>
            </mixed-citation>
            <mixed-citation id="d37340e543" publication-type="book">
Shaw 1978, p. 259  <fpage>259</fpage>
            </mixed-citation>
         </ref>
         <ref id="d37340e555a1310">
            <label>19</label>
            <mixed-citation id="d37340e562" publication-type="book">
Laughter (1991)  </mixed-citation>
         </ref>
      </ref-list>
      <ref-list>
         <title>References</title>
         <ref id="d37340e580a1310">
            <mixed-citation id="d37340e584" publication-type="book">
Anderson, T. J. et al. 1970. 'Black composers and the avant garde', in Black Music in Our Culture,
ed. D. R. de Lerma (Kent, Ohio), pp. 62-78<person-group>
                  <string-name xmlns:xlink="http://www.w3.org/1999/xlink">
                     <surname>Anderson</surname>
                  </string-name>
               </person-group>
               <comment content-type="section">Black composers and the avant garde</comment>
               <fpage>62</fpage>
               <source>Black Music in Our Culture</source>
               <year>1970</year>
            </mixed-citation>
         </ref>
         <ref id="d37340e616a1310">
            <mixed-citation id="d37340e620" publication-type="book">
Barlow, W. 1989. 'Looking Up at Down': The Emergence of Blues Culture (Philadelphia)<person-group>
                  <string-name xmlns:xlink="http://www.w3.org/1999/xlink">
                     <surname>Barlow</surname>
                  </string-name>
               </person-group>
               <source>Looking Up at Down': The Emergence of Blues Culture</source>
               <year>1989</year>
            </mixed-citation>
         </ref>
         <ref id="d37340e642a1310">
            <mixed-citation id="d37340e646" publication-type="book">
Bebey, F. 1975. African Music: A People's Art (New York)<person-group>
                  <string-name xmlns:xlink="http://www.w3.org/1999/xlink">
                     <surname>Bebey</surname>
                  </string-name>
               </person-group>
               <source>African Music: A People's Art</source>
               <year>1975</year>
            </mixed-citation>
         </ref>
         <ref id="d37340e668a1310">
            <mixed-citation id="d37340e672" publication-type="book">
Blesh, R. 1971. Combo USA (New York)<person-group>
                  <string-name xmlns:xlink="http://www.w3.org/1999/xlink">
                     <surname>Blesh</surname>
                  </string-name>
               </person-group>
               <source>Combo USA</source>
               <year>1971</year>
            </mixed-citation>
         </ref>
         <ref id="d37340e695a1310">
            <mixed-citation id="d37340e699" publication-type="book">
Broven, J. 1974. Rhythm and Blues in New Orleans (Sussex)<person-group>
                  <string-name xmlns:xlink="http://www.w3.org/1999/xlink">
                     <surname>Broven</surname>
                  </string-name>
               </person-group>
               <source>Rhythm and Blues in New Orleans</source>
               <year>1974</year>
            </mixed-citation>
         </ref>
         <ref id="d37340e721a1310">
            <mixed-citation id="d37340e725" publication-type="book">
Burnim, M. 1985. 'The black gospel music tradition', in More Than Dancing, ed. I. Jackson
(Greenwood, USA)<person-group>
                  <string-name xmlns:xlink="http://www.w3.org/1999/xlink">
                     <surname>Burnim</surname>
                  </string-name>
               </person-group>
               <comment content-type="section">The black gospel music tradition</comment>
               <source>More Than Dancing</source>
               <year>1985</year>
            </mixed-citation>
         </ref>
         <ref id="d37340e754a1310">
            <mixed-citation id="d37340e758" publication-type="book">
Carr, R., Case, B. and Dellar, F. 1986. The Hip. Hipsters, Jazz and the Beat Generation (London)<person-group>
                  <string-name xmlns:xlink="http://www.w3.org/1999/xlink">
                     <surname>Carr</surname>
                  </string-name>
               </person-group>
               <source>The Hip. Hipsters, Jazz and the Beat Generation</source>
               <year>1986</year>
            </mixed-citation>
         </ref>
         <ref id="d37340e780a1310">
            <mixed-citation id="d37340e784" publication-type="book">
Courlander, H. 1963. Negro Folk Music (New York)<person-group>
                  <string-name xmlns:xlink="http://www.w3.org/1999/xlink">
                     <surname>Courlander</surname>
                  </string-name>
               </person-group>
               <source>Negro Folk Music</source>
               <year>1963</year>
            </mixed-citation>
         </ref>
         <ref id="d37340e806a1310">
            <mixed-citation id="d37340e810" publication-type="book">
Dahl, L. 1984. Stormy Weather (London)<person-group>
                  <string-name xmlns:xlink="http://www.w3.org/1999/xlink">
                     <surname>Dahl</surname>
                  </string-name>
               </person-group>
               <source>Stormy Weather</source>
               <year>1984</year>
            </mixed-citation>
         </ref>
         <ref id="d37340e832a1310">
            <mixed-citation id="d37340e836" publication-type="book">
Dyer, K. and Spark, R. 1987. Fit to be Tied - Vintage Ties of the Forties and Early Fifties (New York)<person-group>
                  <string-name xmlns:xlink="http://www.w3.org/1999/xlink">
                     <surname>Dyer</surname>
                  </string-name>
               </person-group>
               <source>Fit to be Tied - Vintage Ties of the Forties and Early Fifties</source>
               <year>1987</year>
            </mixed-citation>
         </ref>
         <ref id="d37340e859a1310">
            <mixed-citation id="d37340e863" publication-type="book">
Gillett, C. 1984. The Sound of the City (London)<person-group>
                  <string-name xmlns:xlink="http://www.w3.org/1999/xlink">
                     <surname>Gillett</surname>
                  </string-name>
               </person-group>
               <source>The Sound of the City</source>
               <year>1984</year>
            </mixed-citation>
         </ref>
         <ref id="d37340e885a1310">
            <mixed-citation id="d37340e889" publication-type="other">
1985. Interview with King Curtis, The Sound (now Boss, available from 21 The Drive, Edgware,
Middlesex), June/July, August/September</mixed-citation>
         </ref>
         <ref id="d37340e899a1310">
            <mixed-citation id="d37340e903" publication-type="book">
Gioia, T. 1988. Jazz the Imperfect Art (Oxford University Press)<person-group>
                  <string-name xmlns:xlink="http://www.w3.org/1999/xlink">
                     <surname>Gioia</surname>
                  </string-name>
               </person-group>
               <source>Jazz the Imperfect Art</source>
               <year>1988</year>
            </mixed-citation>
         </ref>
         <ref id="d37340e925a1310">
            <mixed-citation id="d37340e929" publication-type="book">
Guralnick, P. 1971. Feel Like Going Home. Portraits in Blues and Rock 'n' Roll (New York)<person-group>
                  <string-name xmlns:xlink="http://www.w3.org/1999/xlink">
                     <surname>Guralnick</surname>
                  </string-name>
               </person-group>
               <source>Feel Like Going Home. Portraits in Blues and Rock 'n' Roll</source>
               <year>1971</year>
            </mixed-citation>
         </ref>
         <ref id="d37340e951a1310">
            <mixed-citation id="d37340e955" publication-type="book">
Gridley, M. C. 1985. Jazz Styles, History and Analysis (New York)<person-group>
                  <string-name xmlns:xlink="http://www.w3.org/1999/xlink">
                     <surname>Gridley</surname>
                  </string-name>
               </person-group>
               <source>Jazz Styles, History and Analysis</source>
               <year>1985</year>
            </mixed-citation>
         </ref>
         <ref id="d37340e977a1310">
            <mixed-citation id="d37340e981" publication-type="book">
Haine, M. 1980. Adolphe Sax, Sa Vie, Son Oeuvre, Ses Instruments de Musique (Brussels)<person-group>
                  <string-name xmlns:xlink="http://www.w3.org/1999/xlink">
                     <surname>Haine</surname>
                  </string-name>
               </person-group>
               <source>Adolphe Sax, Sa Vie, Son Oeuvre, Ses Instruments de Musique</source>
               <year>1980</year>
            </mixed-citation>
         </ref>
         <ref id="d37340e1004a1310">
            <mixed-citation id="d37340e1008" publication-type="book">
Hatch, D. and Millward, S. 1987. From Blues to Rock. An Analytical History of Pop Music (Manchester)<person-group>
                  <string-name xmlns:xlink="http://www.w3.org/1999/xlink">
                     <surname>Hatch</surname>
                  </string-name>
               </person-group>
               <source>From Blues to Rock. An Analytical History of Pop Music</source>
               <year>1987</year>
            </mixed-citation>
         </ref>
         <ref id="d37340e1030a1310">
            <mixed-citation id="d37340e1034" publication-type="book">
Hobson, W. 1976. American Jazz Music (New York)<person-group>
                  <string-name xmlns:xlink="http://www.w3.org/1999/xlink">
                     <surname>Hobson</surname>
                  </string-name>
               </person-group>
               <source>American Jazz Music</source>
               <year>1976</year>
            </mixed-citation>
         </ref>
         <ref id="d37340e1056a1310">
            <mixed-citation id="d37340e1060" publication-type="book">
James, D. B. 1984. Coleman Hawkins (New York)<person-group>
                  <string-name xmlns:xlink="http://www.w3.org/1999/xlink">
                     <surname>James</surname>
                  </string-name>
               </person-group>
               <source>Coleman Hawkins</source>
               <year>1984</year>
            </mixed-citation>
         </ref>
         <ref id="d37340e1082a1310">
            <mixed-citation id="d37340e1086" publication-type="book">
Jones, L. (a.k.a. Imamu Baraka). 1965. Blues People. Negro Music in White America (New York)<person-group>
                  <string-name xmlns:xlink="http://www.w3.org/1999/xlink">
                     <surname>Jones</surname>
                  </string-name>
               </person-group>
               <source>Blues People. Negro Music in White America</source>
               <year>1965</year>
            </mixed-citation>
         </ref>
         <ref id="d37340e1108a1310">
            <mixed-citation id="d37340e1112" publication-type="book">
Larkin, C. 1992. Guiness Encyclopædia of Popular Music, 4 vols. (Enfield, Middlesex)<person-group>
                  <string-name xmlns:xlink="http://www.w3.org/1999/xlink">
                     <surname>Larkin</surname>
                  </string-name>
               </person-group>
               <volume>4</volume>
               <source>Guiness Encyclopædia of Popular Music</source>
               <year>1992</year>
            </mixed-citation>
         </ref>
         <ref id="d37340e1137a1310">
            <mixed-citation id="d37340e1141" publication-type="book">
Laughter, J. 1991. Contemporary Saxophone (Fullerton, California)<person-group>
                  <string-name xmlns:xlink="http://www.w3.org/1999/xlink">
                     <surname>Laughter</surname>
                  </string-name>
               </person-group>
               <source>Contemporary Saxophone</source>
               <year>1991</year>
            </mixed-citation>
         </ref>
         <ref id="d37340e1164a1310">
            <mixed-citation id="d37340e1168" publication-type="book">
Levine, L. 1977. Black Culture and Black Consciousness (New York)<person-group>
                  <string-name xmlns:xlink="http://www.w3.org/1999/xlink">
                     <surname>Levine</surname>
                  </string-name>
               </person-group>
               <source>Black Culture and Black Consciousness</source>
               <year>1977</year>
            </mixed-citation>
         </ref>
         <ref id="d37340e1190a1310">
            <mixed-citation id="d37340e1194" publication-type="book">
Martin, L. and Seagrove, K. 1985. Anti Rock - The Opposition to Rock and Roll (Connecticut)<person-group>
                  <string-name xmlns:xlink="http://www.w3.org/1999/xlink">
                     <surname>Martin</surname>
                  </string-name>
               </person-group>
               <source>Anti Rock - The Opposition to Rock and Roll</source>
               <year>1985</year>
            </mixed-citation>
         </ref>
         <ref id="d37340e1216a1310">
            <mixed-citation id="d37340e1220" publication-type="book">
Maultsby, P. K. 1985. 'West African influences in US black music', in More than Dancing, ed. I.
Jackson (Greenwood, USA), pp. 25-55<person-group>
                  <string-name xmlns:xlink="http://www.w3.org/1999/xlink">
                     <surname>Maultsby</surname>
                  </string-name>
               </person-group>
               <comment content-type="section">West African influences in US black music</comment>
               <fpage>25</fpage>
               <source>More than Dancing</source>
               <year>1985</year>
            </mixed-citation>
         </ref>
         <ref id="d37340e1252a1310">
            <mixed-citation id="d37340e1256" publication-type="book">
1990. 'Africanisms in African-American music', in Africanisms in American Culture, ed. J. Holloway
(Indianapolis), pp. 185-210<comment content-type="section">Africanisms in African-American music</comment>
               <fpage>185</fpage>
               <source>Africanisms in American Culture</source>
               <year>1990</year>
            </mixed-citation>
         </ref>
         <ref id="d37340e1279a1310">
            <mixed-citation id="d37340e1283" publication-type="other">
Nicholls, A. 1986. The Texas Tenor Sound, unpublished thesis, City of Leeds College of Music</mixed-citation>
         </ref>
         <ref id="d37340e1290a1310">
            <mixed-citation id="d37340e1294" publication-type="book">
Nketia, K. J. H. 1975. The Music of Africa (London)<person-group>
                  <string-name xmlns:xlink="http://www.w3.org/1999/xlink">
                     <surname>Nketia</surname>
                  </string-name>
               </person-group>
               <source>The Music of Africa</source>
               <year>1975</year>
            </mixed-citation>
         </ref>
         <ref id="d37340e1317a1310">
            <mixed-citation id="d37340e1321" publication-type="book">
Pattison, R. 1987. The Triumph of Vulgarity. Rock Music in the Mirror of Romanticism (Oxford)<person-group>
                  <string-name xmlns:xlink="http://www.w3.org/1999/xlink">
                     <surname>Pattison</surname>
                  </string-name>
               </person-group>
               <source>The Triumph of Vulgarity. Rock Music in the Mirror of Romanticism</source>
               <year>1987</year>
            </mixed-citation>
         </ref>
         <ref id="d37340e1343a1310">
            <mixed-citation id="d37340e1347" publication-type="book">
Placksin, S. 1982. Jazz Women (London)<person-group>
                  <string-name xmlns:xlink="http://www.w3.org/1999/xlink">
                     <surname>Placksin</surname>
                  </string-name>
               </person-group>
               <source>Jazz Women</source>
               <year>1982</year>
            </mixed-citation>
         </ref>
         <ref id="d37340e1369a1310">
            <mixed-citation id="d37340e1373" publication-type="book">
Russell, R. 1971. Jazz Style in Kansas City and the Southwest (Berkeley, California)<person-group>
                  <string-name xmlns:xlink="http://www.w3.org/1999/xlink">
                     <surname>Russell</surname>
                  </string-name>
               </person-group>
               <source>Jazz Style in Kansas City and the Southwest</source>
               <year>1971</year>
            </mixed-citation>
         </ref>
         <ref id="d37340e1395a1310">
            <mixed-citation id="d37340e1399" publication-type="book">
Sawyer, C. 1980. The Arrival of B. B. King (New York)<person-group>
                  <string-name xmlns:xlink="http://www.w3.org/1999/xlink">
                     <surname>Sawyer</surname>
                  </string-name>
               </person-group>
               <source>The Arrival of B. B. King</source>
               <year>1980</year>
            </mixed-citation>
         </ref>
         <ref id="d37340e1421a1310">
            <mixed-citation id="d37340e1425" publication-type="book">
Seashore, C. E. 1967. Psychology of Music (New York)<person-group>
                  <string-name xmlns:xlink="http://www.w3.org/1999/xlink">
                     <surname>Seashore</surname>
                  </string-name>
               </person-group>
               <source>Psychology of Music</source>
               <year>1967</year>
            </mixed-citation>
         </ref>
         <ref id="d37340e1447a1310">
            <mixed-citation id="d37340e1451" publication-type="book">
Shaw, A. 1978. Honkers and Shouters (New York)<person-group>
                  <string-name xmlns:xlink="http://www.w3.org/1999/xlink">
                     <surname>Shaw</surname>
                  </string-name>
               </person-group>
               <source>Honkers and Shouters</source>
               <year>1978</year>
            </mixed-citation>
         </ref>
         <ref id="d37340e1474a1310">
            <mixed-citation id="d37340e1478" publication-type="book">
1986. Black Popular Music in America (New York)<source>Black Popular Music in America</source>
               <year>1986</year>
            </mixed-citation>
         </ref>
         <ref id="d37340e1491a1310">
            <mixed-citation id="d37340e1495" publication-type="book">
Shaw, G. 1981. 'The instrumental groups', in The Rolling Stone Illustrated History of Rock and Roll,
ed. J. Miller (London), pp. 104-8<person-group>
                  <string-name xmlns:xlink="http://www.w3.org/1999/xlink">
                     <surname>Shaw</surname>
                  </string-name>
               </person-group>
               <comment content-type="section">The instrumental groups</comment>
               <fpage>104</fpage>
               <source>The Rolling Stone Illustrated History of Rock and Roll</source>
               <year>1981</year>
            </mixed-citation>
         </ref>
         <ref id="d37340e1527a1310">
            <mixed-citation id="d37340e1531" publication-type="book">
Sidran, B. 1971. Black Talk (New York)<person-group>
                  <string-name xmlns:xlink="http://www.w3.org/1999/xlink">
                     <surname>Sidran</surname>
                  </string-name>
               </person-group>
               <source>Black Talk</source>
               <year>1971</year>
            </mixed-citation>
         </ref>
         <ref id="d37340e1553a1310">
            <mixed-citation id="d37340e1557" publication-type="book">
Simonds, R. 1984. King Curtis: A Discography (Edgware, London)<person-group>
                  <string-name xmlns:xlink="http://www.w3.org/1999/xlink">
                     <surname>Simonds</surname>
                  </string-name>
               </person-group>
               <source>King Curtis: A Discography</source>
               <year>1984</year>
            </mixed-citation>
         </ref>
         <ref id="d37340e1579a1310">
            <mixed-citation id="d37340e1583" publication-type="book">
Taylor, A. 1983. Notes and Tones (London)<person-group>
                  <string-name xmlns:xlink="http://www.w3.org/1999/xlink">
                     <surname>Taylor</surname>
                  </string-name>
               </person-group>
               <source>Notes and Tones</source>
               <year>1983</year>
            </mixed-citation>
         </ref>
         <ref id="d37340e1605a1310">
            <mixed-citation id="d37340e1609" publication-type="book">
Teal, L. 1963. The Art of Saxophone Playing (Illinois)<person-group>
                  <string-name xmlns:xlink="http://www.w3.org/1999/xlink">
                     <surname>Teal</surname>
                  </string-name>
               </person-group>
               <source>The Art of Saxophone Playing</source>
               <year>1963</year>
            </mixed-citation>
         </ref>
         <ref id="d37340e1632a1310">
            <mixed-citation id="d37340e1636" publication-type="book">
Vermorel, J. and Vermorel, F. 1989. Fandemonium (New York)<person-group>
                  <string-name xmlns:xlink="http://www.w3.org/1999/xlink">
                     <surname>Vermorel</surname>
                  </string-name>
               </person-group>
               <source>Fandemonium</source>
               <year>1989</year>
            </mixed-citation>
         </ref>
         <ref id="d37340e1658a1310">
            <mixed-citation id="d37340e1662" publication-type="book">
Wicke, P. 1987. Rock Music: Culture, Aesthetics and Sociology (Cambridge)<person-group>
                  <string-name xmlns:xlink="http://www.w3.org/1999/xlink">
                     <surname>Wicke</surname>
                  </string-name>
               </person-group>
               <source>Rock Music: Culture, Aesthetics and Sociology</source>
               <year>1987</year>
            </mixed-citation>
         </ref>
         <ref id="d37340e1684a1310">
            <mixed-citation id="d37340e1688" publication-type="book">
Williams, M. 1985. Jazz Heritage (Oxford)<person-group>
                  <string-name xmlns:xlink="http://www.w3.org/1999/xlink">
                     <surname>Williams</surname>
                  </string-name>
               </person-group>
               <source>Jazz Heritage</source>
               <year>1985</year>
            </mixed-citation>
         </ref>
      </ref-list>
      <ref-list>
         <title>Select Discography</title>
         <ref id="d37340e1719a1310">
            <mixed-citation id="d37340e1723" publication-type="book">
1943: Lionel Hampton, featuring Illinois Jacquet, 'Flying Home', Decca 18394<comment content-type="section">Lionel Hampton, featuring Illinois Jacquet</comment>
               <source>Flying Home</source>
               <year>1943</year>
            </mixed-citation>
         </ref>
         <ref id="d37340e1739a1310">
            <mixed-citation id="d37340e1743" publication-type="book">
1948: Sonny Thompson, featuring David Brooks, 'Long Gone', Miracle 126<comment content-type="section">Sonny Thompson, featuring David Brooks</comment>
               <source>Long Gone</source>
               <year>1948</year>
            </mixed-citation>
         </ref>
         <ref id="d37340e1759a1310">
            <mixed-citation id="d37340e1763" publication-type="book">
1949: Frank 'Floorshow' Culley, 'Coleslaw', Atlantic 874<comment content-type="section">Frank 'Floorshow' Culley</comment>
               <source>Coleslaw</source>
               <year>1949</year>
            </mixed-citation>
         </ref>
         <ref id="d37340e1779a1310">
            <mixed-citation id="d37340e1783" publication-type="book">
Cootie Willams Orchestra, featuring Willis Jackson, 'Gator Tail', Mercury 8131<person-group>
                  <string-name xmlns:xlink="http://www.w3.org/1999/xlink">
                     <surname>Orchestra</surname>
                  </string-name>
               </person-group>
               <comment content-type="section">featuring Willis Jackson</comment>
               <source>Gator Tail</source>
            </mixed-citation>
         </ref>
         <ref id="d37340e1806a1310">
            <mixed-citation id="d37340e1810" publication-type="book">
Paul Williams, 'The Hucklebuck', Savoy 683<person-group>
                  <string-name xmlns:xlink="http://www.w3.org/1999/xlink">
                     <surname>Williams</surname>
                  </string-name>
               </person-group>
               <source>The Hucklebuck</source>
            </mixed-citation>
         </ref>
         <ref id="d37340e1829a1310">
            <mixed-citation id="d37340e1833" publication-type="book">
1950: Gene Ammons, 'My Foolish Heart', Chess 1425<source>Gene Ammons, 'My Foolish Heart</source>
               <year>1950</year>
            </mixed-citation>
         </ref>
         <ref id="d37340e1846a1310">
            <mixed-citation id="d37340e1850" publication-type="book">
Lynn Hope, 'Tenderly', Premium 851<fpage>851</fpage>
               <source>Lynn Hope, 'Tenderly</source>
            </mixed-citation>
         </ref>
         <ref id="d37340e1863a1310">
            <mixed-citation id="d37340e1867" publication-type="book">
1951: Earl Bostic, 'Sleep', King 4444<fpage>4444</fpage>
               <source>Earl Bostic, 'Sleep</source>
               <year>1951</year>
            </mixed-citation>
         </ref>
         <ref id="d37340e1883a1310">
            <mixed-citation id="d37340e1887" publication-type="book">
Earl Bostic, 'Flamingo', King 4475<person-group>
                  <string-name xmlns:xlink="http://www.w3.org/1999/xlink">
                     <surname>Bostic</surname>
                  </string-name>
               </person-group>
               <source>Flamingo</source>
            </mixed-citation>
         </ref>
         <ref id="d37340e1906a1310">
            <mixed-citation id="d37340e1910" publication-type="book">
Jimmy Forrest, 'Night Train', United 110<person-group>
                  <string-name xmlns:xlink="http://www.w3.org/1999/xlink">
                     <surname>Forrest</surname>
                  </string-name>
               </person-group>
               <fpage>110</fpage>
               <source>Night Train</source>
            </mixed-citation>
         </ref>
         <ref id="d37340e1933a1310">
            <mixed-citation id="d37340e1937" publication-type="book">
Hal Singer, 'Cornbread', Savoy 797<person-group>
                  <string-name xmlns:xlink="http://www.w3.org/1999/xlink">
                     <surname>Singer</surname>
                  </string-name>
               </person-group>
               <fpage>797</fpage>
               <source>Cornbread</source>
            </mixed-citation>
         </ref>
         <ref id="d37340e1959a1310">
            <mixed-citation id="d37340e1963" publication-type="book">
1952: Tiny Bradshaw, featuring Red Prysock, 'Soft', King 4577<comment content-type="section">Tiny Bradshaw, featuring Red Prysock</comment>
               <source>Soft</source>
               <year>1952</year>
            </mixed-citation>
         </ref>
         <ref id="d37340e1979a1310">
            <mixed-citation id="d37340e1983" publication-type="book">
Jou Houston, 'Earthquake', Imperial 5201<person-group>
                  <string-name xmlns:xlink="http://www.w3.org/1999/xlink">
                     <surname>Houston</surname>
                  </string-name>
               </person-group>
               <source>Earthquake</source>
            </mixed-citation>
         </ref>
         <ref id="d37340e2002a1310">
            <mixed-citation id="d37340e2006" publication-type="book">
1953: Tiny Bradshaw, featuring Red Prysock, 'Free For All', King 4647<person-group>
                  <string-name xmlns:xlink="http://www.w3.org/1999/xlink">
                     <surname>Bradshaw</surname>
                  </string-name>
               </person-group>
               <comment content-type="section">featuring Red Prysock</comment>
               <source>Free For All</source>
               <year>1953</year>
            </mixed-citation>
         </ref>
         <ref id="d37340e2031a1310">
            <mixed-citation id="d37340e2035" publication-type="book">
1954: Big Jay MacNeely, 'Deacon's Hop', Savoy 1143<person-group>
                  <string-name xmlns:xlink="http://www.w3.org/1999/xlink">
                     <surname>MacNeely</surname>
                  </string-name>
               </person-group>
               <fpage>1143</fpage>
               <source>Deacon's Hop</source>
               <year>1954</year>
            </mixed-citation>
         </ref>
         <ref id="d37340e2060a1310">
            <mixed-citation id="d37340e2064" publication-type="book">
1955: Red Prysock, 'Handclappin', Mercury 70698<person-group>
                  <string-name xmlns:xlink="http://www.w3.org/1999/xlink">
                     <surname>Prysock</surname>
                  </string-name>
               </person-group>
               <source>Handclappin</source>
               <year>1955</year>
            </mixed-citation>
         </ref>
         <ref id="d37340e2087a1310">
            <mixed-citation id="d37340e2091" publication-type="book">
Red Prysock, 'Fingertips', Mercury 70733<person-group>
                  <string-name xmlns:xlink="http://www.w3.org/1999/xlink">
                     <surname>Prysock</surname>
                  </string-name>
               </person-group>
               <source>Fingertips</source>
            </mixed-citation>
         </ref>
         <ref id="d37340e2110a1310">
            <mixed-citation id="d37340e2114" publication-type="book">
1956: Sil Austin, 'Slow Walk', Mercury 70963<person-group>
                  <string-name xmlns:xlink="http://www.w3.org/1999/xlink">
                     <surname>Austin</surname>
                  </string-name>
               </person-group>
               <source>Slow Walk</source>
               <year>1956</year>
            </mixed-citation>
         </ref>
         <ref id="d37340e2136a1310">
            <mixed-citation id="d37340e2140" publication-type="book">
Bill Doggett, featuring Clifford Scott, 'Honky Tonk', King 4950<person-group>
                  <string-name xmlns:xlink="http://www.w3.org/1999/xlink">
                     <surname>Doggett</surname>
                  </string-name>
               </person-group>
               <source>Honky Tonk</source>
            </mixed-citation>
         </ref>
         <ref id="d37340e2159a1310">
            <mixed-citation id="d37340e2163" publication-type="book">
Bill Haley, featuring Rudy Pompilli, 'Rudy's Rock', Decca 30085<person-group>
                  <string-name xmlns:xlink="http://www.w3.org/1999/xlink">
                     <surname>Haley</surname>
                  </string-name>
               </person-group>
               <source>Rudy's Rock</source>
            </mixed-citation>
         </ref>
         <ref id="d37340e2182a1310">
            <mixed-citation id="d37340e2186" publication-type="book">
1957: Noble 'Thin Man' Watts, 'Hard Times (The Slop)', Baton 249<source>Noble 'Thin Man' Watts, 'Hard Times</source>
               <year>1957</year>
            </mixed-citation>
         </ref>
         <ref id="d37340e2199a1310">
            <mixed-citation id="d37340e2203" publication-type="book">
Chuck Willis, featuring Gene Barge, 'C. C. Rider', Atlantic 1130<person-group>
                  <string-name xmlns:xlink="http://www.w3.org/1999/xlink">
                     <surname>Willis</surname>
                  </string-name>
               </person-group>
               <source>featuring Gene Barge</source>
            </mixed-citation>
         </ref>
         <ref id="d37340e2223a1310">
            <mixed-citation id="d37340e2227" publication-type="book">
1958: Lee Allen, 'Walkin with Mr. Lee', Ember 1027<person-group>
                  <string-name xmlns:xlink="http://www.w3.org/1999/xlink">
                     <surname>Allen</surname>
                  </string-name>
               </person-group>
               <source>Walkin with Mr. Lee</source>
               <year>1958</year>
            </mixed-citation>
         </ref>
         <ref id="d37340e2249a1310">
            <mixed-citation id="d37340e2253" publication-type="book">
The Champs, featuring Danny Flores a.k.a. Chuck Rio, 'Tequila', Challenge 1016<comment content-type="section">The Champs, featuring Danny Flores a.k.a. Chuck Rio</comment>
               <source>Tequila</source>
            </mixed-citation>
         </ref>
         <ref id="d37340e2266a1310">
            <mixed-citation id="d37340e2270" publication-type="book">
Duane Eddy &amp; the Rebels, featuring Gil Bernal, 'Rebel Rouser', Jamie 1104<person-group>
                  <string-name xmlns:xlink="http://www.w3.org/1999/xlink">
                     <surname>Eddy</surname>
                  </string-name>
               </person-group>
               <source>Rebel Rouser</source>
            </mixed-citation>
         </ref>
         <ref id="d37340e2289a1310">
            <mixed-citation id="d37340e2293" publication-type="book">
The Coasters, featuring King Curtis, 'Yakety Yak', Atco 6116<comment content-type="section">The Coasters, featuring King Curtis</comment>
               <source>Yakety Yak</source>
            </mixed-citation>
         </ref>
         <ref id="d37340e2306a1310">
            <mixed-citation id="d37340e2310" publication-type="book">
1959: Ernie Fields Orchestra, featuring Plas Johnson, 'In the Mood', Rendezvous 110<comment content-type="section">Ernie Fields Orchestra, featuring Plas Johnson</comment>
               <fpage>110</fpage>
               <source>In the Mood</source>
               <year>1959</year>
            </mixed-citation>
         </ref>
         <ref id="d37340e2329a1310">
            <mixed-citation id="d37340e2333" publication-type="book">
Johnny &amp; the Hurricanes, featuring Johnny Paris, 'Crossfire', Warwick 502<person-group>
                  <string-name xmlns:xlink="http://www.w3.org/1999/xlink">
                     <surname>Johnny</surname>
                  </string-name>
               </person-group>
               <fpage>502</fpage>
               <source>Crossfire</source>
            </mixed-citation>
         </ref>
         <ref id="d37340e2356a1310">
            <mixed-citation id="d37340e2360" publication-type="book">
Johnny &amp; the Hurricanes, featuring Johnny Paris, 'Red River Rock', Warwick 502<person-group>
                  <string-name xmlns:xlink="http://www.w3.org/1999/xlink">
                     <surname>Johnny</surname>
                  </string-name>
               </person-group>
               <fpage>502</fpage>
               <source>Red River Rock</source>
            </mixed-citation>
         </ref>
         <ref id="d37340e2382a1310">
            <mixed-citation id="d37340e2386" publication-type="book">
The Viscounts, featuring Harry Haller, 'Harlem Nocturne', Madison 123<comment content-type="section">The Viscounts, featuring Harry Haller</comment>
               <fpage>123</fpage>
               <source>Harlem Nocturne</source>
            </mixed-citation>
         </ref>
         <ref id="d37340e2402a1310">
            <mixed-citation id="d37340e2406" publication-type="book">
1960: Sil Austin, LP Golden Saxophone Hits, Mercury MG 20663<person-group>
                  <string-name xmlns:xlink="http://www.w3.org/1999/xlink">
                     <surname>Austin</surname>
                  </string-name>
               </person-group>
               <source>LP Golden Saxophone Hits</source>
               <year>1960</year>
            </mixed-citation>
         </ref>
         <ref id="d37340e2428a1310">
            <mixed-citation id="d37340e2432" publication-type="book">
Bill Black's Combo, featuring Martin Willis, 'Don't be Cruel', Hi 2026<person-group>
                  <string-name xmlns:xlink="http://www.w3.org/1999/xlink">
                     <surname>Black</surname>
                  </string-name>
               </person-group>
               <source>Don't be Cruel</source>
            </mixed-citation>
         </ref>
         <ref id="d37340e2451a1310">
            <mixed-citation id="d37340e2455" publication-type="book">
1962: Ace Cannon, 'Tuff', Hi 2040<person-group>
                  <string-name xmlns:xlink="http://www.w3.org/1999/xlink">
                     <surname>Cannon</surname>
                  </string-name>
               </person-group>
               <source>Tuff</source>
               <year>1962</year>
            </mixed-citation>
         </ref>
         <ref id="d37340e2477a1310">
            <mixed-citation id="d37340e2481" publication-type="book">
Les Cooper &amp; the Soul Rockers, featuring Joseph Grier, 'Wiggle Wobble', Everast 5019<person-group>
                  <string-name xmlns:xlink="http://www.w3.org/1999/xlink">
                     <surname>Cooper</surname>
                  </string-name>
               </person-group>
               <source>Wiggle Wobble</source>
            </mixed-citation>
         </ref>
         <ref id="d37340e2501a1310">
            <mixed-citation id="d37340e2505" publication-type="book">
King Curtis and the Noble Knights, 'Soul Twist', Enjoy 1000<person-group>
                  <string-name xmlns:xlink="http://www.w3.org/1999/xlink">
                     <surname>Curtis</surname>
                  </string-name>
               </person-group>
               <source>Soul Twist</source>
            </mixed-citation>
         </ref>
         <ref id="d37340e2524a1310">
            <mixed-citation id="d37340e2528" publication-type="book">
Boots Randolph, 'Yakety Sax', Monument 804<person-group>
                  <string-name xmlns:xlink="http://www.w3.org/1999/xlink">
                     <surname>Randolph</surname>
                  </string-name>
               </person-group>
               <source>Yakety Sax</source>
            </mixed-citation>
         </ref>
         <ref id="d37340e2547a1310">
            <mixed-citation id="d37340e2551" publication-type="book">
Junior Walker &amp; the All Stars, 'Cleo's Mood', Harvey 117<person-group>
                  <string-name xmlns:xlink="http://www.w3.org/1999/xlink">
                     <surname>Walker</surname>
                  </string-name>
               </person-group>
               <source>Cleo's Mood</source>
            </mixed-citation>
         </ref>
         <ref id="d37340e2570a1310">
            <mixed-citation id="d37340e2574" publication-type="book">
1964: King Curtis, 'Soul Serenade', Capitol 5109<person-group>
                  <string-name xmlns:xlink="http://www.w3.org/1999/xlink">
                     <surname>Curtis</surname>
                  </string-name>
               </person-group>
               <source>Soul Serenade</source>
               <year>1964</year>
            </mixed-citation>
         </ref>
         <ref id="d37340e2596a1310">
            <mixed-citation id="d37340e2600" publication-type="book">
Henry Mancini Orchestra, featuring Plas Johnson, 'The Pink Panther Theme', Capitol 5147
Courtesy: Roy Simonds<person-group>
                  <string-name xmlns:xlink="http://www.w3.org/1999/xlink">
                     <surname>Orchestra</surname>
                  </string-name>
               </person-group>
               <source>The Pink Panther Theme</source>
            </mixed-citation>
         </ref>
      </ref-list>
      <ref-list>
         <title>Select Discography: Other recordings mentioned in the text</title>
         <ref id="d37340e2631a1310">
            <mixed-citation id="d37340e2635" publication-type="book">
1954: Wilbur 'Red' Prysock, 'Blow your Horn', Mercury 70419<source>Blow your Horn</source>
               <year>1954</year>
            </mixed-citation>
         </ref>
         <ref id="d37340e2648a1310">
            <mixed-citation id="d37340e2652" publication-type="book">
1962: Sam 'the Man' Taylor on King Curtis, 'Party Time Twist', Ace CH 262<person-group>
                  <string-name xmlns:xlink="http://www.w3.org/1999/xlink">
                     <surname>Curtis</surname>
                  </string-name>
               </person-group>
               <source>Party Time Twist</source>
               <year>1962</year>
            </mixed-citation>
         </ref>
         <ref id="d37340e2674a1310">
            <mixed-citation id="d37340e2678" publication-type="book">
1979: Honkers and Screamers, Savoy SJL 2234<source>Honkers and Screamers</source>
               <year>1979</year>
            </mixed-citation>
         </ref>
         <ref id="d37340e2691a1310">
            <mixed-citation id="d37340e2695" publication-type="book">
1986: Atlantic Honkers, Atlantic 781 666-1<source>Atlantic Honkers</source>
               <year>1986</year>
            </mixed-citation>
         </ref>
         <ref id="d37340e2709a1310">
            <mixed-citation id="d37340e2713" publication-type="book">
1987: Joe Houston, Rockin &amp; Boppin Saxophonograph, BM-1302<person-group>
                  <string-name xmlns:xlink="http://www.w3.org/1999/xlink">
                     <surname>Houston</surname>
                  </string-name>
               </person-group>
               <source>Rockin &amp; Boppin Saxophonograph</source>
               <year>1987</year>
            </mixed-citation>
         </ref>
         <ref id="d37340e2735a1310">
            <mixed-citation id="d37340e2739" publication-type="book">
1988: Honkers and Barwalkers, Delmark DL 438<source>Honkers and Barwalkers</source>
               <year>1988</year>
            </mixed-citation>
         </ref>
      </ref-list>
   </back>
</article>
