<article dtd-version="1.0" article-type="research-article">
   <front>
      <journal-meta>
         <journal-id xmlns:xlink="http://www.w3.org/1999/xlink" journal-id-type="jstor">popularmusic</journal-id>
         <journal-id xmlns:xlink="http://www.w3.org/1999/xlink" journal-id-type="jstor">j100590</journal-id>
         <journal-title-group xmlns:xlink="http://www.w3.org/1999/xlink">
            <journal-title>Popular Music</journal-title>
         </journal-title-group>
         <publisher>
            <publisher-name>Cambridge University Press</publisher-name>
         </publisher>
         <issn xmlns:xlink="http://www.w3.org/1999/xlink" pub-type="ppub">02611430</issn>
         <issn xmlns:xlink="http://www.w3.org/1999/xlink" pub-type="epub">14740095</issn>
      </journal-meta>
      <article-meta>
         <article-id xmlns:xlink="http://www.w3.org/1999/xlink" pub-id-type="jstor">853327</article-id>
         <title-group>
            <article-title> Cantando la cama vacía: Love, Sexuality and Gender Relationships in Dominican bachata </article-title>
         </title-group>
         <contrib-group>
            <contrib contrib-type="author">
               <string-name xmlns:xlink="http://www.w3.org/1999/xlink">
                  <given-names>Deborah Pacini</given-names>
                  <surname>Hernandez</surname>
               </string-name>
            </contrib>
         </contrib-group>
         <pub-date xmlns:xlink="http://www.w3.org/1999/xlink">
            <day>1</day>
            <month>10</month>
            <year>1990</year>
         </pub-date>
         <volume>9</volume>
         <issue>3</issue>
         <issue-id xmlns:xlink="http://www.w3.org/1999/xlink">i235374</issue-id>
         <fpage>351</fpage>
         <lpage>367</lpage>
         <page-range>351-367</page-range>
         <permissions>
            <copyright-statement>Copyright 1990 Cambridge University Press</copyright-statement>
         </permissions>
         <self-uri xmlns:xlink="http://www.w3.org/1999/xlink"
                   xlink:href="http://www.jstor.org/stable/853327"/>
         <custom-meta-group xmlns:xlink="http://www.w3.org/1999/xlink">
            <custom-meta>
               <meta-name>lang</meta-name>
               <meta-value>eng</meta-value>
            </custom-meta>
         </custom-meta-group>
      </article-meta>
   </front>
   <back>
      <ref-list>
         <title>Endnotes</title>
         <ref id="d10007e129a1310">
            <label>3</label>
            <mixed-citation id="d10007e138" publication-type="book">
Frith and McRobbie develop this idea in relation
to rock, claiming that rock is '. . . a
necessary part of understanding how sexual
feelings and attitudes are learnt' (1978, p. 4).<person-group>
                  <string-name xmlns:xlink="http://www.w3.org/1999/xlink">
                     <surname>Frith</surname>
                  </string-name>
               </person-group>
               <fpage>4</fpage>
               <source>. . . a necessary part of understanding how sexual feelings and attitudes are learnt</source>
               <year>1978</year>
            </mixed-citation>
         </ref>
      </ref-list>
      <ref-list>
         <title>Bibliography</title>
         <ref id="d10007e182a1310">
            <mixed-citation id="d10007e186" publication-type="book">
Baez, C. 1984. La Subordinacidn Social de la Mujer Dominicana en Cifras (Santo Domingo)<person-group>
                  <string-name xmlns:xlink="http://www.w3.org/1999/xlink">
                     <surname>Baez</surname>
                  </string-name>
               </person-group>
               <source>La Subordinacidn Social de la Mujer Dominicana en Cifras</source>
               <year>1984</year>
            </mixed-citation>
         </ref>
         <ref id="d10007e208a1310">
            <mixed-citation id="d10007e212" publication-type="book">
Davis, M. 1987. La Otra Ciencia: El Vodu' Dominicano Como Religidn y Medicina Populares (Santo Domingo)<person-group>
                  <string-name xmlns:xlink="http://www.w3.org/1999/xlink">
                     <surname>Davis</surname>
                  </string-name>
               </person-group>
               <source>La Otra Ciencia: El Vodu' Dominicano Como Religidn y Medicina Populares</source>
               <year>1987</year>
            </mixed-citation>
         </ref>
         <ref id="d10007e234a1310">
            <mixed-citation id="d10007e238" publication-type="book">
Duarte, I. 1980. Capitalismo y Superpoblacidn en Santo Domingo (Santo Domingo)<person-group>
                  <string-name xmlns:xlink="http://www.w3.org/1999/xlink">
                     <surname>Duarte</surname>
                  </string-name>
               </person-group>
               <source>Capitalismo y Superpoblacidn en Santo Domingo</source>
               <year>1980</year>
            </mixed-citation>
            <mixed-citation id="d10007e259" publication-type="book">
1986. Trabajadores Urbanos: Ensayos sobre fuerza laboral en Reptblica Dominicana (Santo Domingo)<person-group>
                  <string-name xmlns:xlink="http://www.w3.org/1999/xlink">
                     <surname>Duarte</surname>
                  </string-name>
               </person-group>
               <source>Trabajadores Urbanos: Ensayos sobre fuerza laboral en Reptblica Dominicana</source>
               <year>1986</year>
            </mixed-citation>
         </ref>
         <ref id="d10007e281a1310">
            <mixed-citation id="d10007e285" publication-type="journal">
Ferrain, F. 1985. 'Figuras de lo dominicano', Ciencia y Sociedad, 10(1), pp. 5-29<person-group>
                  <string-name xmlns:xlink="http://www.w3.org/1999/xlink">
                     <surname>Ferrain</surname>
                  </string-name>
               </person-group>
               <issue>1</issue>
               <fpage>5</fpage>
               <volume>10</volume>
               <source>Ciencia y Sociedad</source>
               <year>1985</year>
            </mixed-citation>
         </ref>
         <ref id="d10007e318a1310">
            <mixed-citation id="d10007e322" publication-type="journal">
Frith, S. and McRobbie, A. 1978. 'Rock and sexuality', Screen Education, 29, pp. 3-19<person-group>
                  <string-name xmlns:xlink="http://www.w3.org/1999/xlink">
                     <surname>Frith</surname>
                  </string-name>
               </person-group>
               <fpage>3</fpage>
               <volume>29</volume>
               <source>Screen Education</source>
               <year>1978</year>
            </mixed-citation>
         </ref>
         <ref id="d10007e351a1310">
            <mixed-citation id="d10007e355" publication-type="journal">
Oliven, R. G. 1988. '"The woman makes (and breaks) the man": The masculine imagery in Brazilian
popular music', Latin American Music Review, 9(1), pp. 90-108<object-id pub-id-type="doi">10.2307/780000</object-id>
               <fpage>90</fpage>
            </mixed-citation>
         </ref>
         <ref id="d10007e371a1310">
            <mixed-citation id="d10007e375" publication-type="journal">
Pacini, D. 1989. 'Social identity and class in bachata, an emerging Dominican popular music', Latin
American Music Review, 10(1), pp. 69-91<object-id pub-id-type="doi">10.2307/780383</object-id>
               <fpage>69</fpage>
            </mixed-citation>
         </ref>
         <ref id="d10007e391a1310">
            <mixed-citation id="d10007e395" publication-type="other">
Pacini Hernandez, D. 1989. 'Music of Marginality: Social Identity and Class in Dominican Bachata', PhD
dissertation, Cornell University</mixed-citation>
         </ref>
      </ref-list>
   </back>
</article>
