<article dtd-version="1.0" article-type="research-article">
   <front>
      <journal-meta>
         <journal-id xmlns:xlink="http://www.w3.org/1999/xlink" journal-id-type="jstor">popularmusic</journal-id>
         <journal-id xmlns:xlink="http://www.w3.org/1999/xlink" journal-id-type="jstor">j100590</journal-id>
         <journal-title-group xmlns:xlink="http://www.w3.org/1999/xlink">
            <journal-title>Popular Music</journal-title>
         </journal-title-group>
         <publisher>
            <publisher-name>Cambridge University Press</publisher-name>
         </publisher>
         <issn xmlns:xlink="http://www.w3.org/1999/xlink" pub-type="ppub">02611430</issn>
         <issn xmlns:xlink="http://www.w3.org/1999/xlink" pub-type="epub">14740095</issn>
      </journal-meta>
      <article-meta>
         <article-id xmlns:xlink="http://www.w3.org/1999/xlink" pub-id-type="jstor">853455</article-id>
         <title-group>
            <article-title>Songs from the Bell Jar: Autonomy and Resistance in the Music of The Bangles</article-title>
         </title-group>
         <contrib-group>
            <contrib contrib-type="author">
               <string-name xmlns:xlink="http://www.w3.org/1999/xlink">
                  <given-names>Peter</given-names>
                  <surname>Mercer-Taylor</surname>
               </string-name>
            </contrib>
         </contrib-group>
         <pub-date xmlns:xlink="http://www.w3.org/1999/xlink">
            <day>1</day>
            <month>5</month>
            <year>1998</year>
         </pub-date>
         <volume>17</volume>
         <issue>2</issue>
         <issue-id xmlns:xlink="http://www.w3.org/1999/xlink">i235390</issue-id>
         <fpage>187</fpage>
         <lpage>204</lpage>
         <page-range>187-204</page-range>
         <permissions>
            <copyright-statement>Copyright 1998 Cambridge University Press</copyright-statement>
         </permissions>
         <self-uri xmlns:xlink="http://www.w3.org/1999/xlink"
                   xlink:href="http://www.jstor.org/stable/853455"/>
         <custom-meta-group xmlns:xlink="http://www.w3.org/1999/xlink">
            <custom-meta>
               <meta-name>lang</meta-name>
               <meta-value>eng</meta-value>
            </custom-meta>
         </custom-meta-group>
      </article-meta>
   </front>
   <back>
      <ref-list>
         <title>Endnotes</title>
         <ref id="d6719e132a1310">
            <label>1</label>
            <mixed-citation id="d6719e139" publication-type="book">
Pam Brandt (1982)  </mixed-citation>
            <mixed-citation id="d6719e147" publication-type="journal">
Jim
Miller et al. (1985)  </mixed-citation>
            <mixed-citation id="d6719e158" publication-type="book">
Gillian Gaar (1992, pp. 271-
435)  <fpage>271</fpage>
            </mixed-citation>
         </ref>
         <ref id="d6719e173a1310">
            <label>2</label>
            <mixed-citation id="d6719e182" publication-type="book">
Angela McRobbie (1979)  </mixed-citation>
            <mixed-citation id="d6719e190" publication-type="journal">
Simon Reyn-
olds and Joy Press (1996)  </mixed-citation>
         </ref>
         <ref id="d6719e202a1310">
            <label>3</label>
            <mixed-citation id="d6719e211" publication-type="book">
Courtney Love
(1995, p. 68)<fpage>68</fpage>
               <source>Courtney Love</source>
               <year>1995</year>
            </mixed-citation>
            <mixed-citation id="d6719e229" publication-type="other">
1990s</mixed-citation>
         </ref>
         <ref id="d6719e236a1310">
            <label>4</label>
            <mixed-citation id="d6719e243" publication-type="book">
Georgia Christgau (1978)  </mixed-citation>
         </ref>
         <ref id="d6719e253a1310">
            <label>5</label>
            <mixed-citation id="d6719e260" publication-type="book">
Lisa Lewis' (1993)  </mixed-citation>
            <mixed-citation id="d6719e268" publication-type="book">
Susan McClary's
(1991, pp. 148-56)  <fpage>148</fpage>
            </mixed-citation>
         </ref>
         <ref id="d6719e283a1310">
            <label>6</label>
            <mixed-citation id="d6719e290" publication-type="journal">
Kozak (1983)  </mixed-citation>
         </ref>
         <ref id="d6719e299a1310">
            <label>8</label>
            <mixed-citation id="d6719e306" publication-type="journal">
Keyboardist Margot Mifflin (1990, p. 78)  <fpage>78</fpage>
            </mixed-citation>
            <mixed-citation id="d6719e317" publication-type="book">
Barbara Bradby's (1990)  </mixed-citation>
         </ref>
         <ref id="d6719e326a1310">
            <label>9</label>
            <mixed-citation id="d6719e333" publication-type="other">
1986</mixed-citation>
            <mixed-citation id="d6719e339" publication-type="journal">
Sullivan (1986)  </mixed-citation>
         </ref>
         <ref id="d6719e348a1310">
            <label>10</label>
            <mixed-citation id="d6719e357" publication-type="book">
E. A. Kaplan's (1983)  </mixed-citation>
            <mixed-citation id="d6719e365" publication-type="book">
Laura Mulvey's (1975)  </mixed-citation>
            <mixed-citation id="d6719e374" publication-type="book">
Lisa Lewis' (1993)  </mixed-citation>
         </ref>
         <ref id="d6719e383a1310">
            <label>11</label>
            <mixed-citation id="d6719e390" publication-type="other">
1932</mixed-citation>
            <mixed-citation id="d6719e396" publication-type="other">
1983, p. 5</mixed-citation>
         </ref>
         <ref id="d6719e404a1310">
            <label>12</label>
            <mixed-citation id="d6719e411" publication-type="other">
The Rise and Fall of
Ziggy Stardust, 1972, track 10</mixed-citation>
         </ref>
      </ref-list>
      <ref-list>
         <title>References</title>
         <ref id="d6719e430a1310">
            <mixed-citation id="d6719e434" publication-type="book">
Arnold, M. c. 1851. 'Dover Beach', in The Norton Anthology of English Literature, vol. 2, ed. M. H. Abrams
(New York, 1968), pp. 1039-40<person-group>
                  <string-name xmlns:xlink="http://www.w3.org/1999/xlink">
                     <surname>Arnold</surname>
                  </string-name>
               </person-group>
               <comment content-type="section">Dover Beach</comment>
               <fpage>1039</fpage>
               <volume>2</volume>
               <source>The Norton Anthology of English Literature</source>
               <year>1851</year>
            </mixed-citation>
         </ref>
         <ref id="d6719e469a1310">
            <mixed-citation id="d6719e473" publication-type="journal">
Barrow, T. 1963. Please Please Me (album by The Beatles, back cover), EMI Electrola, LC1074<person-group>
                  <string-name xmlns:xlink="http://www.w3.org/1999/xlink">
                     <surname>Barrow</surname>
                  </string-name>
               </person-group>
               <source>EMI Electrola</source>
               <year>1963</year>
            </mixed-citation>
         </ref>
         <ref id="d6719e495a1310">
            <mixed-citation id="d6719e499" publication-type="book">
Bradby, B. 1990. 'Do-talk and don't-talk: the division of the subject in girl-group music', in On Record:
Pop, Rock and the Written Word, eds S. Frith and A. Goodwin (New York), pp. 341-67<person-group>
                  <string-name xmlns:xlink="http://www.w3.org/1999/xlink">
                     <surname>Bradby</surname>
                  </string-name>
               </person-group>
               <comment content-type="section">Do-talk and don't-talk: the division of the subject in girl-group music</comment>
               <fpage>341</fpage>
               <source>On Record: Pop, Rock and the Written Word</source>
               <year>1990</year>
            </mixed-citation>
         </ref>
         <ref id="d6719e531a1310">
            <mixed-citation id="d6719e535" publication-type="book">
Brandt, P. 1982. 'At last ... enough women rockers to pick and choose', Ms., September, pp. 110-16<person-group>
                  <string-name xmlns:xlink="http://www.w3.org/1999/xlink">
                     <surname>Brandt</surname>
                  </string-name>
               </person-group>
               <fpage>110</fpage>
               <source>At last ... enough women rockers to pick and choose</source>
               <year>1982</year>
            </mixed-citation>
         </ref>
         <ref id="d6719e561a1310">
            <mixed-citation id="d6719e565" publication-type="journal">
Christgau, G. 1978. 'The girls can't help it', The Village Voice, 30 October<person-group>
                  <string-name xmlns:xlink="http://www.w3.org/1999/xlink">
                     <surname>Christgau</surname>
                  </string-name>
               </person-group>
               <issue>October</issue>
               <volume>30</volume>
               <source>The Village Voice</source>
               <year>1978</year>
            </mixed-citation>
            <mixed-citation id="d6719e593" publication-type="book">
reprinted in Rock She Wrote:
Women Write About Rock, Pop, and Rap, eds E. McDonnell and A. Powers (New York, 1995), pp. 47-56<fpage>47</fpage>
               <source>Rock She Wrote: Women Write About Rock, Pop, and Rap</source>
               <year>1995</year>
            </mixed-citation>
         </ref>
         <ref id="d6719e612a1310">
            <mixed-citation id="d6719e616" publication-type="book">
Eliot, T. S. 1917. 'The love song of J. Alfred Prufrock', T. S. Eliot: The Complete Poems and Plays, 1909-
1950 (New York, 1952), pp. 3-7<person-group>
                  <string-name xmlns:xlink="http://www.w3.org/1999/xlink">
                     <surname>Eliot</surname>
                  </string-name>
               </person-group>
               <comment content-type="section">'The love song of J. Alfred Prufrock</comment>
               <fpage>3</fpage>
               <source>The Complete Poems and Plays, 1909-1950</source>
               <year>1917</year>
            </mixed-citation>
         </ref>
         <ref id="d6719e648a1310">
            <mixed-citation id="d6719e652" publication-type="journal">
Fissinger, L. 1986. 'Bangles Lore: Different Light', Rolling Stone, 469, 13 March, pp. 47-8<person-group>
                  <string-name xmlns:xlink="http://www.w3.org/1999/xlink">
                     <surname>Fissinger</surname>
                  </string-name>
               </person-group>
               <issue>13 March</issue>
               <fpage>47</fpage>
               <volume>469</volume>
               <source>Rolling Stone</source>
               <year>1986</year>
            </mixed-citation>
         </ref>
         <ref id="d6719e684a1310">
            <mixed-citation id="d6719e688" publication-type="journal">
FitzGerald, H. 1986. 'Take 4 girls', Melody Maker, 61, 15 February, p. 14<person-group>
                  <string-name xmlns:xlink="http://www.w3.org/1999/xlink">
                     <surname>Fitzgerald</surname>
                  </string-name>
               </person-group>
               <issue>15 February</issue>
               <fpage>14</fpage>
               <volume>61</volume>
               <source>Melody Maker,</source>
               <year>1986</year>
            </mixed-citation>
         </ref>
         <ref id="d6719e720a1310">
            <mixed-citation id="d6719e724" publication-type="book">
Frith, S. and McRobbie, A. 1979. 'Rock and sexuality', Screen Education, 29, pp. 3-28<person-group>
                  <string-name xmlns:xlink="http://www.w3.org/1999/xlink">
                     <surname>Frith</surname>
                  </string-name>
               </person-group>
               <comment content-type="section">Rock and sexuality</comment>
               <fpage>3</fpage>
               <volume>29</volume>
               <source>Screen Education</source>
               <year>1979</year>
            </mixed-citation>
            <mixed-citation id="d6719e755" publication-type="book">
Record: Pop, Rock and the Written Word, eds S. Frith and A. Goodwin (New York, 1990), pp. 371-89<fpage>371</fpage>
               <source>Record: Pop, Rock and the Written Word</source>
               <year>1990</year>
            </mixed-citation>
         </ref>
         <ref id="d6719e771a1310">
            <mixed-citation id="d6719e775" publication-type="book">
Gaar, G. 1992. She's a Rebel: The History of Women in Rock &amp; Roll (Seattle)<person-group>
                  <string-name xmlns:xlink="http://www.w3.org/1999/xlink">
                     <surname>Gaar</surname>
                  </string-name>
               </person-group>
               <source>She's a Rebel: The History of Women in Rock &amp; Roll</source>
               <year>1992</year>
            </mixed-citation>
         </ref>
         <ref id="d6719e798a1310">
            <mixed-citation id="d6719e802" publication-type="journal">
Goldberg, M. 1984. 'Bangles: A female fab four?', Rolling Stone, 430, 13 September, p. 42<person-group>
                  <string-name xmlns:xlink="http://www.w3.org/1999/xlink">
                     <surname>Goldberg</surname>
                  </string-name>
               </person-group>
               <issue>13 September</issue>
               <fpage>42</fpage>
               <volume>430</volume>
               <source>Rolling Stone</source>
               <year>1984</year>
            </mixed-citation>
         </ref>
         <ref id="d6719e834a1310">
            <mixed-citation id="d6719e838" publication-type="book">
Kaplan, E. A. 1983. Women and Film: Both Sides of the Camera (New York)<person-group>
                  <string-name xmlns:xlink="http://www.w3.org/1999/xlink">
                     <surname>Kaplan</surname>
                  </string-name>
               </person-group>
               <source>Women and Film: Both Sides of the Camera</source>
               <year>1983</year>
            </mixed-citation>
         </ref>
         <ref id="d6719e860a1310">
            <mixed-citation id="d6719e864" publication-type="journal">
Kozak, R. 1983. 'Three new acts offer view from distaff side', Billboard, 95, 18 June, p. 46<person-group>
                  <string-name xmlns:xlink="http://www.w3.org/1999/xlink">
                     <surname>Kozak</surname>
                  </string-name>
               </person-group>
               <issue>18 June</issue>
               <fpage>46</fpage>
               <volume>95</volume>
               <source>Billboard</source>
               <year>1983</year>
            </mixed-citation>
         </ref>
         <ref id="d6719e896a1310">
            <mixed-citation id="d6719e900" publication-type="book">
Lewis, L. 1993. 'Being discovered: the emergence of female address on MTV', in Sound and Vision: The
Music Video Reader, eds S. Frith, A. Goodwin, and L. Grossberg (New York), pp. 129-51<person-group>
                  <string-name xmlns:xlink="http://www.w3.org/1999/xlink">
                     <surname>Lewis</surname>
                  </string-name>
               </person-group>
               <comment content-type="section">Being discovered: the emergence of female address on MTV</comment>
               <fpage>129</fpage>
               <source>Sound and Vision: The Music Video Reader</source>
               <year>1993</year>
            </mixed-citation>
         </ref>
         <ref id="d6719e932a1310">
            <mixed-citation id="d6719e936" publication-type="journal">
Love, C. 1995. 'Lollapallooza '95: The Hole Truth', Spin, 11, December, pp. 62-75<person-group>
                  <string-name xmlns:xlink="http://www.w3.org/1999/xlink">
                     <surname>Love</surname>
                  </string-name>
               </person-group>
               <issue>December</issue>
               <fpage>62</fpage>
               <volume>11</volume>
               <source>Spin</source>
               <year>1995</year>
            </mixed-citation>
         </ref>
         <ref id="d6719e968a1310">
            <mixed-citation id="d6719e972" publication-type="book">
McClary, S. 1991. Feminine Endings: Music, Gender, and Sexuality (Minnesota)<person-group>
                  <string-name xmlns:xlink="http://www.w3.org/1999/xlink">
                     <surname>McClary</surname>
                  </string-name>
               </person-group>
               <source>Feminine Endings: Music, Gender, and Sexuality</source>
               <year>1991</year>
            </mixed-citation>
         </ref>
         <ref id="d6719e995a1310">
            <mixed-citation id="d6719e999" publication-type="journal">
Mifflin, M. 1990. 'The fallacy of feminism in rock', Keyboard, April<person-group>
                  <string-name xmlns:xlink="http://www.w3.org/1999/xlink">
                     <surname>Mifflin</surname>
                  </string-name>
               </person-group>
               <issue>April</issue>
               <source>Keyboard</source>
               <year>1990</year>
            </mixed-citation>
            <mixed-citation id="d6719e1023" publication-type="book">
Rock She Wrote: Women
Write About Rock, Pop, and Rap, ed. E. McDonnell and A. Powers (New York, 1995), pp. 76-9<person-group>
                  <string-name xmlns:xlink="http://www.w3.org/1999/xlink">
                     <surname>McDonnell</surname>
                  </string-name>
               </person-group>
               <fpage>76</fpage>
               <source>Rock She Wrote: Women Write About Rock, Pop, and Rap</source>
               <year>1995</year>
            </mixed-citation>
         </ref>
         <ref id="d6719e1052a1310">
            <mixed-citation id="d6719e1056" publication-type="journal">
Miller, J., McGuigan, C., Vehling, M., Huck, J., and McAlevey, P. et al. 1985. 'Rock's new women', New-
sweek, 4 March, pp. 48-57<person-group>
                  <string-name xmlns:xlink="http://www.w3.org/1999/xlink">
                     <surname>Miller</surname>
                  </string-name>
               </person-group>
               <issue>4 March</issue>
               <fpage>48</fpage>
               <source>Newsweek</source>
               <year>1985</year>
            </mixed-citation>
         </ref>
         <ref id="d6719e1088a1310">
            <mixed-citation id="d6719e1092" publication-type="journal">
Morris, C. 1988. 'The Bangles clink with change', Billboard, 100, 22 October, pp. 45, 84<person-group>
                  <string-name xmlns:xlink="http://www.w3.org/1999/xlink">
                     <surname>Morris</surname>
                  </string-name>
               </person-group>
               <issue>2 2October</issue>
               <fpage>45</fpage>
               <volume>100</volume>
               <source>Billboard</source>
               <year>1988</year>
            </mixed-citation>
         </ref>
         <ref id="d6719e1124a1310">
            <mixed-citation id="d6719e1128" publication-type="book">
Mulvey, L. 1975. 'Visual pleasure and narrative cinema', Screen, 16, pp. 6-18<person-group>
                  <string-name xmlns:xlink="http://www.w3.org/1999/xlink">
                     <surname>Mulvey</surname>
                  </string-name>
               </person-group>
               <comment content-type="section">'Visual pleasure and narrative cinema</comment>
               <fpage>6</fpage>
               <volume>16</volume>
               <source>Screen</source>
               <year>1975</year>
            </mixed-citation>
         </ref>
         <ref id="d6719e1160a1310">
            <mixed-citation id="d6719e1164" publication-type="journal">
Orlean, S. 1987. 'California girls', Rolling Stone, 496, 26 March, pp. 62-4, 162-4<person-group>
                  <string-name xmlns:xlink="http://www.w3.org/1999/xlink">
                     <surname>Orlean</surname>
                  </string-name>
               </person-group>
               <issue>26 March,</issue>
               <fpage>62</fpage>
               <volume>496</volume>
               <source>Rolling Stone</source>
               <year>1987</year>
            </mixed-citation>
         </ref>
         <ref id="d6719e1196a1310">
            <mixed-citation id="d6719e1200" publication-type="book">
Plath, S. 1971. The Bell Jar, first American edition (New York)<person-group>
                  <string-name xmlns:xlink="http://www.w3.org/1999/xlink">
                     <surname>Plath</surname>
                  </string-name>
               </person-group>
               <source>The Bell Jar, first American edition</source>
               <year>1971</year>
            </mixed-citation>
         </ref>
         <ref id="d6719e1223a1310">
            <mixed-citation id="d6719e1227" publication-type="journal">
Puterbaugh, P. 1984. 'All Over the Place: The Bangles', Rolling Stone, 428, 16 August, p. 38<person-group>
                  <string-name xmlns:xlink="http://www.w3.org/1999/xlink">
                     <surname>Puterbaugh</surname>
                  </string-name>
               </person-group>
               <issue>16 August</issue>
               <fpage>38</fpage>
               <volume>428</volume>
               <source>Rolling Stone</source>
               <year>1984</year>
            </mixed-citation>
         </ref>
         <ref id="d6719e1259a1310">
            <mixed-citation id="d6719e1263" publication-type="book">
Reynolds, S. and Press, J. 1996. The Sex Revolts: Gender, Rebellion, and Rock 'n' Roll (Cambridge, MA)<person-group>
                  <string-name xmlns:xlink="http://www.w3.org/1999/xlink">
                     <surname>Reynolds</surname>
                  </string-name>
               </person-group>
               <source>The Sex Revolts: Gender, Rebellion, and Rock 'n' Roll</source>
               <year>1996</year>
            </mixed-citation>
         </ref>
         <ref id="d6719e1285a1310">
            <mixed-citation id="d6719e1289" publication-type="journal">
Smith, M. 1986. 'Pretty vacant: The Bangles, Town And Country Club', Melody Maker, 61, 15 March, p. 17<person-group>
                  <string-name xmlns:xlink="http://www.w3.org/1999/xlink">
                     <surname>Smith</surname>
                  </string-name>
               </person-group>
               <issue>15 March</issue>
               <fpage>17</fpage>
               <volume>61</volume>
               <source>Melody Maker</source>
               <year>1986</year>
            </mixed-citation>
         </ref>
         <ref id="d6719e1321a1310">
            <mixed-citation id="d6719e1325" publication-type="journal">
Sullivan, C. 1986. 'The Bangles: Town And Country Club', Melody Maker, 61, 12 July, p. 17<person-group>
                  <string-name xmlns:xlink="http://www.w3.org/1999/xlink">
                     <surname>Sullivan</surname>
                  </string-name>
               </person-group>
               <issue>12 July</issue>
               <fpage>17</fpage>
               <volume>61</volume>
               <source>Melody Maker</source>
               <year>1986</year>
            </mixed-citation>
         </ref>
         <ref id="d6719e1357a1310">
            <mixed-citation id="d6719e1361" publication-type="journal">
Sutherland, S. 1985. 'Party four: Bangles All Over the Place', Melody Maker, 60, 9 March, p. 24<person-group>
                  <string-name xmlns:xlink="http://www.w3.org/1999/xlink">
                     <surname>Sutherland</surname>
                  </string-name>
               </person-group>
               <issue>9 March</issue>
               <fpage>24</fpage>
               <volume>60</volume>
               <source>Melody Maker</source>
               <year>1985</year>
            </mixed-citation>
         </ref>
         <ref id="d6719e1393a1310">
            <mixed-citation id="d6719e1397" publication-type="journal">
Sweeting, A. 1986. 'The Bangles: Different Light', Melody Maker, 61, 8 March, p. 33<person-group>
                  <string-name xmlns:xlink="http://www.w3.org/1999/xlink">
                     <surname>Sweeting</surname>
                  </string-name>
               </person-group>
               <issue>8 March,</issue>
               <fpage>33</fpage>
               <volume>61</volume>
               <source>Melody Maker</source>
               <year>1986</year>
            </mixed-citation>
         </ref>
         <ref id="d6719e1430a1310">
            <mixed-citation id="d6719e1434" publication-type="book">
Walser, R. 1993. Running With the Devil: Power, Gender, and Madness in Heavy Metal Music (Hanover, NH)<person-group>
                  <string-name xmlns:xlink="http://www.w3.org/1999/xlink">
                     <surname>Walser</surname>
                  </string-name>
               </person-group>
               <source>Running With the Devil: Power, Gender, and Madness in Heavy Metal Music</source>
               <year>1993</year>
            </mixed-citation>
         </ref>
      </ref-list>
      <ref-list>
         <title>Selected Discography</title>
         <ref id="d6719e1465a1310">
            <mixed-citation id="d6719e1469" publication-type="book">
The Bangles, The Bangles (EP). IRS, 70506. 1982<source>The Bangles, The Bangles</source>
               <year>1982</year>
            </mixed-citation>
         </ref>
         <ref id="d6719e1482a1310">
            <mixed-citation id="d6719e1486" publication-type="book">
The Bangles, All Over the Place. Columbia Records, 39220. 1984<comment content-type="section">The Bangles, All Over the Place.</comment>
               <source>Columbia Records, 39220</source>
               <year>1984</year>
            </mixed-citation>
         </ref>
         <ref id="d6719e1502a1310">
            <mixed-citation id="d6719e1506" publication-type="book">
The Bangles, Different Light. Columbia Records, 40039. 1986<comment content-type="section">The Bangles, Different Light</comment>
               <source>Columbia Records, 40039</source>
               <year>1986</year>
            </mixed-citation>
         </ref>
         <ref id="d6719e1522a1310">
            <mixed-citation id="d6719e1526" publication-type="book">
The Bangles, Everything. Columbia Records, 44056. 1988<source>The Bangles, Everything</source>
               <year>1988</year>
            </mixed-citation>
         </ref>
      </ref-list>
   </back>
</article>
