<article dtd-version="1.0" article-type="research-article">
   <front>
      <journal-meta>
         <journal-id xmlns:xlink="http://www.w3.org/1999/xlink" journal-id-type="jstor">popularmusic</journal-id>
         <journal-id xmlns:xlink="http://www.w3.org/1999/xlink" journal-id-type="jstor">j100590</journal-id>
         <journal-title-group xmlns:xlink="http://www.w3.org/1999/xlink">
            <journal-title>Popular Music</journal-title>
         </journal-title-group>
         <publisher>
            <publisher-name>Cambridge University Press</publisher-name>
         </publisher>
         <issn xmlns:xlink="http://www.w3.org/1999/xlink" pub-type="ppub">02611430</issn>
         <issn xmlns:xlink="http://www.w3.org/1999/xlink" pub-type="epub">14740095</issn>
      </journal-meta>
      <article-meta>
         <article-id xmlns:xlink="http://www.w3.org/1999/xlink" pub-id-type="jstor">853498</article-id>
         <title-group>
            <article-title>Not Just the Same Old Show on My Radio: An Analysis of the Role of Radio in the Diffusion of Black Music among Whites in the South of the United States of America, 1920 to 1960</article-title>
         </title-group>
         <contrib-group>
            <contrib contrib-type="author">
               <string-name xmlns:xlink="http://www.w3.org/1999/xlink">
                  <given-names>Robert C.</given-names>
                  <surname>Kloosterman</surname>
               </string-name>
            </contrib>
            <contrib contrib-type="author">
               <string-name xmlns:xlink="http://www.w3.org/1999/xlink">
                  <given-names>Chris</given-names>
                  <surname>Quispel</surname>
               </string-name>
            </contrib>
         </contrib-group>
         <pub-date xmlns:xlink="http://www.w3.org/1999/xlink">
            <day>1</day>
            <month>4</month>
            <year>1990</year>
         </pub-date>
         <volume>9</volume>
         <issue>2</issue>
         <issue-id xmlns:xlink="http://www.w3.org/1999/xlink">i235373</issue-id>
         <fpage>151</fpage>
         <lpage>164</lpage>
         <page-range>151-164</page-range>
         <permissions>
            <copyright-statement>Copyright 1990 Cambridge University Press</copyright-statement>
         </permissions>
         <self-uri xmlns:xlink="http://www.w3.org/1999/xlink"
                   xlink:href="http://www.jstor.org/stable/853498"/>
         <custom-meta-group xmlns:xlink="http://www.w3.org/1999/xlink">
            <custom-meta>
               <meta-name>lang</meta-name>
               <meta-value>eng</meta-value>
            </custom-meta>
         </custom-meta-group>
      </article-meta>
   </front>
   <back>
      <ref-list>
         <title>Endnotes</title>
         <ref id="d8030e126a1310">
            <label>2</label>
            <mixed-citation id="d8030e133" publication-type="book">
Carson McCullers, 1984, The Heart is
a Lonely Hunter (Harmondsworth)<person-group>
                  <string-name xmlns:xlink="http://www.w3.org/1999/xlink">
                     <surname>McCullers</surname>
                  </string-name>
               </person-group>
               <source>The heart is a lonely hunter</source>
               <year>1984</year>
            </mixed-citation>
         </ref>
         <ref id="d8030e158a1310">
            <label>3</label>
            <mixed-citation id="d8030e165" publication-type="other">
Barnouw
1966, p. 129</mixed-citation>
         </ref>
         <ref id="d8030e175a1310">
            <label>4</label>
            <mixed-citation id="d8030e184" publication-type="other">
Bar-
nouw 1966, p. 130</mixed-citation>
         </ref>
         <ref id="d8030e194a1310">
            <label>5</label>
            <mixed-citation id="d8030e201" publication-type="other">
Barnouw 1966, p. 110</mixed-citation>
         </ref>
         <ref id="d8030e209a1310">
            <label>6</label>
            <mixed-citation id="d8030e216" publication-type="other">
Palmer 1982, p.
165</mixed-citation>
         </ref>
         <ref id="d8030e226a1310">
            <label>7</label>
            <mixed-citation id="d8030e233" publication-type="other">
Barnouw 1966, p. 297</mixed-citation>
         </ref>
         <ref id="d8030e240a1310">
            <label>8</label>
            <mixed-citation id="d8030e247" publication-type="other">
Barnouw 1966, p. 66</mixed-citation>
         </ref>
         <ref id="d8030e254a1310">
            <label>9</label>
            <mixed-citation id="d8030e261" publication-type="other">
Ballantine 1988</mixed-citation>
         </ref>
      </ref-list>
      <ref-list>
         <title>References</title>
         <ref id="d8030e277a1310">
            <mixed-citation id="d8030e281" publication-type="book">
Ballantine, C. 1988. 'Out of Africa - a sound', The Financial Times (8 October)<person-group>
                  <string-name xmlns:xlink="http://www.w3.org/1999/xlink">
                     <surname>Ballantine</surname>
                  </string-name>
               </person-group>
               <comment content-type="section">Out of Africa - a sound</comment>
               <source>The Financial Times</source>
               <year>1988</year>
            </mixed-citation>
         </ref>
         <ref id="d8030e306a1310">
            <mixed-citation id="d8030e310" publication-type="book">
Barnouw, E. A History of Broadcasting in the United States (New York)<person-group>
                  <string-name xmlns:xlink="http://www.w3.org/1999/xlink">
                     <surname>Barnouw</surname>
                  </string-name>
               </person-group>
               <source>A History of Broadcasting in the United States</source>
            </mixed-citation>
            <mixed-citation id="d8030e328" publication-type="book">
1966. Volume 1 A Tower in Babel<volume>1</volume>
               <source>A Tower in Babel</source>
               <year>1966</year>
            </mixed-citation>
            <mixed-citation id="d8030e343" publication-type="book">
1968. Volume 2 The Golden Web<volume>2</volume>
               <source>The Golden Web</source>
               <year>1968</year>
            </mixed-citation>
            <mixed-citation id="d8030e358" publication-type="book">
1970. Volume 3 The Image Empire<volume>3</volume>
               <source>The Image Empire</source>
               <year>1970</year>
            </mixed-citation>
         </ref>
         <ref id="d8030e374a1310">
            <mixed-citation id="d8030e378" publication-type="book">
Chambers, I. 1976. Urban Rhythms (Oxford)<person-group>
                  <string-name xmlns:xlink="http://www.w3.org/1999/xlink">
                     <surname>Chambers</surname>
                  </string-name>
               </person-group>
               <volume>I</volume>
               <source>Urban Rhythms</source>
               <year>1976</year>
            </mixed-citation>
         </ref>
         <ref id="d8030e403a1310">
            <mixed-citation id="d8030e407" publication-type="book">
Dollard, J. 1949. Caste and Class in a Southern Town (New York)<person-group>
                  <string-name xmlns:xlink="http://www.w3.org/1999/xlink">
                     <surname>Dollard</surname>
                  </string-name>
               </person-group>
               <source>Caste and Class in a Southern Town</source>
               <year>1949</year>
            </mixed-citation>
         </ref>
         <ref id="d8030e430a1310">
            <mixed-citation id="d8030e434" publication-type="book">
Fusfield, J. and Bates, H. 1984. The Political Economy of the Urban Ghetto (Illinois)<person-group>
                  <string-name xmlns:xlink="http://www.w3.org/1999/xlink">
                     <surname>Fusfield</surname>
                  </string-name>
               </person-group>
               <source>The Political Economy of the Urban Ghetto</source>
               <year>1984</year>
            </mixed-citation>
         </ref>
         <ref id="d8030e456a1310">
            <mixed-citation id="d8030e460" publication-type="book">
George, Nelson 1988. The Death of Rhythm and Blues (New York)<person-group>
                  <string-name xmlns:xlink="http://www.w3.org/1999/xlink">
                     <surname>George</surname>
                  </string-name>
               </person-group>
               <source>The Death of Rhythm and Blues</source>
               <year>1988</year>
            </mixed-citation>
         </ref>
         <ref id="d8030e482a1310">
            <mixed-citation id="d8030e486" publication-type="book">
Gillett, C. 1970. The Sound of the City (New York)<person-group>
                  <string-name xmlns:xlink="http://www.w3.org/1999/xlink">
                     <surname>Gillett</surname>
                  </string-name>
               </person-group>
               <source>The Sound of the City</source>
               <year>1970</year>
            </mixed-citation>
         </ref>
         <ref id="d8030e508a1310">
            <mixed-citation id="d8030e512" publication-type="book">
Goldman, A. 1981. Elvis (New York)<person-group>
                  <string-name xmlns:xlink="http://www.w3.org/1999/xlink">
                     <surname>Goldman</surname>
                  </string-name>
               </person-group>
               <source>Elvis</source>
               <year>1981</year>
            </mixed-citation>
         </ref>
         <ref id="d8030e534a1310">
            <mixed-citation id="d8030e538" publication-type="book">
Hernton, C. C. 1970. Sex and Racism (London)<person-group>
                  <string-name xmlns:xlink="http://www.w3.org/1999/xlink">
                     <surname>Hernton</surname>
                  </string-name>
               </person-group>
               <source>Sex and Racism</source>
               <year>1970</year>
            </mixed-citation>
         </ref>
         <ref id="d8030e560a1310">
            <mixed-citation id="d8030e564" publication-type="other">
Kittross, S. 1978. Stay Tuned: A Concise History of American Broadcasting (Belmont)</mixed-citation>
         </ref>
         <ref id="d8030e572a1310">
            <mixed-citation id="d8030e576" publication-type="book">
Kloosterman, R. C. 1989. 'Trapped: The Making of a Black "Underclass" in the USA: An Institutionalist
Labour Market View', Research Memorandum No. 8901, Department of Economics, University of
Amsterdam.<person-group>
                  <string-name xmlns:xlink="http://www.w3.org/1999/xlink">
                     <surname>Kloosterman</surname>
                  </string-name>
               </person-group>
               <comment content-type="section">Trapped: The Making of a Black "Underclass" in the USA: An Institutionalist Labour Market View</comment>
               <source>Department of Economics</source>
               <year>1989</year>
            </mixed-citation>
         </ref>
         <ref id="d8030e608a1310">
            <mixed-citation id="d8030e612" publication-type="book">
Levine, L. 1977. Black Culture and Black Consciousness (New York)<person-group>
                  <string-name xmlns:xlink="http://www.w3.org/1999/xlink">
                     <surname>Levine</surname>
                  </string-name>
               </person-group>
               <source>Black Culture and Black Consciousness</source>
               <year>1977</year>
            </mixed-citation>
         </ref>
         <ref id="d8030e634a1310">
            <mixed-citation id="d8030e638" publication-type="book">
MacDonald, J. F. 1979. Don't Touch that Dial! Radio Programming in American Life, 1920-1960 (Chicago)<person-group>
                  <string-name xmlns:xlink="http://www.w3.org/1999/xlink">
                     <surname>MacDonald</surname>
                  </string-name>
               </person-group>
               <fpage>1920</fpage>
               <source>Don't Touch that Dial! Radio Programming in American Life</source>
               <year>1979</year>
            </mixed-citation>
         </ref>
         <ref id="d8030e663a1310">
            <mixed-citation id="d8030e667" publication-type="book">
Palmer, R. 1982. Deep Blues (New York)<person-group>
                  <string-name xmlns:xlink="http://www.w3.org/1999/xlink">
                     <surname>Palmer</surname>
                  </string-name>
               </person-group>
               <source>Deep Blues</source>
               <year>1982</year>
            </mixed-citation>
         </ref>
         <ref id="d8030e689a1310">
            <mixed-citation id="d8030e693" publication-type="book">
Palmer, T. 1977. All You Need is Love (London)<person-group>
                  <string-name xmlns:xlink="http://www.w3.org/1999/xlink">
                     <surname>Palmer</surname>
                  </string-name>
               </person-group>
               <source>All You Need is Love</source>
               <year>1977</year>
            </mixed-citation>
         </ref>
         <ref id="d8030e715a1310">
            <mixed-citation id="d8030e719" publication-type="book">
Rose, A. 1948. The Negro in America (New York)<person-group>
                  <string-name xmlns:xlink="http://www.w3.org/1999/xlink">
                     <surname>Rose</surname>
                  </string-name>
               </person-group>
               <source>The Negro in America</source>
               <year>1948</year>
            </mixed-citation>
         </ref>
         <ref id="d8030e742a1310">
            <mixed-citation id="d8030e746" publication-type="book">
Townsend, C. R. 1975. 'Bob Wills' in The Stars of Country Music: Uncle Dave Macon to Johnny Rodriguez
ed. B. C. Malone and J. McCulloh (New York), pp. 171-195.<person-group>
                  <string-name xmlns:xlink="http://www.w3.org/1999/xlink">
                     <surname>Townsend</surname>
                  </string-name>
               </person-group>
               <fpage>171</fpage>
               <source>Bob Wills' in The Stars of Country Music: Uncle Dave Macon to Johnny Rodriguez</source>
            </mixed-citation>
         </ref>
         <ref id="d8030e771a1310">
            <mixed-citation id="d8030e775" publication-type="journal">
van Arkel, D. 1985. 'The growth of anti-Jewish stereotype: An attempt at developing a hypothetical-
deductive method in historical research', International Review of Social History, vol. xxx, pp. 270-300.<person-group>
                  <string-name xmlns:xlink="http://www.w3.org/1999/xlink">
                     <surname>Arkel</surname>
                  </string-name>
               </person-group>
               <fpage>270</fpage>
               <volume>xxx</volume>
               <source>International Review of Social History</source>
               <year>1985</year>
            </mixed-citation>
         </ref>
         <ref id="d8030e807a1310">
            <mixed-citation id="d8030e811" publication-type="book">
Vann Woodward, C. 1966. The Strange Career of Jim Crow (New York)<person-group>
                  <string-name xmlns:xlink="http://www.w3.org/1999/xlink">
                     <surname>Woodward</surname>
                  </string-name>
               </person-group>
               <source>The Strange Career of Jim Crow</source>
               <year>1966</year>
            </mixed-citation>
         </ref>
      </ref-list>
   </back>
</article>
