<article dtd-version="1.0" article-type="research-article">
   <front>
      <journal-meta>
         <journal-id xmlns:xlink="http://www.w3.org/1999/xlink" journal-id-type="jstor">popularmusic</journal-id>
         <journal-id xmlns:xlink="http://www.w3.org/1999/xlink" journal-id-type="jstor">j100590</journal-id>
         <journal-title-group xmlns:xlink="http://www.w3.org/1999/xlink">
            <journal-title>Popular Music</journal-title>
         </journal-title-group>
         <publisher>
            <publisher-name>Cambridge University Press</publisher-name>
         </publisher>
         <issn xmlns:xlink="http://www.w3.org/1999/xlink" pub-type="ppub">02611430</issn>
         <issn xmlns:xlink="http://www.w3.org/1999/xlink" pub-type="epub">14740095</issn>
      </journal-meta>
      <article-meta>
         <article-id xmlns:xlink="http://www.w3.org/1999/xlink" pub-id-type="jstor">853422</article-id>
         <title-group>
            <article-title>Symmetry around a Centre: Music of an Andean Community</article-title>
         </title-group>
         <contrib-group>
            <contrib contrib-type="author">
               <string-name xmlns:xlink="http://www.w3.org/1999/xlink">
                  <given-names>Barbara</given-names>
                  <surname>Bradby</surname>
               </string-name>
            </contrib>
         </contrib-group>
         <pub-date xmlns:xlink="http://www.w3.org/1999/xlink">
            <day>1</day>
            <month>5</month>
            <year>1987</year>
         </pub-date>
         <volume>6</volume>
         <issue>2</issue>
         <issue-id xmlns:xlink="http://www.w3.org/1999/xlink">i235365</issue-id>
         <fpage>197</fpage>
         <lpage>218</lpage>
         <page-range>197-218</page-range>
         <permissions>
            <copyright-statement>Copyright 1987 Cambridge University Press</copyright-statement>
         </permissions>
         <self-uri xmlns:xlink="http://www.w3.org/1999/xlink"
                   xlink:href="http://www.jstor.org/stable/853422"/>
         <custom-meta-group xmlns:xlink="http://www.w3.org/1999/xlink">
            <custom-meta>
               <meta-name>lang</meta-name>
               <meta-value>eng</meta-value>
            </custom-meta>
         </custom-meta-group>
      </article-meta>
   </front>
   <back>
      <ref-list>
         <title>Endnotes</title>
         <ref id="d4025e114a1310">
            <label>1</label>
            <mixed-citation id="d4025e121" publication-type="book">
Explanation of Musical Terms<source>Explanation of Musical Terms</source>
            </mixed-citation>
         </ref>
         <ref id="d4025e131a1310">
            <label>2</label>
            <mixed-citation id="d4025e138" publication-type="book">
Brailoiu (1984)  </mixed-citation>
            <mixed-citation id="d4025e146" publication-type="book">
Shepherd (1977)  </mixed-citation>
         </ref>
         <ref id="d4025e155a1310">
            <label>3</label>
            <mixed-citation id="d4025e162" publication-type="book">
Brailoiu
1984, p. 241  <fpage>241</fpage>
            </mixed-citation>
         </ref>
         <ref id="d4025e177a1310">
            <label>6</label>
            <mixed-citation id="d4025e184" publication-type="book">
Gushiken 1979, p. 75  <fpage>75</fpage>
            </mixed-citation>
         </ref>
         <ref id="d4025e197a1310">
            <label>10</label>
            <mixed-citation id="d4025e204" publication-type="book">
Stevenson (1968, p. 270)  <fpage>270</fpage>
            </mixed-citation>
         </ref>
         <ref id="d4025e216a1310">
            <label>12</label>
            <mixed-citation id="d4025e223" publication-type="book">
Gushiken 1979, p. 82  <fpage>82</fpage>
            </mixed-citation>
         </ref>
         <ref id="d4025e235a1310">
            <label>18</label>
            <mixed-citation id="d4025e242" publication-type="other">
1968, pp 235, 239</mixed-citation>
         </ref>
         <ref id="d4025e249a1310">
            <label>19</label>
            <mixed-citation id="d4025e256" publication-type="book">
Shepherd (1977, pp. 84 ff)  <fpage>84</fpage>
            </mixed-citation>
         </ref>
      </ref-list>
      <ref-list>
         <title>References</title>
         <ref id="d4025e277a1310">
            <mixed-citation id="d4025e281" publication-type="other">
Bradby, B. 1982. 'Plan, market and money: a study of circulation in Peru'. Unpublished D. Phil. thesis,
University of Sussex</mixed-citation>
         </ref>
         <ref id="d4025e291a1310">
            <mixed-citation id="d4025e295" publication-type="book">
Brailoiu, C. 1984. 'Concerning a Russian melody', in Problems of Ethnomusicology, ed. and trans. by A. L.
Lloyd (Cambridge)<person-group>
                  <string-name xmlns:xlink="http://www.w3.org/1999/xlink">
                     <surname>Brailoiu</surname>
                  </string-name>
               </person-group>
               <comment content-type="section">Concerning a Russian melody</comment>
               <source>Problems of Ethnomusicology</source>
               <year>1984</year>
            </mixed-citation>
         </ref>
         <ref id="d4025e324a1310">
            <mixed-citation id="d4025e328" publication-type="book">
Gushiken, J. 1979. El violin de Isua (Lima: Universidad Nacional Mayor de San Marcos)
d'Harcourt, R. and M. d'Harcourt. 1925. La musique des Incas et ses survivances (Paris)<person-group>
                  <string-name xmlns:xlink="http://www.w3.org/1999/xlink">
                     <surname>Gushiken</surname>
                  </string-name>
               </person-group>
               <comment content-type="section">El violin de Isua</comment>
               <source>La musique des Incas et ses survivances</source>
               <year>1979</year>
            </mixed-citation>
         </ref>
         <ref id="d4025e357a1310">
            <mixed-citation id="d4025e361" publication-type="book">
Harris, O. 1980. 'The power of signs: gender, culture and the wild in the Bolivian Andes' in Nature, Culture
and Gender, eds. C. MacCormack and M. Strathern (Cambridge)<person-group>
                  <string-name xmlns:xlink="http://www.w3.org/1999/xlink">
                     <surname>Harris</surname>
                  </string-name>
               </person-group>
               <comment content-type="section">The power of signs: gender, culture and the wild in the Bolivian Andes</comment>
               <source>Nature, Culture and Gender</source>
               <year>1980</year>
            </mixed-citation>
         </ref>
         <ref id="d4025e391a1310">
            <mixed-citation id="d4025e395" publication-type="book">
Holzmann, R. 1964. Panorama de la mgsica tradicional del Peru (Lima: Casa Mozart)<person-group>
                  <string-name xmlns:xlink="http://www.w3.org/1999/xlink">
                     <surname>Holzmann</surname>
                  </string-name>
               </person-group>
               <source>Panorama de la mgsica tradicional del Peru</source>
               <year>1964</year>
            </mixed-citation>
         </ref>
         <ref id="d4025e417a1310">
            <mixed-citation id="d4025e421" publication-type="book">
Holzmann, R. 1968. 'De la trifonia a la heptafonia en la móisica tradicional del Perui', reprinted from Revista
San Marcos, 1968 (Lima: Comite de Extensión Universitaria de la Universidad Nacional Mayor de
San Marcos)<person-group>
                  <string-name xmlns:xlink="http://www.w3.org/1999/xlink">
                     <surname>Holzmann</surname>
                  </string-name>
               </person-group>
               <source>De la trifonia a la heptafonia en la móisica tradicional del Perui</source>
               <year>1968</year>
            </mixed-citation>
         </ref>
         <ref id="d4025e450a1310">
            <mixed-citation id="d4025e454" publication-type="book">
Murra, J. 1972. 'El "control vertical" de un maximo de pisos ecológicos en la economia de las sociedades
andinas' in Visita de la Provincia de Leon de Huanuco en 1562, vol. 2 (Huanuco, Peru)<person-group>
                  <string-name xmlns:xlink="http://www.w3.org/1999/xlink">
                     <surname>Murra</surname>
                  </string-name>
               </person-group>
               <comment content-type="section">El "control vertical" de un maximo de pisos ecológicos en la economia de las sociedades andinas</comment>
               <fpage>1562</fpage>
               <volume>2</volume>
               <source>Visita de la Provincia de Leon de Huanuco en</source>
               <year>1972</year>
            </mixed-citation>
         </ref>
         <ref id="d4025e489a1310">
            <mixed-citation id="d4025e493" publication-type="book">
Olsen, D. 1980. 'Folk music of South America - a musical mosaic' in Music of Many Cultures, ed. E. May
(Berkeley)<person-group>
                  <string-name xmlns:xlink="http://www.w3.org/1999/xlink">
                     <surname>Olsen</surname>
                  </string-name>
               </person-group>
               <comment content-type="section">Folk music of South America - a musical mosaic</comment>
               <source>Music of Many Cultures</source>
               <year>1980</year>
            </mixed-citation>
         </ref>
         <ref id="d4025e522a1310">
            <mixed-citation id="d4025e526" publication-type="book">
Sachs, C. 1962. The Wellsprings of Music (The Hague)<person-group>
                  <string-name xmlns:xlink="http://www.w3.org/1999/xlink">
                     <surname>Sachs</surname>
                  </string-name>
               </person-group>
               <source>The Wellsprings of Music</source>
               <year>1962</year>
            </mixed-citation>
         </ref>
         <ref id="d4025e548a1310">
            <mixed-citation id="d4025e552" publication-type="book">
Shepherd, J. 1977. 'The musical coding of ideologies', in Whose Music? A Sociology of Musical Languages,
eds. J. Shepherd, et. al. (London)<person-group>
                  <string-name xmlns:xlink="http://www.w3.org/1999/xlink">
                     <surname>Shepherd</surname>
                  </string-name>
               </person-group>
               <comment content-type="section">The musical coding of ideologies</comment>
               <source>Whose Music? A Sociology of Musical Languages</source>
               <year>1977</year>
            </mixed-citation>
         </ref>
         <ref id="d4025e582a1310">
            <mixed-citation id="d4025e586" publication-type="book">
Stevenson, R. 1968. Music in Aztec and Inca Territory (Berkeley)<person-group>
                  <string-name xmlns:xlink="http://www.w3.org/1999/xlink">
                     <surname>Stevenson</surname>
                  </string-name>
               </person-group>
               <source>Music in Aztec and Inca Territory</source>
               <year>1968</year>
            </mixed-citation>
         </ref>
      </ref-list>
   </back>
</article>
