<article dtd-version="1.0" article-type="research-article">
   <front>
      <journal-meta>
         <journal-id xmlns:xlink="http://www.w3.org/1999/xlink" journal-id-type="jstor">popularmusic</journal-id>
         <journal-id xmlns:xlink="http://www.w3.org/1999/xlink" journal-id-type="jstor">j100590</journal-id>
         <journal-title-group xmlns:xlink="http://www.w3.org/1999/xlink">
            <journal-title>Popular Music</journal-title>
         </journal-title-group>
         <publisher>
            <publisher-name>Cambridge University Press</publisher-name>
         </publisher>
         <issn xmlns:xlink="http://www.w3.org/1999/xlink" pub-type="ppub">02611430</issn>
         <issn xmlns:xlink="http://www.w3.org/1999/xlink" pub-type="epub">14740095</issn>
      </journal-meta>
      <article-meta>
         <article-id xmlns:xlink="http://www.w3.org/1999/xlink" pub-id-type="jstor">853457</article-id>
         <title-group>
            <article-title> The Göteborg Connection: Lessons in the History and Politics of Popular Music Education and Research </article-title>
         </title-group>
         <contrib-group>
            <contrib contrib-type="author">
               <string-name xmlns:xlink="http://www.w3.org/1999/xlink">
                  <given-names>Philip</given-names>
                  <surname>Tagg</surname>
               </string-name>
            </contrib>
         </contrib-group>
         <pub-date xmlns:xlink="http://www.w3.org/1999/xlink">
            <day>1</day>
            <month>5</month>
            <year>1998</year>
         </pub-date>
         <volume>17</volume>
         <issue>2</issue>
         <issue-id xmlns:xlink="http://www.w3.org/1999/xlink">i235390</issue-id>
         <fpage>219</fpage>
         <lpage>242</lpage>
         <page-range>219-242</page-range>
         <permissions>
            <copyright-statement>Copyright 1998 Cambridge University Press</copyright-statement>
         </permissions>
         <self-uri xmlns:xlink="http://www.w3.org/1999/xlink"
                   xlink:href="http://www.jstor.org/stable/853457"/>
         <custom-meta-group xmlns:xlink="http://www.w3.org/1999/xlink">
            <custom-meta>
               <meta-name>lang</meta-name>
               <meta-value>eng</meta-value>
            </custom-meta>
         </custom-meta-group>
      </article-meta>
   </front>
   <back>
      <ref-list>
         <title>Endnotes</title>
         <ref id="d6684e129a1310">
            <label>2</label>
            <mixed-citation id="d6684e138" publication-type="other">
Tagg (1979)</mixed-citation>
            <mixed-citation id="d6684e144" publication-type="book">
Thorsen (1980)  </mixed-citation>
            <mixed-citation id="d6684e153" publication-type="book">
Wallis and Malm (1982)  </mixed-citation>
            <mixed-citation id="d6684e161" publication-type="other">
Reim-
ers (1983)</mixed-citation>
            <mixed-citation id="d6684e170" publication-type="other">
Forniis (1985)</mixed-citation>
            <mixed-citation id="d6684e176" publication-type="book">
Bernskiold (1986)  </mixed-citation>
            <mixed-citation id="d6684e184" publication-type="other">
Ahlen (1987)</mixed-citation>
            <mixed-citation id="d6684e190" publication-type="book">
Bjornberg (1987)  </mixed-citation>
            <mixed-citation id="d6684e199" publication-type="book">
Ohrstrom
(1987)  </mixed-citation>
            <mixed-citation id="d6684e210" publication-type="other">
Stockfelt (1988)</mixed-citation>
            <mixed-citation id="d6684e216" publication-type="book">
Karlsson (1988)  </mixed-citation>
            <mixed-citation id="d6684e224" publication-type="other">
Lilliestam (1988)</mixed-citation>
         </ref>
         <ref id="d6684e231a1310">
            <label>3</label>
            <mixed-citation id="d6684e238" publication-type="book">
Chiefly Alf Bjornberg, Bengt Olsson and Ola
Stockfelt.  </mixed-citation>
         </ref>
         <ref id="d6684e250a1310">
            <label>4</label>
            <mixed-citation id="d6684e257" publication-type="book">
Karlsson 1982  </mixed-citation>
         </ref>
         <ref id="d6684e266a1310">
            <label>5</label>
            <mixed-citation id="d6684e273" publication-type="other">
5 September 1994</mixed-citation>
            <mixed-citation id="d6684e279" publication-type="other">
Ling
1994</mixed-citation>
            <mixed-citation id="d6684e288" publication-type="book">
Karlsson 1980  </mixed-citation>
            <mixed-citation id="d6684e297" publication-type="other">
1982</mixed-citation>
         </ref>
         <ref id="d6684e305a1310">
            <label>6</label>
            <mixed-citation id="d6684e312" publication-type="book">
Ministry of Education 1969, p. 19, 22  </mixed-citation>
         </ref>
         <ref id="d6684e321a1310">
            <label>7</label>
            <mixed-citation id="d6684e328" publication-type="other">
29 January
1994</mixed-citation>
            <mixed-citation id="d6684e337" publication-type="other">
1969</mixed-citation>
            <mixed-citation id="d6684e343" publication-type="other">
Olsson 1993</mixed-citation>
            <mixed-citation id="d6684e350" publication-type="other">
1971</mixed-citation>
            <mixed-citation id="d6684e356" publication-type="book">
Engstrom and Cederlof 1970  </mixed-citation>
         </ref>
         <ref id="d6684e365a1310">
            <label>8</label>
            <mixed-citation id="d6684e372" publication-type="other">
P Wagner (1865-1931)</mixed-citation>
         </ref>
         <ref id="d6684e379a1310">
            <label>9</label>
            <mixed-citation id="d6684e386" publication-type="other">
National Music Museum (Musikmuseet)</mixed-citation>
         </ref>
         <ref id="d6684e393a1310">
            <label>10</label>
            <mixed-citation id="d6684e400" publication-type="journal">
Jewish families in
Frankfurt: Adorno on 11 September 1903<person-group>
                  <string-name xmlns:xlink="http://www.w3.org/1999/xlink">
                     <surname>Jewish</surname>
                  </string-name>
               </person-group>
               <issue>11 September</issue>
               <source>Frankfurt: Adorno</source>
               <year>1903</year>
            </mixed-citation>
            <mixed-citation id="d6684e428" publication-type="book">
Emsheimer on 15 January 1904  </mixed-citation>
         </ref>
         <ref id="d6684e437a1310">
            <label>11</label>
            <mixed-citation id="d6684e444" publication-type="other">
Steigleider (1593-1635)</mixed-citation>
         </ref>
         <ref id="d6684e452a1310">
            <label>12</label>
            <mixed-citation id="d6684e461" publication-type="book">
Harker (1995, p. 10ff)  <fpage>10</fpage>
            </mixed-citation>
            <mixed-citation id="d6684e472" publication-type="other">
Oxford in 1934</mixed-citation>
            <mixed-citation id="d6684e479" publication-type="other">
joined Horkheimer's institute in New York in
1938</mixed-citation>
         </ref>
         <ref id="d6684e489a1310">
            <label>13</label>
            <mixed-citation id="d6684e496" publication-type="other">
Michelsen (1993)</mixed-citation>
         </ref>
         <ref id="d6684e503a1310">
            <label>14</label>
            <mixed-citation id="d6684e510" publication-type="other">
1991</mixed-citation>
            <mixed-citation id="d6684e516" publication-type="other">
Mantle Hood, Kris-
ter Malm, Mark Slobin, Doris and Erich Stock-
mann, Tran Quang Hai and Walter Wiora</mixed-citation>
         </ref>
         <ref id="d6684e529a1310">
            <label>15</label>
            <mixed-citation id="d6684e536" publication-type="other">
Ling in 1968</mixed-citation>
            <mixed-citation id="d6684e542" publication-type="other">
1991</mixed-citation>
            <mixed-citation id="d6684e548" publication-type="other">
mid-1970s</mixed-citation>
            <mixed-citation id="d6684e555" publication-type="other">
Karlsson (1977)</mixed-citation>
            <mixed-citation id="d6684e561" publication-type="other">
Ling (1975b)</mixed-citation>
            <mixed-citation id="d6684e567" publication-type="book">
Kolland (1978)  </mixed-citation>
         </ref>
         <ref id="d6684e576a1310">
            <label>16</label>
            <mixed-citation id="d6684e583" publication-type="other">
Ling (1994)</mixed-citation>
         </ref>
         <ref id="d6684e590a1310">
            <label>17</label>
            <mixed-citation id="d6684e597" publication-type="other">
Jan Ling (1994)</mixed-citation>
            <mixed-citation id="d6684e603" publication-type="book">
Emsheimer in Sohlmans Musiklexikon
(Ling 1975b)<person-group>
                  <string-name xmlns:xlink="http://www.w3.org/1999/xlink">
                     <surname>Ling</surname>
                  </string-name>
               </person-group>
               <source>Emsheimer in Sohlmans Musiklexikon</source>
               <year>1975</year>
            </mixed-citation>
            <mixed-citation id="d6684e627" publication-type="book">
Emsheimer 1991, p. 7  <fpage>7</fpage>
            </mixed-citation>
            <mixed-citation id="d6684e639" publication-type="book">
ibid  </mixed-citation>
         </ref>
         <ref id="d6684e649a1310">
            <label>18</label>
            <mixed-citation id="d6684e656" publication-type="other">
1971-75</mixed-citation>
            <mixed-citation id="d6684e662" publication-type="other">
1971</mixed-citation>
            <mixed-citation id="d6684e668" publication-type="other">
1971</mixed-citation>
            <mixed-citation id="d6684e675" publication-type="other">
Endnote 18</mixed-citation>
         </ref>
         <ref id="d6684e682a1310">
            <label>20</label>
            <mixed-citation id="d6684e691" publication-type="other">
Musiken, mfanniskan, samhdllet (1976)</mixed-citation>
         </ref>
         <ref id="d6684e698a1310">
            <label>22</label>
            <mixed-citation id="d6684e705" publication-type="other">
1976</mixed-citation>
            <mixed-citation id="d6684e711" publication-type="other">
1977</mixed-citation>
         </ref>
         <ref id="d6684e718a1310">
            <label>23</label>
            <mixed-citation id="d6684e725" publication-type="other">
Göteborg in 1995</mixed-citation>
            <mixed-citation id="d6684e731" publication-type="other">
1972</mixed-citation>
            <mixed-citation id="d6684e737" publication-type="other">
1977</mixed-citation>
            <mixed-citation id="d6684e744" publication-type="other">
1977</mixed-citation>
         </ref>
         <ref id="d6684e751a1310">
            <label>24</label>
            <mixed-citation id="d6684e760" publication-type="book">
Uber den Fetisch-
charakter in der Musik und die Regression des
Hdrens (Adorno 1938)<source>Uber den Fetischcharakter in der Musik und die Regression des Hdrens</source>
               <year>1938</year>
            </mixed-citation>
            <mixed-citation id="d6684e778" publication-type="book">
'Creole Love Call'
(1928)<source>Creole Love Call</source>
               <year>1928</year>
            </mixed-citation>
            <mixed-citation id="d6684e794" publication-type="book">
'Mood Indigo' (1931)<source>Mood Indigo</source>
               <year>1931</year>
            </mixed-citation>
            <mixed-citation id="d6684e806" publication-type="book">
'Solitude' (1934)<source>Solitude</source>
               <year>1934</year>
            </mixed-citation>
            <mixed-citation id="d6684e818" publication-type="book">
'Sophisticated Lady' (1935)<source>Sophisticated Lady</source>
               <year>1935</year>
            </mixed-citation>
            <mixed-citation id="d6684e830" publication-type="book">
'Caravan'
(1937)<source>Caravan</source>
               <year>1937</year>
            </mixed-citation>
            <mixed-citation id="d6684e845" publication-type="other">
Similarly, in 1941</mixed-citation>
            <mixed-citation id="d6684e851" publication-type="book">
Einleitung in der Musiksoziologie in 1962<source>Einleitung in der Musiksoziologie</source>
               <year>1962</year>
            </mixed-citation>
            <mixed-citation id="d6684e864" publication-type="other">
English translation 1976</mixed-citation>
            <mixed-citation id="d6684e870" publication-type="other">
1950s</mixed-citation>
            <mixed-citation id="d6684e876" publication-type="other">
1960s</mixed-citation>
            <mixed-citation id="d6684e882" publication-type="book">
Ascen-
seur a l'chaffaud (1957)<source>Ascenseur a l'chaffaud</source>
               <year>1957</year>
            </mixed-citation>
         </ref>
         <ref id="d6684e898a1310">
            <label>25</label>
            <mixed-citation id="d6684e905" publication-type="other">
Tagg 1980a, p. 80</mixed-citation>
            <mixed-citation id="d6684e911" publication-type="other">
Adorno
1976, pp. 1-20, 29, 41</mixed-citation>
            <mixed-citation id="d6684e920" publication-type="other">
1941:, pp. 32-48</mixed-citation>
            <mixed-citation id="d6684e927" publication-type="other">
1978,
p. 288</mixed-citation>
            <mixed-citation id="d6684e936" publication-type="other">
Middle-
ton (1990, p. 57ff)</mixed-citation>
         </ref>
         <ref id="d6684e947a1310">
            <label>26</label>
            <mixed-citation id="d6684e954" publication-type="other">
Michelsen (1993)</mixed-citation>
         </ref>
         <ref id="d6684e961a1310">
            <label>27</label>
            <mixed-citation id="d6684e968" publication-type="other">
1980</mixed-citation>
            <mixed-citation id="d6684e974" publication-type="other">
1991</mixed-citation>
         </ref>
         <ref id="d6684e981a1310">
            <label>29</label>
            <mixed-citation id="d6684e988" publication-type="book">
Andersson and Bergendahl (1982)  </mixed-citation>
            <mixed-citation id="d6684e996" publication-type="other">
point 5</mixed-citation>
         </ref>
         <ref id="d6684e1003a1310">
            <label>30</label>
            <mixed-citation id="d6684e1010" publication-type="other">
1993</mixed-citation>
            <mixed-citation id="d6684e1016" publication-type="other">
1997</mixed-citation>
         </ref>
         <ref id="d6684e1023a1310">
            <label>31</label>
            <mixed-citation id="d6684e1030" publication-type="book">
Vtinskapsfürbundet Sverige-Sovjet<source>Vtinskapsfürbundet Sverige-Sovjet</source>
            </mixed-citation>
         </ref>
         <ref id="d6684e1040a1310">
            <label>34</label>
            <mixed-citation id="d6684e1047" publication-type="other">
Tagg 1989a</mixed-citation>
            <mixed-citation id="d6684e1053" publication-type="other">
Tagg
1994</mixed-citation>
            <mixed-citation id="d6684e1062" publication-type="other">
1990s</mixed-citation>
            <mixed-citation id="d6684e1069" publication-type="other">
Mich-
elsen (1993)</mixed-citation>
         </ref>
      </ref-list>
      <ref-list>
         <title>References</title>
         <ref id="d6684e1088a1310">
            <label>33</label>
            <mixed-citation id="d6684e1095" publication-type="journal">
Adorno, Theodor W. 1932/1978. 'On the social situation of music', Telos, 35, pp. 128-64}<person-group>
                  <string-name xmlns:xlink="http://www.w3.org/1999/xlink">
                     <surname>Adorno</surname>
                  </string-name>
               </person-group>
               <fpage>128</fpage>
               <volume>35</volume>
               <source>Telos</source>
               <year>1932</year>
            </mixed-citation>
         </ref>
         <ref id="d6684e1124a1310">
            <mixed-citation id="d6684e1130" publication-type="book">
1938. Uzber den Fetischcharakter in der Musik und die Regression des Hérens. Translated into Swedish by
Bengt Rhedin as Om musikens fetischkaraktar och lyssnandets regression (Goteborg, 1969).<person-group>
                  <string-name xmlns:xlink="http://www.w3.org/1999/xlink">
                     <surname>Adorno</surname>
                  </string-name>
               </person-group>
               <source>Uzber den Fetischcharakter in der Musik und die Regression des Hérens</source>
               <year>1938</year>
            </mixed-citation>
            <mixed-citation id="d6684e1154" publication-type="book">
Translated
into English as 'On the fetish character in music and the regression of listening' in The Essential
Frankfurt School Reader, eds A. Arato and E. Gebhardt, (Oxford. 1978), pp. 270-299<fpage>270</fpage>
               <source>The Essential Frankfurt School Reader</source>
               <year>1978</year>
            </mixed-citation>
         </ref>
         <ref id="d6684e1177a1310">
            <mixed-citation id="d6684e1181" publication-type="book">
1941. 'On popular music', Studies in Philosophy of Social Science, 9, pp. 17-48<comment content-type="section">On popular music</comment>
               <fpage>17</fpage>
               <volume>9</volume>
               <source>Studies in Philosophy of Social Science</source>
               <year>1941</year>
            </mixed-citation>
            <mixed-citation id="d6684e1203" publication-type="book">
Record,
eds S. Frith and A. Goodwin, (London, 1990), pp. 301-14<person-group>
                  <string-name xmlns:xlink="http://www.w3.org/1999/xlink">
                     <surname>Frith</surname>
                  </string-name>
               </person-group>
               <fpage>301</fpage>
               <source>Record</source>
               <year>1990</year>
            </mixed-citation>
         </ref>
         <ref id="d6684e1232a1310">
            <mixed-citation id="d6684e1236" publication-type="book">
1976. Introduction to the Sociology of Music (New York)<source>Introduction to the Sociology of Music</source>
               <year>1976</year>
            </mixed-citation>
         </ref>
         <ref id="d6684e1250a1310">
            <mixed-citation id="d6684e1254" publication-type="book">
Ahl'n, C.-G. 1987. Tangon i Europa - en pyrrusseger? Studier kring mottagandet av tangon i Europa och
genrens musikaliska omstdllningsprocess SfMV 13. [Tango in Europe - a pyrrhic victory? Studies on
the reception of tango in Europe and the genre's process of musical adaptation].S<person-group>
                  <string-name xmlns:xlink="http://www.w3.org/1999/xlink">
                     <surname>Ahl'n</surname>
                  </string-name>
               </person-group>
               <volume>13</volume>
               <source>Tangon i Europa - en pyrrusseger? Studier kring mottagandet av tangon i Europa och genrens musikaliska omstdllningsprocess SfMV</source>
               <year>1987</year>
            </mixed-citation>
         </ref>
         <ref id="d6684e1286a1310">
            <mixed-citation id="d6684e1290" publication-type="book">
Andersson, Tony and Bergendahl, Elisabet (eds) 1982. Lfdt tusen stenar rulla - kuratorgruppens musikverk-
samhet - teori och praktik (Goteborg) [Let a thousand stones roll - the social work group's musical
activities in theory and practice]<person-group>
                  <string-name xmlns:xlink="http://www.w3.org/1999/xlink">
                     <surname>Andersson</surname>
                  </string-name>
               </person-group>
               <source>Lfdt tusen stenar rulla - kuratorgruppens musikverksamhet - teori och praktik (Goteborg) (Let a thousand stones roll - the social work group's musical activities in theory and practice)</source>
               <year>1982</year>
            </mixed-citation>
         </ref>
         <ref id="d6684e1319a1310">
            <mixed-citation id="d6684e1323" publication-type="book">
Barkefors, Laila 1985. Musik pd Valltorp Om firutsdttningarna für musik- och kulturverksamhet pd ett ser-
vicehus SPGUMD 8503. [Music at Valltorp: on the potential for musical and cultural activities in a
(social) service centre]<person-group>
                  <string-name xmlns:xlink="http://www.w3.org/1999/xlink">
                     <surname>Barkefors</surname>
                  </string-name>
               </person-group>
               <source>Musik pd Valltorp Om firutsdttningarna für musik- och kulturverksamhet pd ett servicehus SPGUMD 8503</source>
               <year>1985</year>
            </mixed-citation>
         </ref>
         <ref id="d6684e1352a1310">
            <mixed-citation id="d6684e1356" publication-type="book">
Barkefors, Laila and Strom, Charlotta 1985. TvS musikavdelningar vid Stadsbiblioteket i Göteborg Fonog-
rammens betydelse i verksamheten [Two music sections at the Gdteborg City Library: the role of
recordings]<person-group>
                  <string-name xmlns:xlink="http://www.w3.org/1999/xlink">
                     <surname>Barkefors</surname>
                  </string-name>
               </person-group>
               <source>TvS musikavdelningar vid Stadsbiblioteket i Göteborg Fonogrammens betydelse i verksamheten</source>
               <year>1985</year>
            </mixed-citation>
         </ref>
         <ref id="d6684e1385a1310">
            <mixed-citation id="d6684e1389" publication-type="book">
Benvenga, Nancy 1979. Timpani and the Timpanist's Art, SfMvG 3S<person-group>
                  <string-name xmlns:xlink="http://www.w3.org/1999/xlink">
                     <surname>Benvenga</surname>
                  </string-name>
               </person-group>
               <source>Timpani and the Timpanist's Art</source>
               <year>1979</year>
            </mixed-citation>
         </ref>
         <ref id="d6684e1411a1310">
            <mixed-citation id="d6684e1415" publication-type="book">
Bergentz, Ingrid and Widmark, Else 1973. Vad sjunger den kristna fürsamlingen i dag? En frekvensund-
ersékning av psalmer och singer i svenskt gudstjanstliv med historiska kommentarer [Describes
and provides historical commentary to the frequency with which different hymns and spiritual
songs are sung in low church worship]<person-group>
                  <string-name xmlns:xlink="http://www.w3.org/1999/xlink">
                     <surname>Bergentz</surname>
                  </string-name>
               </person-group>
               <source>Vad sjunger den kristna fürsamlingen i dag? En frekvensundersökning av psalmer och singer i svenskt gudstjanstliv med historiska kommentarer</source>
               <year>1973</year>
            </mixed-citation>
         </ref>
         <ref id="d6684e1448a1310">
            <mixed-citation id="d6684e1452" publication-type="book">
Bernskiold, Hans 1986. Sjung, av hjdrtat sjung. Fdrsamlingssdng och musikliv i svenska missionsflirbundet fram
till 1950-talet (Göteborg) [Definitive account of music in the Swedish Congregational Church until
1950]S<person-group>
                  <string-name xmlns:xlink="http://www.w3.org/1999/xlink">
                     <surname>Bernskiold</surname>
                  </string-name>
               </person-group>
               <comment content-type="section">Sjung, av hjdrtat sjung</comment>
               <source>Fdrsamlingssdng och musikliv i svenska missionsflirbundet fram till 1950-talet (Göteborg)</source>
               <year>1986</year>
            </mixed-citation>
         </ref>
         <ref id="d6684e1484a1310">
            <mixed-citation id="d6684e1488" publication-type="book">
Bjornberg, Alf 1981. Den osannolika konsten. Ett referat av Abraham Moles' bok 'Information Theory and Esthetic
Perception' SPGUMD 8104 [Discussion and summary of book by A Moles]<person-group>
                  <string-name xmlns:xlink="http://www.w3.org/1999/xlink">
                     <surname>Bjornberg</surname>
                  </string-name>
               </person-group>
               <comment content-type="section">Den osannolika konsten</comment>
               <source>Ett referat av Abraham Moles' bok 'Information Theory and Esthetic Perception' SPGUMD 8104</source>
               <year>1981</year>
            </mixed-citation>
         </ref>
         <ref id="d6684e1517a1310">
            <mixed-citation id="d6684e1521" publication-type="book">
1984.' "There's Something Going On"' - om eolisk harmonik i nutida rockmusik'. Tvdrspel (q.v.), pp.
371-86 [on aeolian harmony in contemporary rock music]<person-group>
                  <string-name xmlns:xlink="http://www.w3.org/1999/xlink">
                     <surname>Bjornberg</surname>
                  </string-name>
               </person-group>
               <comment content-type="section">There's Something Going On</comment>
               <fpage>371</fpage>
               <source>Om eolisk harmonik i nutida rockmusik'. Tvdrspel (q.v.)</source>
               <year>1984</year>
            </mixed-citation>
         </ref>
         <ref id="d6684e1553a1310">
            <mixed-citation id="d6684e1557" publication-type="book">
1987. En liten sdng som alla andra. Melodifestivalen 1959-1983, SfMV 14 [Summary in English as Bjomberg
1990]S*<person-group>
                  <string-name xmlns:xlink="http://www.w3.org/1999/xlink">
                     <surname>Bjornberg</surname>
                  </string-name>
               </person-group>
               <comment content-type="section">En liten sdng som alla andra. Melodifestivalen 1959-1983</comment>
               <volume>14</volume>
               <source>SfMV</source>
               <year>1987</year>
            </mixed-citation>
         </ref>
         <ref id="d6684e1589a1310">
            <mixed-citation id="d6684e1593" publication-type="book">
1990. Sounding the Mainstream. An Analysis of the Songs Performed in the Swedish Eurovision Song
Contest Semi-Finals 1959-1983 PMR, pp. 121-32<person-group>
                  <string-name xmlns:xlink="http://www.w3.org/1999/xlink">
                     <surname>Bjornberg</surname>
                  </string-name>
               </person-group>
               <comment content-type="section">Sounding the Mainstream</comment>
               <fpage>121</fpage>
               <source>An Analysis of the Songs Performed in the Swedish Eurovision Song Contest Semi-Finals 1959-1983 PMR</source>
               <year>1990</year>
            </mixed-citation>
         </ref>
         <ref id="d6684e1625a1310">
            <mixed-citation id="d6684e1629" publication-type="book">
Bjmrnberg, Alf, Brette-Kromsten, Katharina, Fornias, Johan and Lilliestam, Lars (eds) 1982. Nationalkassett
Sverige - Discography and lyrics (Göteborg)<person-group>
                  <string-name xmlns:xlink="http://www.w3.org/1999/xlink">
                     <surname>Bjmrnberg</surname>
                  </string-name>
               </person-group>
               <source>Nationalkassett Sverige - Discography and lyrics (Göteborg)</source>
               <year>1982</year>
            </mixed-citation>
         </ref>
         <ref id="d6684e1655a1310">
            <mixed-citation id="d6684e1659" publication-type="book">
Bjimberg, Alf and Lilliestam, Lars 1980. Schlagerns Mystik. En analys av musiken i den svenska Eurovi-
sionsschlageruttagningen SPGUMD 8005 [Analysis of music in the Swedish Eurovision Song Contest
qualifying round]<person-group>
                  <string-name xmlns:xlink="http://www.w3.org/1999/xlink">
                     <surname>Bjimberg</surname>
                  </string-name>
               </person-group>
               <source>Schlagerns Mystik. En analys av musiken i den svenska Eurovisionsschlageruttagningen SPGUMD 8005</source>
               <year>1980</year>
            </mixed-citation>
         </ref>
         <ref id="d6684e1688a1310">
            <mixed-citation id="d6684e1692" publication-type="book">
Boettiger, H. 1931. 'Musiksoziologie', Melos: Zeitschrift fair neue Musik, 10, pp. 188-91<person-group>
                  <string-name xmlns:xlink="http://www.w3.org/1999/xlink">
                     <surname>Boettiger</surname>
                  </string-name>
               </person-group>
               <comment content-type="section">'Musiksoziologie</comment>
               <fpage>188</fpage>
               <volume>10</volume>
               <source>Melos: Zeitschrift fair neue Musik</source>
               <year>1931</year>
            </mixed-citation>
         </ref>
         <ref id="d6684e1724a1310">
            <mixed-citation id="d6684e1728" publication-type="book">
Brette-Kromsten, Katharina 1990. Form i kaos. Det sociala kénets forandringslopp tematiserat kvinno-
rockens historia 1955-85. [Form in chaos: the changing path of gender as seen in the history of
women's rock music] (GOteborg)<person-group>
                  <string-name xmlns:xlink="http://www.w3.org/1999/xlink">
                     <surname>Brette-Kromsten</surname>
                  </string-name>
               </person-group>
               <comment content-type="section">Form i kaos</comment>
               <source>Det sociala kénets forandringslopp tematiserat kvinnorockens historia 1955-85</source>
               <year>1990</year>
            </mixed-citation>
         </ref>
         <ref id="d6684e1760a1310">
            <mixed-citation id="d6684e1764" publication-type="book">
1991. 'Utkast till kvinnornas rockhistoria', in Ungdomar i rdrelse, eds J. Carle and H.-E. Hermansson
(Goteborg), pp113-38 [Towards a history of women's rock music]<person-group>
                  <string-name xmlns:xlink="http://www.w3.org/1999/xlink">
                     <surname>Brette-Kromsten</surname>
                  </string-name>
               </person-group>
               <comment content-type="section">Utkast till kvinnornas rockhistoria</comment>
               <fpage>113</fpage>
               <source>Ungdomar i rdrelse</source>
               <year>1991</year>
            </mixed-citation>
         </ref>
         <ref id="d6684e1796a1310">
            <mixed-citation id="d6684e1800" publication-type="journal">
Carlsson, Anders and Liliestam, Lars 1979. 'The Name of the Game' NORDICOM-Nytt Sverige, 84/2-3
pp. 245-260 [analysis of Abba song]<person-group>
                  <string-name xmlns:xlink="http://www.w3.org/1999/xlink">
                     <surname>Carlsson</surname>
                  </string-name>
               </person-group>
               <issue>2</issue>
               <fpage>245</fpage>
               <volume>84</volume>
               <source>The Name of the Game' NORDICOM-Nytt Sverige</source>
               <year>1979</year>
            </mixed-citation>
         </ref>
         <ref id="d6684e1835a1310">
            <mixed-citation id="d6684e1839" publication-type="journal">
Carlsson, Anders and Ling, Jan (eds) 1980. Nordisk musik och musikvetenskap under 1970-talet: en kongressra-
port, SfMV 4<person-group>
                  <string-name xmlns:xlink="http://www.w3.org/1999/xlink">
                     <surname>Carlsson</surname>
                  </string-name>
               </person-group>
               <volume>4</volume>
               <source>SfMV</source>
               <year>1980</year>
            </mixed-citation>
         </ref>
         <ref id="d6684e1869a1310">
            <mixed-citation id="d6684e1873" publication-type="book">
Chapple, Steve and Garofalo, Reebee 1977. Rock and Roll is here to Pay (Chicago)<person-group>
                  <string-name xmlns:xlink="http://www.w3.org/1999/xlink">
                     <surname>Chapple</surname>
                  </string-name>
               </person-group>
               <source>Rock and Roll is here to Pay</source>
               <year>1977</year>
            </mixed-citation>
         </ref>
         <ref id="d6684e1895a1310">
            <mixed-citation id="d6684e1899" publication-type="book">
Dahlqvist, Reine 1988. Bidrag till trumpetens och truimpetspelandets historia. Frdn 1500-talet till mitten av
1800-talet, med slfrskild hdnsyn till perioden 1740-1830, SfMV 17 [Towards a history of the trumpet
and of trumpet playing from the sixteenth century until the middle of the nineteenth century with
special emphasis on the period 1740-1830]S<person-group>
                  <string-name xmlns:xlink="http://www.w3.org/1999/xlink">
                     <surname>Dahlqvist</surname>
                  </string-name>
               </person-group>
               <comment content-type="section">Bidrag till trumpetens och truimpetspelandets historia</comment>
               <source>Frdn 1500-talet till mitten av 1800-talet, med slfrskild hdnsyn till perioden 1740-1830</source>
               <year>1988</year>
            </mixed-citation>
         </ref>
         <ref id="d6684e1934a1310">
            <mixed-citation id="d6684e1938" publication-type="book">
Dahlstedt, Sten 1986. Fakta och ftirnuft. Svensk akademisk musikforskning 1909-1941, SfMV 12 [Facts and
Good Sense: Swedish academic music research 1909-1941]S<person-group>
                  <string-name xmlns:xlink="http://www.w3.org/1999/xlink">
                     <surname>Dahlstedt</surname>
                  </string-name>
               </person-group>
               <comment content-type="section">Fakta och ftirnuft</comment>
               <source>Svensk akademisk musikforskning 1909-1941</source>
               <year>1986</year>
            </mixed-citation>
         </ref>
         <ref id="d6684e1967a1310">
            <mixed-citation id="d6684e1971" publication-type="book">
Edstrom, Olle 1977. Den samiska musikkulturen - en killkritisk iversikt, SfMV 1 [Saami Music Culture - a
source critical overview]S<person-group>
                  <string-name xmlns:xlink="http://www.w3.org/1999/xlink">
                     <surname>Edström</surname>
                  </string-name>
               </person-group>
               <comment content-type="section">Den samiska musikkulturen - en killkritisk iversikt</comment>
               <volume>1</volume>
               <source>SfMV</source>
               <year>1977</year>
            </mixed-citation>
         </ref>
         <ref id="d6684e2003a1310">
            <mixed-citation id="d6684e2007" publication-type="book">
1984. 'Har du hért pA v~iderleksrapporten?', Tvarspel (q.v.), pp. 325-42 [Analysis of harmony in
Weather Report songs]<person-group>
                  <string-name xmlns:xlink="http://www.w3.org/1999/xlink">
                     <surname>Edström</surname>
                  </string-name>
               </person-group>
               <comment content-type="section">Har du hért pA v~iderleksrapporten?</comment>
               <fpage>325</fpage>
               <source>Tvarspel</source>
               <year>1984</year>
            </mixed-citation>
         </ref>
         <ref id="d6684e2039a1310">
            <mixed-citation id="d6684e2043" publication-type="other">
1988. The Swedish Musicians' Union and its Importance for Music Tradition and Cultural Policy in
the 20th Century. Unpublished.</mixed-citation>
         </ref>
         <ref id="d6684e2054a1310">
            <mixed-citation id="d6684e2058" publication-type="book">
1989. Schlager i Sverige 1910-1940, SfMV [Popular song in Sweden 1910-1940]<source>Schlager i Sverige 1910-1940</source>
               <year>1989</year>
            </mixed-citation>
         </ref>
         <ref id="d6684e2071a1310">
            <mixed-citation id="d6684e2075" publication-type="book">
Emsheimer, Ernst 1930a. Die soziale Bedeutung der Musik im proletarischen Werktag, Musik und
Gesellschaft, 1/2. Reprinted in Kolland 1978, pp. 46-50<person-group>
                  <string-name xmlns:xlink="http://www.w3.org/1999/xlink">
                     <surname>Emsheimer</surname>
                  </string-name>
               </person-group>
               <fpage>2</fpage>
               <volume>1</volume>
               <source>Die soziale Bedeutung der Musik im proletarischen Werktag, Musik und Gesellschaft</source>
               <year>1930</year>
            </mixed-citation>
         </ref>
         <ref id="d6684e2107a1310">
            <mixed-citation id="d6684e2111" publication-type="book">
1930b. (with G Kowalewsky) Diskussion: Mechanischer Arbeitsvollzug, Arbeitslied, Freizeit, Musik
und Gesellschaft, 1/4. Reprinted in Kolland 1978, pp. 120-3<person-group>
                  <string-name xmlns:xlink="http://www.w3.org/1999/xlink">
                     <surname>Emsheimer</surname>
                  </string-name>
               </person-group>
               <fpage>4</fpage>
               <volume>1</volume>
               <source>Diskussion: Mechanischer Arbeitsvollzug, Arbeitslied, Freizeit, Musik und Gesellschaft</source>
               <year>1930</year>
            </mixed-citation>
         </ref>
         <ref id="d6684e2143a1310">
            <mixed-citation id="d6684e2147" publication-type="book">
1931. Gesellschaftsmusik im Grofitadtzentrum Frankreichs. Bal negre in Paris, Musik und Gesellschaft,
1/7. Reprinted in Kolland 1978, pp. 219-20<person-group>
                  <string-name xmlns:xlink="http://www.w3.org/1999/xlink">
                     <surname>Emsheimer</surname>
                  </string-name>
               </person-group>
               <comment content-type="section">Gesellschaftsmusik im Grofitadtzentrum Frankreichs</comment>
               <fpage>7</fpage>
               <volume>1</volume>
               <source>Bal negre in Paris, Musik und Gesellschaft</source>
               <year>1931</year>
            </mixed-citation>
         </ref>
         <ref id="d6684e2182a1310">
            <mixed-citation id="d6684e2186" publication-type="book">
1964a. Studia Ethnomusicologica Eurasiatica I (ed C-A Moberg) (Stockholm).<person-group>
                  <string-name xmlns:xlink="http://www.w3.org/1999/xlink">
                     <surname>Emsheimer</surname>
                  </string-name>
               </person-group>
               <volume>I</volume>
               <source>Studia Ethnomusicologica Eurasiatica</source>
               <year>1964</year>
            </mixed-citation>
         </ref>
         <ref id="d6684e2211a1310">
            <mixed-citation id="d6684e2215" publication-type="journal">
1964b. 'Some remarks on European folk polyphony, Journal of the International Folk Music Council, 16.
Reprinted in Emsheimer, 1991, pp. 277-80<object-id pub-id-type="doi">10.2307/835070</object-id>
               <fpage>277</fpage>
            </mixed-citation>
         </ref>
         <ref id="d6684e2232a1310">
            <mixed-citation id="d6684e2236" publication-type="book">
1977. On the Symbolism of the Lapp Magic Drum. In Emsheimer, 1991, pp. 129-41<person-group>
                  <string-name xmlns:xlink="http://www.w3.org/1999/xlink">
                     <surname>Emsheimer</surname>
                  </string-name>
               </person-group>
               <comment content-type="section">On the Symbolism of the Lapp Magic Drum</comment>
               <fpage>129</fpage>
               <source>Emsheimer</source>
               <year>1977</year>
            </mixed-citation>
         </ref>
         <ref id="d6684e2265a1310">
            <mixed-citation id="d6684e2269" publication-type="book">
1979. 'Georgische Volksmusik', Die Musik in Geschichte und Gegenwart, 16<comment content-type="section">Georgische Volksmusik</comment>
               <fpage>16</fpage>
               <source>Die Musik in Geschichte und Gegenwart</source>
               <year>1979</year>
            </mixed-citation>
            <mixed-citation id="d6684e2287" publication-type="book">
Emsheimer,
1991, pp. 283-90<fpage>283</fpage>
               <source>Emsheimer</source>
               <year>1991</year>
            </mixed-citation>
         </ref>
         <ref id="d6684e2306a1310">
            <mixed-citation id="d6684e2310" publication-type="book">
1985. Gedanken zur Welt der Kinderinstrumente und ihrer Beziehung zur Erwachsenenkultur, Studia
instrumentorum musicae popularis, 8<comment content-type="section">Gedanken zur Welt der Kinderinstrumente und ihrer Beziehung zur Erwachsenenkultur</comment>
               <volume>8</volume>
               <source>Studia instrumentorum musicae popularis</source>
               <year>1985</year>
            </mixed-citation>
            <mixed-citation id="d6684e2332" publication-type="book">
Emsheimer, 1991, pp. 99-109<fpage>99</fpage>
               <source>Emsheimer</source>
               <year>1991</year>
            </mixed-citation>
         </ref>
         <ref id="d6684e2348a1310">
            <mixed-citation id="d6684e2352" publication-type="journal">
1986. (with A. Schneider) 'Field work among the Hadendowa of the Sudan', Anuario musical, pp. 39-
40<person-group>
                  <string-name xmlns:xlink="http://www.w3.org/1999/xlink">
                     <surname>C</surname>
                  </string-name>
               </person-group>
               <fpage>39</fpage>
               <source>Anuario musical</source>
               <year>1986</year>
            </mixed-citation>
            <mixed-citation id="d6684e2380" publication-type="book">
Emsheimer, 1991, pp. 13-28<person-group>
                  <string-name xmlns:xlink="http://www.w3.org/1999/xlink">
                     <surname>C</surname>
                  </string-name>
               </person-group>
               <fpage>13</fpage>
               <source>Emsheimer</source>
               <year>1991</year>
            </mixed-citation>
         </ref>
         <ref id="d6684e2405a1310">
            <mixed-citation id="d6684e2409" publication-type="book">
1991 (posth.). Studia Ethnomusicologica Eurasiatica II (eds Gunnar Larsson, Krister Malm, Hans Astrand)
(Stockholm)<person-group>
                  <string-name xmlns:xlink="http://www.w3.org/1999/xlink">
                     <surname>C</surname>
                  </string-name>
               </person-group>
               <volume>II</volume>
               <source>Studia Ethnomusicologica Eurasiatica</source>
               <year>1991</year>
            </mixed-citation>
         </ref>
         <ref id="d6684e2438a1310">
            <mixed-citation id="d6684e2442" publication-type="book">
Engstrom, Bengt Olof and Cederléf<person-group>
                  <string-name xmlns:xlink="http://www.w3.org/1999/xlink">
                     <surname>Engstrom</surname>
                  </string-name>
               </person-group>
               <source>Bengt Olof and Cederléf</source>
            </mixed-citation>
            <mixed-citation id="d6684e2460" publication-type="book">
Egil 1970. Vi gir musik (Stockholm)<person-group>
                  <string-name xmlns:xlink="http://www.w3.org/1999/xlink">
                     <surname>Egil</surname>
                  </string-name>
               </person-group>
               <source>Vi gir musik</source>
               <year>1970</year>
            </mixed-citation>
         </ref>
         <ref id="d6684e2483a1310">
            <mixed-citation id="d6684e2487" publication-type="book">
Erdman, Bengt and Ling, Jan 1970. Musiklivet pd en Industriort. Delrapport 1 (Goteborg) [The Musical Life
of an Industrial Community - empirical report on music in Stenungssund]<person-group>
                  <string-name xmlns:xlink="http://www.w3.org/1999/xlink">
                     <surname>Erdman</surname>
                  </string-name>
               </person-group>
               <comment content-type="section">Musiklivet pd en Industriort</comment>
               <volume>1</volume>
               <source>Delrapport</source>
               <year>1970</year>
            </mixed-citation>
         </ref>
         <ref id="d6684e2519a1310">
            <mixed-citation id="d6684e2523" publication-type="book">
Erdman, Bengt 1972. Musiklivet pd en Industriort. Delrapport 2 (Goteborg) [Part 2 of previous text]<person-group>
                  <string-name xmlns:xlink="http://www.w3.org/1999/xlink">
                     <surname>Erdman</surname>
                  </string-name>
               </person-group>
               <comment content-type="section">Musiklivet pd en Industriort</comment>
               <volume>2</volume>
               <source>Delrapport</source>
               <year>1972</year>
            </mixed-citation>
         </ref>
         <ref id="d6684e2552a1310">
            <mixed-citation id="d6684e2556" publication-type="book">
Fornds, Johan 1979. Musikrdrelsen: en motoffentlighet? (Goteborg) [On the Swedish alternative music move-
ment as a counterculture]<person-group>
                  <string-name xmlns:xlink="http://www.w3.org/1999/xlink">
                     <surname>Fornds</surname>
                  </string-name>
               </person-group>
               <source>Musikrdrelsen: en motoffentlighet?</source>
               <year>1979</year>
            </mixed-citation>
         </ref>
         <ref id="d6684e2581a1310">
            <mixed-citation id="d6684e2585" publication-type="book">
1980. Socialisationsteori für musikvetare, SPGUMD 8005 [Socialisation theory for musicologists]<person-group>
                  <string-name xmlns:xlink="http://www.w3.org/1999/xlink">
                     <surname>Erdman</surname>
                  </string-name>
               </person-group>
               <source>Socialisationsteori für musikvetare</source>
               <year>1980</year>
            </mixed-citation>
         </ref>
         <ref id="d6684e2607a1310">
            <mixed-citation id="d6684e2611" publication-type="book">
1985. Taltprojektet. Musikteater som manifestation, SfMV, 10 [The Tent Project: music theatre as (political)
manifestation - detailed musical, theatrical, organisational and political account and discussion of
the Swedish 'alternative' music movement's largest project]S<person-group>
                  <string-name xmlns:xlink="http://www.w3.org/1999/xlink">
                     <surname>Erdman</surname>
                  </string-name>
               </person-group>
               <comment content-type="section">Taltprojektet</comment>
               <volume>10</volume>
               <source>Musikteater som manifestation</source>
               <year>1985</year>
            </mixed-citation>
         </ref>
         <ref id="d6684e2646a1310">
            <mixed-citation id="d6684e2650" publication-type="journal">
1990. 'Popular music and youth culture in late modernity', PMR, pp. 29-40<person-group>
                  <string-name xmlns:xlink="http://www.w3.org/1999/xlink">
                     <surname>Erdman</surname>
                  </string-name>
               </person-group>
               <fpage>29</fpage>
               <source>PMR</source>
               <year>1990</year>
            </mixed-citation>
         </ref>
         <ref id="d6684e2676a1310">
            <mixed-citation id="d6684e2680" publication-type="book">
Frostensson, Cecilia, Moser, Fred and Thulin, Björn. 1972. Musiklivet i Halmstad [Musical life in
Halmstad - empirical sociological and anthropological report of music in a county town]<person-group>
                  <string-name xmlns:xlink="http://www.w3.org/1999/xlink">
                     <surname>Frostensson</surname>
                  </string-name>
               </person-group>
               <source>Musiklivet i Halmstad</source>
               <year>1972</year>
            </mixed-citation>
         </ref>
         <ref id="d6684e2705a1310">
            <mixed-citation id="d6684e2709" publication-type="book">
Garofalo, Reebee 1986. How Autonomous is Relative? Popular Music, the Social Formation and Cultural Strug-
gle (1), SPGUMD 8607<person-group>
                  <string-name xmlns:xlink="http://www.w3.org/1999/xlink">
                     <surname>Garofalo</surname>
                  </string-name>
               </person-group>
               <source>How Autonomous is Relative? Popular Music, the Social Formation and Cultural Struggle</source>
               <year>1986</year>
            </mixed-citation>
         </ref>
         <ref id="d6684e2734a1310">
            <mixed-citation id="d6684e2738" publication-type="book">
Harker, Dave 1995. You Gotta Serve Somebody. Theodor Adorno, popular music studies and commitment (Draft
text, private copy)<person-group>
                  <string-name xmlns:xlink="http://www.w3.org/1999/xlink">
                     <surname>Harker</surname>
                  </string-name>
               </person-group>
               <comment content-type="section">You Gotta Serve Somebody</comment>
               <source>Theodor Adorno, popular music studies and commitment</source>
               <year>1995</year>
            </mixed-citation>
         </ref>
         <ref id="d6684e2767a1310">
            <mixed-citation id="d6684e2771" publication-type="other">
Henningsson, Ingemar, Ling, Jan and Olsson, Bengt 1988. Music Education in the Service of Cultural
Policy. Unpublished.</mixed-citation>
         </ref>
         <ref id="d6684e2781a1310">
            <mixed-citation id="d6684e2785" publication-type="other">
Jansson, Fig1a and Nowotny, Lisbeth 1975. Bld blusen 1928-1936. MA diss. [Blue Shirts - on left wing
workers' music activities 1928-1936]</mixed-citation>
         </ref>
         <ref id="d6684e2795a1310">
            <mixed-citation id="d6684e2799" publication-type="book">
Karlsson, Henrik 1977 Entry Ling, Jan in Sohlmans Musiklexikon, vol 4 1980. Musikspelet. Det svenska
musiksamhdllet av idag (Goteborg) [On the contemporary Swedish musical community and on music
in contemporary Swedish society]<person-group>
                  <string-name xmlns:xlink="http://www.w3.org/1999/xlink">
                     <surname>Karlsson</surname>
                  </string-name>
               </person-group>
               <comment content-type="section">Entry Ling</comment>
               <volume>4</volume>
               <source>Jan in Sohlmans Musiklexikon</source>
               <year>1980</year>
            </mixed-citation>
         </ref>
         <ref id="d6684e2835a1310">
            <mixed-citation id="d6684e2839" publication-type="book">
1981. 'Music-sociological research on Sweden', in Stock-Taking of Musical Life, ed. D Mark (Vienna), pp.
97-101<person-group>
                  <string-name xmlns:xlink="http://www.w3.org/1999/xlink">
                     <surname>Karlsson</surname>
                  </string-name>
               </person-group>
               <comment content-type="section">Music-sociological research on Sweden</comment>
               <fpage>97</fpage>
               <source>Stock-Taking of Musical Life</source>
               <year>1981</year>
            </mixed-citation>
         </ref>
         <ref id="d6684e2871a1310">
            <mixed-citation id="d6684e2875" publication-type="book">
1982. Forskning om dagens musiksamhdlle. (Stockholm) [Report for Swedish Arts Council about research
into contemporary music and society]<person-group>
                  <string-name xmlns:xlink="http://www.w3.org/1999/xlink">
                     <surname>Karlsson</surname>
                  </string-name>
               </person-group>
               <source>Forskning om dagens musiksamhdlle</source>
               <year>1982</year>
            </mixed-citation>
         </ref>
         <ref id="d6684e2900a1310">
            <mixed-citation id="d6684e2904" publication-type="book">
1988 0, iiclle svensk': om politik i biskop Thomas'frihetssdng, SFMV19 (on Swedish nationalism and politics
in music).<person-group>
                  <string-name xmlns:xlink="http://www.w3.org/1999/xlink">
                     <surname>Karlsson</surname>
                  </string-name>
               </person-group>
               <source>iiclle svensk': om politik i biskop Thomas'frihetssdng</source>
               <year>1988</year>
            </mixed-citation>
         </ref>
         <ref id="d6684e2929a1310">
            <mixed-citation id="d6684e2933" publication-type="book">
Kjell, Erik 1987. Om kyrkomusikalisk significans, SfMV 16 [On signification in church music]S<person-group>
                  <string-name xmlns:xlink="http://www.w3.org/1999/xlink">
                     <surname>Kjell</surname>
                  </string-name>
               </person-group>
               <volume>16</volume>
               <source>Om kyrkomusikalisk significans</source>
               <year>1987</year>
            </mixed-citation>
         </ref>
         <ref id="d6684e2958a1310">
            <mixed-citation id="d6684e2962" publication-type="book">
Klingfors, Gunno 1991. Bach gdr igen - kaillkritiska studier i J. S. Bachs uppfbrandepraxis, SfMV 23 [Source
critical studies in the performance practice of works by J. S. Bach: a strongly researched settling of
accounts with 'classical' notions of 'authenticity' in the interpretation of Bach's music]S<person-group>
                  <string-name xmlns:xlink="http://www.w3.org/1999/xlink">
                     <surname>Klingfors</surname>
                  </string-name>
               </person-group>
               <comment content-type="section">Bach gdr igen - kaillkritiska studier i J. S</comment>
               <volume>23</volume>
               <source>Bachs uppfbrandepraxis</source>
               <year>1991</year>
            </mixed-citation>
         </ref>
         <ref id="d6684e2997a1310">
            <mixed-citation id="d6684e3001" publication-type="book">
Kolland, Dorothea (ed.) 1978. Musik und Gesellschaft (annotated reprint) (Berlin)<person-group>
                  <string-name xmlns:xlink="http://www.w3.org/1999/xlink">
                     <surname>Kolland</surname>
                  </string-name>
               </person-group>
               <source>Musik und Gesellschaft</source>
               <year>1978</year>
            </mixed-citation>
         </ref>
         <ref id="d6684e3024a1310">
            <mixed-citation id="d6684e3028" publication-type="other">
Larsson, Thomas and Riddarstolpe, Erik 1975. Dansband i Skara [Dance bands in and around Skara].
Unpublished.</mixed-citation>
         </ref>
         <ref id="d6684e3038a1310">
            <mixed-citation id="d6684e3044" publication-type="other">
Lee, Pedro van der. 1988. Canto popular urugayo. Den folkliga uruguayska singen - en oversikt
1988. El Condor Pasa. Unpublished.</mixed-citation>
         </ref>
         <ref id="d6684e3054a1310">
            <mixed-citation id="d6684e3058" publication-type="other">
Lilliestam, Lars 1976. Samla Mammas Manna - en musikalisk analys [analysis of music by prominent band in
the Swedish 'alternative' music movement]. Unpublished.</mixed-citation>
         </ref>
         <ref id="d6684e3068a1310">
            <mixed-citation id="d6684e3072" publication-type="other">
1983. Blues och rockteori [Blues and rock theory]. Unpublished.</mixed-citation>
         </ref>
         <ref id="d6684e3079a1310">
            <mixed-citation id="d6684e3083" publication-type="book">
1984. Syntarnas intdg eller fran melodi och harmonik till klang och rytm: 10 teser, Tvarspel (q.v.), pp.
352-70 [Entrance of the synths or from melody and harmony to sound and rhythm: 10 Theses]<person-group>
                  <string-name xmlns:xlink="http://www.w3.org/1999/xlink">
                     <surname>Larsson</surname>
                  </string-name>
               </person-group>
               <comment content-type="section">Syntarnas intdg eller fran melodi och harmonik till klang och rytm: 10 teser</comment>
               <fpage>352</fpage>
               <source>Tvarspel</source>
               <year>1984</year>
            </mixed-citation>
         </ref>
         <ref id="d6684e3115a1310">
            <mixed-citation id="d6684e3119" publication-type="book">
1989. Musikalisk ackulturation - frdn blues till rock. En studie kring ldten Hound Dog. SfMV: 20 [Title as
for English summary in Lilliestam 1990]S<person-group>
                  <string-name xmlns:xlink="http://www.w3.org/1999/xlink">
                     <surname>Larsson</surname>
                  </string-name>
               </person-group>
               <comment content-type="section">Musikalisk ackulturation - frdn blues till rock</comment>
               <volume>20</volume>
               <source>En studie kring ldten Hound Dog</source>
               <year>1989</year>
            </mixed-citation>
         </ref>
         <ref id="d6684e3152a1310">
            <mixed-citation id="d6684e3156" publication-type="journal">
1990. 'Musical Acculturation: "Hound Dog" from Blues to Swedish Rock and Roll', PMR, pp. 133-44
Ling, Jan 1964. Svenskfolkmusik (Stockholm)<person-group>
                  <string-name xmlns:xlink="http://www.w3.org/1999/xlink">
                     <surname>Larsson</surname>
                  </string-name>
               </person-group>
               <issue>Jan</issue>
               <fpage>133</fpage>
               <source>PMR</source>
               <year>1964</year>
            </mixed-citation>
         </ref>
         <ref id="d6684e3188a1310">
            <mixed-citation id="d6684e3192" publication-type="other">
1967. Nyckelharpan. Studier i ett folkligt musikinstrument (Stockholm) [The Keyed Fiddle, doctoral disser-
tation supervised by E. Emsheimer]</mixed-citation>
         </ref>
         <ref id="d6684e3202a1310">
            <mixed-citation id="d6684e3206" publication-type="book">
1970. (with S. Olofsson) Musik och samhille [Music and Society] (Stockholm)<person-group>
                  <string-name xmlns:xlink="http://www.w3.org/1999/xlink">
                     <surname>Larsson</surname>
                  </string-name>
               </person-group>
               <source>Musik och samhille</source>
               <year>1970</year>
            </mixed-citation>
         </ref>
         <ref id="d6684e3228a1310">
            <mixed-citation id="d6684e3232" publication-type="book">
1972. (with S. Olofsson) Frdn skrapare till hackare (Stockholm)<person-group>
                  <string-name xmlns:xlink="http://www.w3.org/1999/xlink">
                     <surname>Larsson</surname>
                  </string-name>
               </person-group>
               <source>Frdn skrapare till hackare</source>
               <year>1972</year>
            </mixed-citation>
         </ref>
         <ref id="d6684e3254a1310">
            <mixed-citation id="d6684e3258" publication-type="book">
1974. 'Frdn Marseillisen till Internationalen. Musikliv och revolution i 1700-1800-talets Frankrike'. Ord
och Bild, pp. 272-88 [From the Marseillaise to the Internationale. Musical life and revolution in 18th
and 19th century France]<person-group>
                  <string-name xmlns:xlink="http://www.w3.org/1999/xlink">
                     <surname>Larsson</surname>
                  </string-name>
               </person-group>
               <comment content-type="section">'Frdn Marseillisen till Internationalen. Musikliv och revolution i 1700-1800-talets Frankrike</comment>
               <fpage>272</fpage>
               <source>Ord och Bild</source>
               <year>1974</year>
            </mixed-citation>
         </ref>
         <ref id="d6684e3293a1310">
            <mixed-citation id="d6684e3297" publication-type="book">
1975a. 'Forsok till en musikalisk dialektik', in Klasskamp och kultur, ed. P Tjader (Goteborg), pp. 103-
333 [Towards a musical dialectic]<person-group>
                  <string-name xmlns:xlink="http://www.w3.org/1999/xlink">
                     <surname>Larsson</surname>
                  </string-name>
               </person-group>
               <comment content-type="section">Forsok till en musikalisk dialektik</comment>
               <fpage>103</fpage>
               <source>Klasskamp och kultur</source>
               <year>1975</year>
            </mixed-citation>
         </ref>
         <ref id="d6684e3330a1310">
            <mixed-citation id="d6684e3334" publication-type="book">
1975b. Entry for Emsheimer in Sohlmans Musiklexikon (Stockholm)<person-group>
                  <string-name xmlns:xlink="http://www.w3.org/1999/xlink">
                     <surname>Larsson</surname>
                  </string-name>
               </person-group>
               <source>Entry for Emsheimer in Sohlmans Musiklexikon</source>
               <year>1975</year>
            </mixed-citation>
         </ref>
         <ref id="d6684e3356a1310">
            <mixed-citation id="d6684e3360" publication-type="other">
1976. Musik som avbild av verkligheten. Ndgra reflektioner kring Albrecht Riethmiillers bok med
samma namn. (Goteborg) [Music as an image of reality. Some reflections on A R's book of the same
name]. Unpublished.</mixed-citation>
         </ref>
         <ref id="d6684e3373a1310">
            <mixed-citation id="d6684e3377" publication-type="book">
1978a. '"O tysta ensamhet". Frdn kinslosam still till hembygdsnostalgi', Sumlen. Arsbok für vis- och
folkmusikforskning pp. 40-58<person-group>
                  <string-name xmlns:xlink="http://www.w3.org/1999/xlink">
                     <surname>Larsson</surname>
                  </string-name>
               </person-group>
               <comment content-type="section">O tysta ensamhet". Frdn kinslosam still till hembygdsnostalgi</comment>
               <fpage>40</fpage>
               <source>Sumlen. Arsbok für vis- och folkmusikforskning</source>
               <year>1978</year>
            </mixed-citation>
            <mixed-citation id="d6684e3408" publication-type="other">
Ling 1992</mixed-citation>
         </ref>
         <ref id="d6684e3415a1310">
            <mixed-citation id="d6684e3419" publication-type="book">
1978b. 'Hjort Anders' "12th Night March" - Stylistic and ideological change', Antropologiska Studier,
25/26. Also published as SPGUMD 8005<person-group>
                  <string-name xmlns:xlink="http://www.w3.org/1999/xlink">
                     <surname>Larsson</surname>
                  </string-name>
               </person-group>
               <comment content-type="section">Hjort Anders' "12th Night March" - Stylistic and ideological change</comment>
               <fpage>26</fpage>
               <volume>25</volume>
               <source>Antropologiska Studier</source>
               <year>1978</year>
            </mixed-citation>
         </ref>
         <ref id="d6684e3454a1310">
            <mixed-citation id="d6684e3458" publication-type="book">
1979a. Folkmusik - en brygd, Fataburen pp. 9-34 [Folk music - a strange brew]<person-group>
                  <string-name xmlns:xlink="http://www.w3.org/1999/xlink">
                     <surname>Larsson</surname>
                  </string-name>
               </person-group>
               <fpage>9</fpage>
               <source>Folkmusik - en brygd, Fataburen</source>
               <year>1979</year>
            </mixed-citation>
            <mixed-citation id="d6684e3482" publication-type="other">
SPGUMD 8005, 1981</mixed-citation>
         </ref>
         <ref id="d6684e3489a1310">
            <mixed-citation id="d6684e3493" publication-type="book">
1979b. 'Assafjevs intonationsteori: ett forsok till analys', Skriftfest: 19 uppsatser tilldgnade Martin Tegen -
60 dr, pp130-45 [Assafiev's intonation theory: towards an analysis]<person-group>
                  <string-name xmlns:xlink="http://www.w3.org/1999/xlink">
                     <surname>Larsson</surname>
                  </string-name>
               </person-group>
               <comment content-type="section">Assafjevs intonationsteori: ett forsok till analys</comment>
               <fpage>130</fpage>
               <source>Skriftfest: 19 uppsatser tilldgnade Martin Tegen 60 dr</source>
               <year>1979</year>
            </mixed-citation>
         </ref>
         <ref id="d6684e3526a1310">
            <mixed-citation id="d6684e3530" publication-type="book">
1980. Musiken i samhiillet, SPGUMD 8001 [Music in Society]<person-group>
                  <string-name xmlns:xlink="http://www.w3.org/1999/xlink">
                     <surname>Larsson</surname>
                  </string-name>
               </person-group>
               <source>Musiken i samhiillet</source>
               <year>1980</year>
            </mixed-citation>
         </ref>
         <ref id="d6684e3552a1310">
            <mixed-citation id="d6684e3556" publication-type="book">
1981a. Adorno och Randgebiet Schweden, SPGUMD 8107 [Adorno and the marginal region of Sweden]<person-group>
                  <string-name xmlns:xlink="http://www.w3.org/1999/xlink">
                     <surname>Larsson</surname>
                  </string-name>
               </person-group>
               <source>Adorno och Randgebiet Schweden</source>
               <year>1981</year>
            </mixed-citation>
         </ref>
         <ref id="d6684e3578a1310">
            <mixed-citation id="d6684e3582" publication-type="book">
1981b. Populdrmusiken under 1950-talet, SPGUMD 8108 [Popular music in Sweden during the 1950s]<person-group>
                  <string-name xmlns:xlink="http://www.w3.org/1999/xlink">
                     <surname>Larsson</surname>
                  </string-name>
               </person-group>
               <source>Populdrmusiken under 1950-talet</source>
               <year>1981</year>
            </mixed-citation>
         </ref>
         <ref id="d6684e3604a1310">
            <mixed-citation id="d6684e3608" publication-type="book">
1983. Europas musikhistoria -1730 (Uppsala) [History of Music in Europe until 1730]<person-group>
                  <string-name xmlns:xlink="http://www.w3.org/1999/xlink">
                     <surname>Larsson</surname>
                  </string-name>
               </person-group>
               <source>Europas musikhistoria -1730</source>
               <year>1983</year>
            </mixed-citation>
         </ref>
         <ref id="d6684e3630a1310">
            <mixed-citation id="d6684e3634" publication-type="journal">
1985a. 'The sociology of music', Canadian University Music Review, pp. 1-16<person-group>
                  <string-name xmlns:xlink="http://www.w3.org/1999/xlink">
                     <surname>Larsson</surname>
                  </string-name>
               </person-group>
               <fpage>1</fpage>
               <source>Canadian University Music Review</source>
               <year>1985</year>
            </mixed-citation>
         </ref>
         <ref id="d6684e3659a1310">
            <mixed-citation id="d6684e3663" publication-type="book">
1985b. 'Volksmusik und Ideologie in Schweden', Wegzeichen - Studien zur Musikwissenschaft', pp.
308-31<person-group>
                  <string-name xmlns:xlink="http://www.w3.org/1999/xlink">
                     <surname>Larsson</surname>
                  </string-name>
               </person-group>
               <comment content-type="section">Volksmusik und Ideologie in Schweden</comment>
               <fpage>308</fpage>
               <source>Wegzeichen - Studien zur Musikwissenschaft</source>
               <year>1985</year>
            </mixed-citation>
         </ref>
         <ref id="d6684e3696a1310">
            <mixed-citation id="d6684e3700" publication-type="other">
1986a. Hur klassisk musik blev klassisk [How classical music became classical]. Unpublished.</mixed-citation>
         </ref>
         <ref id="d6684e3707a1310">
            <mixed-citation id="d6684e3711" publication-type="book">
1986b. 'Folk music revival in Sweden. The Lilla Edet Fiddle Club', Yearbook For Traditional Music, 18,
pp. 1-8<person-group>
                  <string-name xmlns:xlink="http://www.w3.org/1999/xlink">
                     <surname>Larsson</surname>
                  </string-name>
               </person-group>
               <comment content-type="section">Folk music revival in Sweden. The Lilla Edet Fiddle Club</comment>
               <fpage>1</fpage>
               <volume>18</volume>
               <source>Yearbook For Traditional Music</source>
               <year>1986</year>
            </mixed-citation>
         </ref>
         <ref id="d6684e3746a1310">
            <mixed-citation id="d6684e3750" publication-type="book">
1989a. Europas musikhistoria -folkmusiken (Goteborg) [History of music in Europe - folk music: 1997 in
English translation from the University of Rochester Press]<person-group>
                  <string-name xmlns:xlink="http://www.w3.org/1999/xlink">
                     <surname>Larsson</surname>
                  </string-name>
               </person-group>
               <source>Europas musikhistoria -folkmusiken</source>
               <year>1989</year>
            </mixed-citation>
         </ref>
         <ref id="d6684e3775a1310">
            <mixed-citation id="d6684e3779" publication-type="book">
1989b. 'Musik som klassisk konst. En 1700-talside som blev klassisk', Frihetens former - en vdnbok till
Sven-Eric Liedman, pp. 171-87 [Music as classical art. An 18th century idea which became a classic]<person-group>
                  <string-name xmlns:xlink="http://www.w3.org/1999/xlink">
                     <surname>Larsson</surname>
                  </string-name>
               </person-group>
               <comment content-type="section">Musik som klassisk konst. En 1700-talside som blev klassisk</comment>
               <fpage>171</fpage>
               <source>Frihetens former - en vdnbok till Sven-Eric Liedman</source>
               <year>1989</year>
            </mixed-citation>
         </ref>
         <ref id="d6684e3811a1310">
            <mixed-citation id="d6684e3815" publication-type="book">
1992. 'From empfindsamer style to down-home village nostalgia', in Secondo convegno europeo di analisi
musicale, eds R. Dalmonte and M. Baroni (Trento), pp. 321-40<person-group>
                  <string-name xmlns:xlink="http://www.w3.org/1999/xlink">
                     <surname>Larsson</surname>
                  </string-name>
               </person-group>
               <comment content-type="section">From empfindsamer style to down-home village nostalgia</comment>
               <fpage>321</fpage>
               <source>Secondo convegno europeo di analisi musicale</source>
               <year>1992</year>
            </mixed-citation>
         </ref>
         <ref id="d6684e3847a1310">
            <mixed-citation id="d6684e3851" publication-type="other">
1994. Recorded conversation with the author, 5 September</mixed-citation>
         </ref>
         <ref id="d6684e3859a1310">
            <mixed-citation id="d6684e3863" publication-type="book">
Ling, Jan, Andersson, Ulla and Larsson, Assar 1983. Vi dro musikanter allt ifrdn Skaraborg - studier i
va'stgitsk musikhistoria (Skara) [History of music in the province of Vistergotland]<person-group>
                  <string-name xmlns:xlink="http://www.w3.org/1999/xlink">
                     <surname>Ling</surname>
                  </string-name>
               </person-group>
               <comment content-type="section">Ulla and Larsson, Assar 1983</comment>
               <source>Vi dro musikanter allt ifrdn Skaraborg - studier i va'stgitsk musikhistoria</source>
               <year>1983</year>
            </mixed-citation>
         </ref>
         <ref id="d6684e3892a1310">
            <mixed-citation id="d6684e3896" publication-type="book">
Ling, Jan and Ramsten, Marta 1985. 'The Gardeby folk melody - a musical migrant', Analytica. Studies
in the Description and Analysis of Music, pp. 301-22<person-group>
                  <string-name xmlns:xlink="http://www.w3.org/1999/xlink">
                     <surname>Ling</surname>
                  </string-name>
               </person-group>
               <comment content-type="section">The Gardeby folk melody - a musical migrant</comment>
               <fpage>301</fpage>
               <source>Analytica. Studies in the Description and Analysis of Music</source>
               <year>1985</year>
            </mixed-citation>
            <mixed-citation id="d6684e3927" publication-type="book">
Popular Music Perspectives, 2,
ed. D. Horn (Göteborg and Exeter), pp. 119-41<edition>2</edition>
               <fpage>119</fpage>
               <source>Popular Music Perspectives</source>
            </mixed-citation>
         </ref>
         <ref id="d6684e3946a1310">
            <mixed-citation id="d6684e3950" publication-type="book">
Ling, Jan, Ternhag, Gunnar and Ramsten, Marta (eds) 1980. Folkmusikboken (Uppsala) [The Folk Music
Book]<person-group>
                  <string-name xmlns:xlink="http://www.w3.org/1999/xlink">
                     <surname>Ling</surname>
                  </string-name>
               </person-group>
               <source>Folkmusikboken</source>
               <year>1980</year>
            </mixed-citation>
         </ref>
         <ref id="d6684e3975a1310">
            <mixed-citation id="d6684e3979" publication-type="book">
Ling, Jan and Thors~n, Stig-Magnus 1988. Socio-Musicology at the University of Gothenburg - a sum-
mary<person-group>
                  <string-name xmlns:xlink="http://www.w3.org/1999/xlink">
                     <surname>Ling</surname>
                  </string-name>
               </person-group>
               <source>Socio-Musicology at the University of Gothenburg - a summary</source>
               <year>1988</year>
            </mixed-citation>
         </ref>
         <ref id="d6684e4004a1310">
            <mixed-citation id="d6684e4008" publication-type="book">
Malm, Krister 1981. Fyra musikkulturer: Tanzania, Tunisien, Sverige och Trinided. (Stockholm) [Comparison
of music cultures in Tanzania, Tunisia, Sweden and Trinidad]S<person-group>
                  <string-name xmlns:xlink="http://www.w3.org/1999/xlink">
                     <surname>Malm</surname>
                  </string-name>
               </person-group>
               <source>Fyra musikkulturer: Tanzania, Tunisien, Sverige och Trinided</source>
               <year>1981</year>
            </mixed-citation>
         </ref>
         <ref id="d6684e4033a1310">
            <mixed-citation id="d6684e4037" publication-type="other">
Michelsen, Morten 1993. Autenticitetsbegrebets historie, specielt med henblik pd dets status i rockmusikkens
"stetik. MA dissertation, Copenhagen [A history of the concept of authenticity with special focus on
its status in the aesthetics of rock]</mixed-citation>
         </ref>
         <ref id="d6684e4051a1310">
            <mixed-citation id="d6684e4055" publication-type="book">
Middleton, Richard 1985a. 'Popular music, class conflict and the music-historical field', in Popular Music
Perspectives, 2, ed. D. Horn (Goteborg and Exeter), pp. 24-46<person-group>
                  <string-name xmlns:xlink="http://www.w3.org/1999/xlink">
                     <surname>Middleton</surname>
                  </string-name>
               </person-group>
               <edition>2</edition>
               <comment content-type="section">Popular music, class conflict and the music-historical field</comment>
               <fpage>24</fpage>
               <source>Popular Music Perspectives</source>
               <year>1985</year>
            </mixed-citation>
         </ref>
         <ref id="d6684e4090a1310">
            <mixed-citation id="d6684e4094" publication-type="journal">
1985b. 'Articulating musical meaning, re-constructing musical history, locating the "popular" ', Popular
Music, 5, pp. 5-44<object-id pub-id-type="jstor">10.2307/853282</object-id>
               <fpage>5</fpage>
            </mixed-citation>
         </ref>
         <ref id="d6684e4110a1310">
            <mixed-citation id="d6684e4114" publication-type="book">
1990. Studying Popular Music (Milton Keynes)<source>Studying Popular Music</source>
               <year>1990</year>
            </mixed-citation>
         </ref>
         <ref id="d6684e4127a1310">
            <mixed-citation id="d6684e4131" publication-type="book">
Ministry of Education, 1969. Ldroplan fjr grundskolan - Musiksupplement. (Stockholm).<person-group>
                  <string-name xmlns:xlink="http://www.w3.org/1999/xlink">
                     <surname>Ministry of Education</surname>
                  </string-name>
               </person-group>
               <source>Ldroplan fjr grundskolan - Musiksupplement</source>
               <year>1969</year>
            </mixed-citation>
         </ref>
         <ref id="d6684e4153a1310">
            <mixed-citation id="d6684e4157" publication-type="book">
Musiken, mlnniskan, samhillet 1976. Musikutbildning i framtidsperspektiv. Principbetinkande av organis-
ationskommittön for hégre musikutbildning, SOU, 33. (Stockholm) [Also available as summary in
English, German or French. English title: Music, Man, Society: Music Education for the Future]<person-group>
                  <string-name xmlns:xlink="http://www.w3.org/1999/xlink">
                     <surname>Musiken</surname>
                  </string-name>
               </person-group>
               <comment content-type="section">Musikutbildning i framtidsperspektiv</comment>
               <source>Principbetinkande av organisationskommittön for hégre musikutbildning</source>
               <year>1976</year>
            </mixed-citation>
         </ref>
         <ref id="d6684e4189a1310">
            <mixed-citation id="d6684e4193" publication-type="book">
Nylof, Goran 1967. Musikvanor i Sverige, Bilaga till Konsertbyrdutredningens slutrapport 'Rikskonserter',
SOU, p. 9 [Musical habits in Sweden]<person-group>
                  <string-name xmlns:xlink="http://www.w3.org/1999/xlink">
                     <surname>Nylof</surname>
                  </string-name>
               </person-group>
               <fpage>9</fpage>
               <source>Musikvanor i Sverige, Bilaga till Konsertbyrdutredningens slutrapport 'Rikskonserter</source>
               <year>1967</year>
            </mixed-citation>
         </ref>
         <ref id="d6684e4223a1310">
            <mixed-citation id="d6684e4227" publication-type="journal">
1990. 'Trends in popular music preferences in Sweden 1960-1988', PMR, pp. 87-102<fpage>87</fpage>
               <source>PMR</source>
               <year>1990</year>
            </mixed-citation>
         </ref>
         <ref id="d6684e4243a1310">
            <mixed-citation id="d6684e4247" publication-type="book">
Ohrstrom, Eva 1987. Borgerliga kvinnors musicerande i 1800-talets Sverige, SfMV 5 [Music making among
bourgeois women in 19th century Sweden']S<person-group>
                  <string-name xmlns:xlink="http://www.w3.org/1999/xlink">
                     <surname>Ohrstrom</surname>
                  </string-name>
               </person-group>
               <volume>5</volume>
               <source>Borgerliga kvinnors musicerande i 1800-talets Sverige</source>
               <year>1987</year>
            </mixed-citation>
         </ref>
         <ref id="d6684e4276a1310">
            <mixed-citation id="d6684e4280" publication-type="book">
Olsson, Bengt 1983. SAMUS - en musikutbildning i kulturpolitikens tj]nst, SfMV 33 [SAMUS: music edu-
cation in the service of cultural policy]S<person-group>
                  <string-name xmlns:xlink="http://www.w3.org/1999/xlink">
                     <surname>Olsson</surname>
                  </string-name>
               </person-group>
               <volume>33</volume>
               <source>SAMUS - en musikutbildning i kulturpolitikens tjnst</source>
               <year>1983</year>
            </mixed-citation>
         </ref>
         <ref id="d6684e4309a1310">
            <mixed-citation id="d6684e4313" publication-type="book">
Reimers, Lennart. Alice. 1983. Alice Tegners barnvisor, SfMV 8 [The nursery rhymes of Alice Tegnör]<person-group>
                  <string-name xmlns:xlink="http://www.w3.org/1999/xlink">
                     <surname>Reimers</surname>
                  </string-name>
               </person-group>
               <volume>8</volume>
               <source>Alice Tegners barnvisor</source>
               <year>1983</year>
            </mixed-citation>
         </ref>
         <ref id="d6684e4338a1310">
            <mixed-citation id="d6684e4342" publication-type="book">
Rhedin, Bengt. 1969. Om musikens fetischkaraktar och lyssnandets regression, SPGUMD 8014 [Annotated
Swedish translation of Adorno 1938]<person-group>
                  <string-name xmlns:xlink="http://www.w3.org/1999/xlink">
                     <surname>Rhedin</surname>
                  </string-name>
               </person-group>
               <source>Om musikens fetischkaraktar och lyssnandets regression</source>
               <year>1969</year>
            </mixed-citation>
         </ref>
         <ref id="d6684e4367a1310">
            <mixed-citation id="d6684e4371" publication-type="book">
Rochon, Gaston 1992. Processus compositionnel - Genese de chansons de Gilles Vigneault: un ttmoignage, SfMV
28S<person-group>
                  <string-name xmlns:xlink="http://www.w3.org/1999/xlink">
                     <surname>Rochon</surname>
                  </string-name>
               </person-group>
               <source>Processus compositionnel - Genese de chansons de Gilles Vigneault: un ttmoignage</source>
               <year>1992</year>
            </mixed-citation>
         </ref>
         <ref id="d6684e4397a1310">
            <mixed-citation id="d6684e4401" publication-type="book">
Roe, Keith and Karlsson, Ulla (eds) 1990. Popular Music Research (Goteborg)<person-group>
                  <string-name xmlns:xlink="http://www.w3.org/1999/xlink">
                     <surname>Roe</surname>
                  </string-name>
               </person-group>
               <source>Popular Music Research</source>
               <year>1990</year>
            </mixed-citation>
         </ref>
         <ref id="d6684e4423a1310">
            <mixed-citation id="d6684e4427" publication-type="other">
Samulesson, T., Keczan, G. and Lorentzon, A. 1982. 'Varfor slutar eleverna i den kommunala musikskol-
an', MA diss. [Why do pupils leave music school? - comparison of instrumental teaching in three
municipalities]</mixed-citation>
         </ref>
         <ref id="d6684e4440a1310">
            <mixed-citation id="d6684e4444" publication-type="book">
Shepherd, John 1986. Music and Male Hegemony, SPGUMD 8606<person-group>
                  <string-name xmlns:xlink="http://www.w3.org/1999/xlink">
                     <surname>Shepherd</surname>
                  </string-name>
               </person-group>
               <source>Music and Male Hegemony</source>
               <year>1986</year>
            </mixed-citation>
         </ref>
         <ref id="d6684e4466a1310">
            <mixed-citation id="d6684e4470" publication-type="book">
Stockfelt, Ola 1986. Samtal med mannen bakom bakgrundsmusiken. Arbetsmaterial [Talking to the man behind
the background music - interviews with Philips Functional Music in Eindhoven]<person-group>
                  <string-name xmlns:xlink="http://www.w3.org/1999/xlink">
                     <surname>Stockfelt</surname>
                  </string-name>
               </person-group>
               <comment content-type="section">Samtal med mannen bakom bakgrundsmusiken</comment>
               <source>Arbetsmaterial</source>
               <year>1986</year>
            </mixed-citation>
         </ref>
         <ref id="d6684e4499a1310">
            <mixed-citation id="d6684e4503" publication-type="book">
1988. Musik som lyssnandets konst. En analys av WA Mozarts synfoni No 40, g moll K.550, SfMV 18 [Music
as the art of listening: an analysis of Mozarts 40th symphony in G minor, K 550 - a convincing case
for a polymodality rather than a hierarchy of modes of listening to music]<comment content-type="section">Musik som lyssnandets konst</comment>
               <volume>18</volume>
               <source>En analys av WA Mozarts synfoni No 40, g moll K.550</source>
               <year>1988</year>
            </mixed-citation>
         </ref>
         <ref id="d6684e4529a1310">
            <mixed-citation id="d6684e4533" publication-type="book">
Tagg, Philip. 1975. Pop i crat (Stockholm)<person-group>
                  <string-name xmlns:xlink="http://www.w3.org/1999/xlink">
                     <surname>Tagg</surname>
                  </string-name>
               </person-group>
               <source>Pop i crat</source>
               <year>1975</year>
            </mixed-citation>
         </ref>
         <ref id="d6684e4556a1310">
            <mixed-citation id="d6684e4560" publication-type="book">
1977. Kompkompendium + Supplement no.1 till Kompkompendium [Popular piano accompaniment
compendium]<source>Kompkompendium + Supplement no.1 till Kompkompendium</source>
               <year>1977</year>
            </mixed-citation>
         </ref>
         <ref id="d6684e4576a1310">
            <mixed-citation id="d6684e4580" publication-type="book">
1979. Kojak: 50 Seconds of Television Music. Towards the Analysis of Affect in Popular Music, SfMV 2S<comment content-type="section">Kojak: 50 Seconds of Television Music</comment>
               <source>Towards the Analysis of Affect in Popular Music</source>
               <year>1979</year>
            </mixed-citation>
         </ref>
         <ref id="d6684e4596a1310">
            <mixed-citation id="d6684e4600" publication-type="other">
(ed.) 1980a. Film Music, Mood Music and Popular Music Research. Interviews, Converations, entretiens,
SPGUMD 8002</mixed-citation>
         </ref>
         <ref id="d6684e4610a1310">
            <mixed-citation id="d6684e4614" publication-type="book">
(ed.) 1980b. Frdn motkultur till firetagsamhet, SPGUMD [Annotated Swedish summary of Chapple and
Garofalo 1977]<source>Frdn motkultur till firetagsamhet</source>
               <year>1980</year>
            </mixed-citation>
         </ref>
         <ref id="d6684e4630a1310">
            <mixed-citation id="d6684e4634" publication-type="book">
1981. On the Specificity of Musical Communication. Guidelines for Non-Musicologists, SPGUMD 8115<comment content-type="section">On the Specificity of Musical Communication</comment>
               <source>Guidelines for Non-Musicologists</source>
               <year>1981</year>
            </mixed-citation>
         </ref>
         <ref id="d6684e4650a1310">
            <mixed-citation id="d6684e4654" publication-type="book">
1982a. 'Music teacher training problems and popular music research', in Popular Music Perspectives (1)<comment content-type="section">Music teacher training problems and popular music research</comment>
               <source>Popular Music Perspectives</source>
               <year>1982</year>
            </mixed-citation>
         </ref>
         <ref id="d6684e4671a1310">
            <mixed-citation id="d6684e4675" publication-type="book">
ed. D. Horn and P. Tagg (Goteborg and Exeter), pp. 232-42  <fpage>232</fpage>
            </mixed-citation>
            <mixed-citation id="d6684e4686" publication-type="other">
Tagg 1987</mixed-citation>
         </ref>
         <ref id="d6684e4693a1310">
            <mixed-citation id="d6684e4697" publication-type="book">
1982b. 'Natur i massmediemusik', in Naturen som symbol, eds J. Allwood et al. (Stockhom), pp. 161-99<comment content-type="section">Natur i massmediemusik</comment>
               <fpage>161</fpage>
               <source>Naturen som symbol</source>
               <year>1982</year>
            </mixed-citation>
            <mixed-citation id="d6684e4715" publication-type="conference">
Tagg 1987<year>1987</year>
            </mixed-citation>
         </ref>
         <ref id="d6684e4725a1310">
            <mixed-citation id="d6684e4729" publication-type="journal">
1984. 'Understanding "Time Sense": concepts, sketches, consequences', Tvdrspel, pp. 21-43<fpage>21</fpage>
               <source>Tvdrspel</source>
               <year>1984</year>
            </mixed-citation>
            <mixed-citation id="d6684e4744" publication-type="other">
Tagg 1987</mixed-citation>
         </ref>
         <ref id="d6684e4751a1310">
            <mixed-citation id="d6684e4755" publication-type="book">
1985. 'Musiken - sprd.ket som alla förstdr? Fallet med "dadsmusiken", in Tvirkulturell kommunikation,
ed. J. Allwood (Goteborg), pp. 220-48<comment content-type="section">Musiken - sprd.ket som alla förstdr? Fallet med "dadsmusiken"</comment>
               <fpage>220</fpage>
               <source>Tvirkulturell kommunikation</source>
               <year>1985</year>
            </mixed-citation>
            <mixed-citation id="d6684e4777" publication-type="journal">
Published in English as "Universal" music and the case of
death', in Critical Quarterly, 1993, 35/2, pp. 54-85<issue>2</issue>
               <fpage>54</fpage>
               <volume>35</volume>
               <source>Critical Quarterly</source>
               <year>1993</year>
            </mixed-citation>
            <mixed-citation id="d6684e4802" publication-type="other">
Tagg 1987</mixed-citation>
         </ref>
         <ref id="d6684e4809a1310">
            <mixed-citation id="d6684e4813" publication-type="book">
1986. 'Musik som kommunikation', in Mdnsklig kommunikation, ed. J. Allwood (Goteborg), pp. 116-31<comment content-type="section">Musik som kommunikation</comment>
               <fpage>116</fpage>
               <source>Mdnsklig kommunikation</source>
               <year>1986</year>
            </mixed-citation>
         </ref>
         <ref id="d6684e4832a1310">
            <mixed-citation id="d6684e4836" publication-type="journal">
1987. 'Musicology and the semiotics of popular music', Semiotica, 66, 1/3, pp. 279-98<issue>1</issue>
               <fpage>279</fpage>
               <volume>66</volume>
               <source>Semiotica</source>
               <year>1987</year>
            </mixed-citation>
         </ref>
         <ref id="d6684e4860a1310">
            <mixed-citation id="d6684e4864" publication-type="journal">
1989a. 'Open letter: Black music, Afro-American and European music', Popular Music, 8/3, pp. 285-98<object-id pub-id-type="jstor">10.2307/931278</object-id>
               <fpage>285</fpage>
            </mixed-citation>
         </ref>
         <ref id="d6684e4877a1310">
            <mixed-citation id="d6684e4881" publication-type="book">
1989b. 'An anthropology of television music?', Svensk tidskrift fbr musikforskning, pp. 19-42<comment content-type="section">An anthropology of television music?</comment>
               <fpage>19</fpage>
               <source>Svensk tidskrift fbr musikforskning</source>
               <year>1989</year>
            </mixed-citation>
            <mixed-citation id="d6684e4899" publication-type="other">
Tagg 1987</mixed-citation>
         </ref>
         <ref id="d6684e4906a1310">
            <mixed-citation id="d6684e4910" publication-type="book">
(ed.) 1989c. DOPMUS. Documentation of Popular Music Studies (Goteborg)<source>Documentation of Popular Music Studies</source>
               <year>1989</year>
            </mixed-citation>
         </ref>
         <ref id="d6684e4923a1310">
            <mixed-citation id="d6684e4927" publication-type="journal">
1990. 'Music in mass media studies. Reading sounds for example', PMR, pp. 103-14<fpage>103</fpage>
               <source>PMR</source>
               <year>1990</year>
            </mixed-citation>
         </ref>
         <ref id="d6684e4943a1310">
            <mixed-citation id="d6684e4947" publication-type="journal">
1994. 'From refrain to rave: the decline of figure and the rise of ground', Popular Music, 13/2, pp.
209-22<object-id pub-id-type="jstor">10.2307/853215</object-id>
               <fpage>209</fpage>
            </mixed-citation>
         </ref>
         <ref id="d6684e4963a1310">
            <mixed-citation id="d6684e4967" publication-type="conference">
Tagg, Philip and Horn, David (eds) 1982. Popular Music Perspectives. Papers from 1st Conference on Popular
Music Research (Göteborg and Exeter)<person-group>
                  <string-name xmlns:xlink="http://www.w3.org/1999/xlink">
                     <surname>Tagg</surname>
                  </string-name>
               </person-group>
               <comment content-type="section">Popular Music Perspectives</comment>
               <source>1st Conference on Popular Music Research (Göteborg and Exeter)</source>
               <year>1982</year>
            </mixed-citation>
         </ref>
         <ref id="d6684e4997a1310">
            <mixed-citation id="d6684e5001" publication-type="book">
Thorén, Anna 1986. Bakom ljudkulissen. Om bakgrundsmusikens anvindning i Sverige, SPGUMD [Uses of
background music in Sweden]<person-group>
                  <string-name xmlns:xlink="http://www.w3.org/1999/xlink">
                     <surname>Thorén</surname>
                  </string-name>
               </person-group>
               <comment content-type="section">Bakom ljudkulissen</comment>
               <source>Om bakgrundsmusikens anvindning i Sverige</source>
               <year>1986</year>
            </mixed-citation>
         </ref>
         <ref id="d6684e5030a1310">
            <mixed-citation id="d6684e5034" publication-type="book">
Thorsen, Stig-Magnus 1980. Ande skén, kom till mej. En musiksociologisk analys av musiken i Gitene Filadelfia-
fösamling, SfMV 5 [Blessed Spirit, Come to Me: An analysis of music in the Philadelphia congregation
at Götene]S<person-group>
                  <string-name xmlns:xlink="http://www.w3.org/1999/xlink">
                     <surname>Thorsen</surname>
                  </string-name>
               </person-group>
               <comment content-type="section">Ande skén, kom till mej</comment>
               <source>En musiksociologisk analys av musiken i Gitene Filadelfiafösamling</source>
               <year>1980</year>
            </mixed-citation>
         </ref>
         <ref id="d6684e5066a1310">
            <mixed-citation id="d6684e5070" publication-type="book">
1985. Musik pd en fabrik. Arbetet - musikanldiggningen - arbetsmusiken, SPGUMD [Music in a factory: the
work, the musical equipment, the music for work]<comment content-type="section">Musik pd en fabrik</comment>
               <source>Arbetet - musikanldiggningen - arbetsmusiken</source>
               <year>1985</year>
            </mixed-citation>
         </ref>
         <ref id="d6684e5089a1310">
            <mixed-citation id="d6684e5093" publication-type="book">
1987. Frdn Spinnvisor till P3-Musik. En historisk diskussion av arbetsmusikens funktioner, SPGUMD [From
spinning songs to Radio 1 Music. A historical discussion of the functions of music for work]<comment content-type="section">Frdn Spinnvisor till P3-Musik</comment>
               <source>En historisk diskussion av arbetsmusikens funktioner</source>
               <year>1987</year>
            </mixed-citation>
         </ref>
         <ref id="d6684e5112a1310">
            <mixed-citation id="d6684e5116" publication-type="book">
1988. Music at Work
Tvirspel - Festskrift till Jan Ling, (1984). SfMV 9<volume>9</volume>
               <source>Music at Work Tvirspel - Festskrift till Jan Ling</source>
               <year>1988</year>
            </mixed-citation>
         </ref>
         <ref id="d6684e5135a1310">
            <mixed-citation id="d6684e5139" publication-type="book">
Wallin, Nils L. 1982. Den musikaliska hjdirnan. En kritisk essd om musik och perception i biologisk belysning,
SfMV 6 [Music and the brain. A critical essay about music and perception from a biological view-
point]S<person-group>
                  <string-name xmlns:xlink="http://www.w3.org/1999/xlink">
                     <surname>Wallin</surname>
                  </string-name>
               </person-group>
               <volume>6</volume>
               <source>Den musikaliska hjdirnan. En kritisk essd om musik och perception i biologisk belysning</source>
               <year>1982</year>
            </mixed-citation>
         </ref>
         <ref id="d6684e5172a1310">
            <mixed-citation id="d6684e5176" publication-type="book">
Wallis, Roger and Malm, Krister 1982a. 'The Interdependency of Broadcasting and the Phonogram Indus-
try. Events in Kenya, March 1980', in Popular Music Perspectives (1), eds D. Horn and P. Tagg
(Göteborg and Exeter), pp. 93-110<person-group>
                  <string-name xmlns:xlink="http://www.w3.org/1999/xlink">
                     <surname>Wallis</surname>
                  </string-name>
               </person-group>
               <comment content-type="section">The Interdependency of Broadcasting and the Phonogram Industry. Events in Kenya, March 1980</comment>
               <fpage>93</fpage>
               <source>Popular Music Perspectives</source>
               <year>1982</year>
            </mixed-citation>
         </ref>
         <ref id="d6684e5211a1310">
            <mixed-citation id="d6684e5215" publication-type="book">
1982b. Big Sounds from Small Peoples. The Music Industry in Small Countries, SfMV 7. Published simul-
taneously by Constable, London<comment content-type="section">Big Sounds from Small Peoples</comment>
               <source>The Music Industry in Small Countries</source>
               <year>1982</year>
            </mixed-citation>
         </ref>
         <ref id="d6684e5234a1310">
            <mixed-citation id="d6684e5238" publication-type="journal">
1990. 'The implications of structural changes in the music industry for media policy and music activity.
A research framework', PMR, pp. 11-20<fpage>11</fpage>
               <source>PMR</source>
               <year>1990</year>
            </mixed-citation>
         </ref>
         <ref id="d6684e5257a1310">
            <mixed-citation id="d6684e5261" publication-type="book">
Wicke, Peter and Mayer, Guinter 1982. 'Rock music as a phenomenon of progressive mass culture', in
Popular Music Perspectives (1), eds D. Horn and P. Tagg (Goteborg and Exeter), pp. 223-31<person-group>
                  <string-name xmlns:xlink="http://www.w3.org/1999/xlink">
                     <surname>Wicke</surname>
                  </string-name>
               </person-group>
               <comment content-type="section">Rock music as a phenomenon of progressive mass culture</comment>
               <fpage>223</fpage>
               <source>Popular Music Perspectives</source>
               <year>1982</year>
            </mixed-citation>
         </ref>
      </ref-list>
   </back>
</article>
