<article dtd-version="1.0" article-type="research-article">
   <front>
      <journal-meta>
         <journal-id xmlns:xlink="http://www.w3.org/1999/xlink" journal-id-type="jstor">popularmusic</journal-id>
         <journal-id xmlns:xlink="http://www.w3.org/1999/xlink" journal-id-type="jstor">j100590</journal-id>
         <journal-title-group xmlns:xlink="http://www.w3.org/1999/xlink">
            <journal-title>Popular Music</journal-title>
         </journal-title-group>
         <publisher>
            <publisher-name>Cambridge University Press</publisher-name>
         </publisher>
         <issn xmlns:xlink="http://www.w3.org/1999/xlink" pub-type="ppub">02611430</issn>
         <issn xmlns:xlink="http://www.w3.org/1999/xlink" pub-type="epub">14740095</issn>
      </journal-meta>
      <article-meta>
         <article-id xmlns:xlink="http://www.w3.org/1999/xlink" pub-id-type="jstor">853532</article-id>
         <title-group>
            <article-title>Amin-e Diwaneh: The Musician as Madman</article-title>
         </title-group>
         <contrib-group>
            <contrib contrib-type="author">
               <string-name xmlns:xlink="http://www.w3.org/1999/xlink">
                  <given-names>John</given-names>
                  <surname>Baily</surname>
               </string-name>
            </contrib>
         </contrib-group>
         <pub-date xmlns:xlink="http://www.w3.org/1999/xlink">
            <day>1</day>
            <month>5</month>
            <year>1988</year>
         </pub-date>
         <volume>7</volume>
         <issue>2</issue>
         <issue-id xmlns:xlink="http://www.w3.org/1999/xlink">i235368</issue-id>
         <fpage>133</fpage>
         <lpage>146</lpage>
         <page-range>133-146</page-range>
         <permissions>
            <copyright-statement>Copyright 1988 Cambridge University Press</copyright-statement>
         </permissions>
         <self-uri xmlns:xlink="http://www.w3.org/1999/xlink"
                   xlink:href="http://www.jstor.org/stable/853532"/>
         <custom-meta-group xmlns:xlink="http://www.w3.org/1999/xlink">
            <custom-meta>
               <meta-name>lang</meta-name>
               <meta-value>eng</meta-value>
            </custom-meta>
         </custom-meta-group>
      </article-meta>
   </front>
   <back>
      <ref-list>
         <title>Endnotes</title>
         <ref id="d1442e220a1310">
            <label>1</label>
            <mixed-citation id="d1442e227" publication-type="journal">
Baily 1976, pp. 50-1  <fpage>50</fpage>
            </mixed-citation>
            <mixed-citation id="d1442e238" publication-type="book">
Afghan rubab<source>Afghan rubab</source>
            </mixed-citation>
            <mixed-citation id="d1442e247" publication-type="book">
Baily 1987  </mixed-citation>
         </ref>
         <ref id="d1442e256a1310">
            <label>3</label>
            <mixed-citation id="d1442e265" publication-type="book">
Mark Slobin (Anthology AST-4004, side 2, cuts 1
and 4)<source>Mark Slobin</source>
            </mixed-citation>
         </ref>
         <ref id="d1442e278a1310">
            <label>5</label>
            <mixed-citation id="d1442e285" publication-type="other">
Baily
1988, chapter 9</mixed-citation>
         </ref>
      </ref-list>
      <ref-list>
         <title>References</title>
         <ref id="d1442e304a1310">
            <mixed-citation id="d1442e308" publication-type="journal">
Baily, John. 1976. 'Recent changes in the dutar of Herat', Asian Music, 8(1), pp. 29-64<object-id pub-id-type="doi">10.2307/833946</object-id>
               <fpage>29</fpage>
            </mixed-citation>
            <mixed-citation id="d1442e320" publication-type="book">
1977. 'Movement patterns in playing the Herati dutdr', in The Anthropology of the Body, ed. John Blacking,
pp. 275-330 (London: Academic Press)<person-group>
                  <string-name xmlns:xlink="http://www.w3.org/1999/xlink">
                     <surname>Baily</surname>
                  </string-name>
               </person-group>
               <comment content-type="section">Movement patterns in playing the Herati dutdr</comment>
               <fpage>275</fpage>
               <source>The Anthropology of the Body</source>
               <year>1977</year>
            </mixed-citation>
            <mixed-citation id="d1442e351" publication-type="journal">
1979. 'Professional and amateur musicians in Afghanistan', World of Music, 21(2), pp. 46-64<person-group>
                  <string-name xmlns:xlink="http://www.w3.org/1999/xlink">
                     <surname>Baily</surname>
                  </string-name>
               </person-group>
               <issue>2</issue>
               <fpage>46</fpage>
               <volume>21</volume>
               <source>World of Music</source>
               <year>1979</year>
            </mixed-citation>
            <mixed-citation id="d1442e382" publication-type="journal">
1981. 'Cross-cultural perspectives in popular music: the case of Afghanistan', Popular Music 1, pp.
105-22<object-id pub-id-type="jstor">10.2307/853246</object-id>
               <fpage>105</fpage>
            </mixed-citation>
            <mixed-citation id="d1442e398" publication-type="book">
1987. 'Principes d'improvisation rhythmique dans le jeu du rubdb d'Afghanistan', in L'Improvisation dans
les musiques de tradition orale, ouvrage collectif, editeur general, Bernard Lortat-Jacob (Paris: SELAF)<person-group>
                  <string-name xmlns:xlink="http://www.w3.org/1999/xlink">
                     <surname>Baily</surname>
                  </string-name>
               </person-group>
               <comment content-type="section">Principes d'improvisation rhythmique dans le jeu du rubdb d'Afghanistan</comment>
               <source>L'Improvisation dans les musiques de tradition orale, ouvrage collectif, editeur general, Bernard Lortat-Jacob</source>
               <year>1987</year>
            </mixed-citation>
            <mixed-citation id="d1442e426" publication-type="book">
In press. Music of Afghanistan: Professional musicians in the city of Herat, in Cambridge Studies in
Ethnomusicology, series ed. John Blacking (Cambridge University Press). With accompanying audio
cassette<person-group>
                  <string-name xmlns:xlink="http://www.w3.org/1999/xlink">
                     <surname>Baily</surname>
                  </string-name>
               </person-group>
               <comment content-type="section">Music of Afghanistan: Professional musicians in the city of Herat</comment>
               <source>Cambridge Studies in Ethnomusicology</source>
            </mixed-citation>
         </ref>
         <ref id="d1442e455a1310">
            <mixed-citation id="d1442e459" publication-type="journal">
Becker, Howard S. 1951. 'The professional dance musician and his audience', The American Journal of
Sociology, LVII, pp. 136-44<object-id pub-id-type="jstor">10.2307/2772074</object-id>
               <fpage>136</fpage>
            </mixed-citation>
         </ref>
         <ref id="d1442e475a1310">
            <mixed-citation id="d1442e479" publication-type="book">
Merriam, Alan P. 1964. The Anthropology of Music (Evanston: Northwestern University Press)<person-group>
                  <string-name xmlns:xlink="http://www.w3.org/1999/xlink">
                     <surname>Merriam</surname>
                  </string-name>
               </person-group>
               <source>The Anthropology of Music</source>
               <year>1964</year>
            </mixed-citation>
         </ref>
         <ref id="d1442e501a1310">
            <mixed-citation id="d1442e505" publication-type="journal">
Merriam, Alan P. and Mack, Raymond. 1960. 'The jazz community', Social Forces, 38: pp. 211-22<object-id pub-id-type="doi">10.2307/2574084</object-id>
               <fpage>211</fpage>
            </mixed-citation>
         </ref>
         <ref id="d1442e519a1310">
            <mixed-citation id="d1442e523" publication-type="book">
Sakata, Hiromi Lorraine. 1983. Music in the Mind: The Concept of Music and Musician in Afghanistan (Kent:
Kent State University Press). With two accompanying audio cassettes<person-group>
                  <string-name xmlns:xlink="http://www.w3.org/1999/xlink">
                     <surname>Sakata</surname>
                  </string-name>
               </person-group>
               <source>Music in the Mind: The Concept of Music and Musician in Afghanistan</source>
               <year>1983</year>
            </mixed-citation>
         </ref>
         <ref id="d1442e548a1310">
            <mixed-citation id="d1442e552" publication-type="book">
Slobin, Mark. 1976. Music in the Culture of Northern Afghanistan (Viking Fund Publications in Anthropology No.
54) (Tucson: University of Arizona Press)<person-group>
                  <string-name xmlns:xlink="http://www.w3.org/1999/xlink">
                     <surname>Slobin</surname>
                  </string-name>
               </person-group>
               <source>Music in the Culture of Northern Afghanistan</source>
               <year>1976</year>
            </mixed-citation>
         </ref>
      </ref-list>
   </back>
</article>
